id,cluster_id
0_7501258,1
0_1241493,2
0_7735951,3
0_1697976,4
0_7103751,5
0_6847662,6
0_6905367,7
0_3885610,8
0_4271027,9
0_1989076,10
0_4221790,11
0_5173500,12
0_4594179,13
0_3455524,14
0_7493938,15
0_1124642,16
0_7581733,17
0_7815244,18
0_7251432,19
0_1526232,20
0_3039739,21
0_4929780,22
0_4396817,23
0_4466678,24
0_6201377,25
0_7767676,26
0_7981197,11
0_1881390,27
0_3233764,28
0_4544481,29
0_271522,30
0_5368721,31
0_3256757,32
0_2621239,33
0_6167424,34
0_3250396,35
0_4208012,36
0_2931496,37
0_4274063,38
0_1941693,39
0_1122921,40
0_2604029,41
0_3767274,42
0_8149896,43
0_1906679,44
0_6031075,45
0_8217872,46
0_3774454,47
0_919753,48
0_7411116,19
0_5484421,49
0_4953563,50
0_6414369,51
0_2350940,52
0_7034794,53
0_6615941,54
0_2412652,6
0_4222045,49
0_706919,55
0_7973887,56
0_2173647,57
0_8161963,46
0_2518119,58
0_5699236,59
0_8153492,18
0_477078,60
0_3479419,55
0_5738885,11
0_6092692,61
0_2800179,62
0_4976521,63
0_4785865,64
0_4433868,65
0_6939032,66
0_8038916,67
0_2575148,37
0_6709786,68
0_7945550,19
0_1494755,69
0_1802938,70
0_1530574,71
0_7883875,72
0_1049827,73
0_1266260,66
0_1229215,61
0_6875347,74
0_392252,75
0_3520617,76
0_3183677,77
0_7760576,35
0_6313224,78
0_1443896,79
0_3775673,80
0_4102182,81
0_2158701,82
0_6334052,83
0_7509041,19
0_4929141,84
0_5593080,85
0_5808189,86
0_148970,87
0_2173134,88
0_5895104,19
0_4080247,89
0_7661440,90
0_1980497,91
0_6275888,92
0_7476282,46
0_7962150,93
0_2115569,27
0_7736449,94
0_6118131,95
0_6158806,96
0_6339196,19
0_3898707,71
0_2029072,97
0_5384290,98
0_7693898,99
0_5762046,100
0_1141191,101
0_5513102,102
0_5689039,103
0_6245686,104
0_2420768,105
0_4048076,106
0_4488446,30
0_8076485,107
0_7037374,108
0_6139643,109
0_530628,110
0_2128753,111
0_1794400,11
0_5703227,112
0_925105,113
0_7182895,74
0_1680306,114
0_1577638,115
0_309136,116
0_7581592,117
0_2963750,73
0_3430463,62
0_3943609,118
0_2678836,119
0_2983965,120
0_1101228,61
0_1991025,121
0_6312808,122
0_1021778,117
0_33352,123
0_4330774,124
0_7535222,125
0_89614,126
0_2239737,127
0_2526190,19
0_6379180,128
0_3888461,129
0_6274441,130
0_3817319,131
0_5691562,132
0_2501769,133
0_7135093,134
0_8086289,46
0_3138964,66
0_4678140,135
0_4554254,136
0_5942714,137
0_3825393,138
0_2453609,139
0_4938114,73
0_4778353,140
0_1893219,141
0_6980858,142
0_7442547,143
0_3498201,113
0_6613727,144
0_4109820,145
0_7714243,35
0_6331468,146
0_6605245,147
0_3665481,123
0_7620786,148
0_2326564,143
0_7300720,149
0_3240581,150
0_5516139,151
0_5384773,118
0_6232215,152
0_139834,117
0_5886344,153
0_3972917,151
0_3643382,154
0_4983796,155
0_632703,156
0_7548526,157
0_2783131,158
0_2295840,159
0_543537,15
0_4131306,160
0_8178135,161
0_3340502,162
0_5065430,15
0_5007329,163
0_2838843,164
0_3326939,163
0_5314171,165
0_4537320,166
0_6740751,167
0_2729668,102
0_7273507,168
0_5240716,117
0_3376845,169
0_2472541,170
0_2007667,171
0_3818795,172
0_6983662,88
0_7243381,173
0_3751143,120
0_1163994,174
0_4103741,175
0_6006751,46
0_1761578,176
0_662042,177
0_4246895,146
0_4478606,133
0_6926442,178
0_578352,97
0_7485559,179
0_409604,64
0_3971994,180
0_7629191,181
0_5152522,182
0_6740557,160
0_4682667,146
0_2664378,183
0_1504036,184
0_6430549,185
0_7718570,186
0_359131,66
0_1075826,187
0_238326,96
0_7120871,188
0_3389950,46
0_4391337,189
0_1132700,36
0_3486220,190
0_514834,35
0_7381787,190
0_4963114,191
0_2240858,110
0_4598015,192
0_4343132,46
0_4177548,179
0_6296089,193
0_1182662,194
0_366096,55
0_7886475,195
0_4761842,101
0_5600097,16
0_5540027,196
0_1051804,197
0_216517,198
0_2185876,199
0_2461152,87
0_7435965,200
0_1336161,201
0_7100064,202
0_2170351,203
0_6086992,204
0_5167453,205
0_7518251,206
0_3218464,207
0_2849310,208
0_6706485,209
0_7855988,16
0_6217418,210
0_5093472,121
0_4015423,211
0_7415583,212
0_6094120,110
0_5645895,213
0_7176048,214
0_1378072,215
0_6265508,15
0_1090538,6
0_6026784,216
0_3225331,217
0_6470417,11
0_6232506,218
0_4501448,219
0_1449335,220
0_5591827,221
0_5708662,222
0_7777963,223
0_2149815,24
0_4860003,224
0_7627566,225
0_6757799,206
0_3701080,137
0_1645693,185
0_4700884,46
0_4403597,226
0_367575,73
0_1595718,18
0_5218655,142
0_6741468,227
0_8229713,228
0_7842324,229
0_5368775,230
0_3821493,152
0_4777963,231
0_2423341,232
0_3023773,233
0_4379316,234
0_3590532,235
0_2029465,62
0_6172284,236
0_2486484,237
0_5114817,238
0_4131323,239
0_5226129,240
0_5877761,241
0_4079600,242
0_2159454,243
0_2476517,244
0_1035524,217
0_5357177,57
0_4106666,121
0_4946413,146
0_195662,161
0_7095420,245
0_8298,74
0_2765988,246
0_3606897,247
0_2528709,135
0_7277222,103
0_2672659,51
0_4571369,57
0_6108009,248
0_7853284,249
0_5690677,250
0_8152507,251
0_4006851,137
0_5474395,252
0_7677750,55
0_8111650,253
0_1033450,254
0_5877862,19
0_833450,181
0_4645753,255
0_1844724,141
0_3236779,40
0_5909299,256
0_6935495,257
0_4652438,7
0_4994653,258
0_3990612,259
0_1870601,248
0_5550401,260
0_8177751,261
0_4286329,262
0_8103119,146
0_1749898,263
0_5728959,264
0_4652113,227
0_8091212,265
0_611971,159
0_2551032,216
0_3528069,3
0_4721081,266
0_579459,267
0_5295460,102
0_5937156,268
0_3740314,188
0_6843401,269
0_5007070,62
0_7501263,270
0_4174400,84
0_3120824,6
0_1359113,11
0_2684931,271
0_4374737,44
0_5463077,121
0_2891142,179
0_4926921,272
0_7157071,259
0_7754443,46
0_3346507,201
0_2987523,273
0_7471645,137
0_1279741,274
0_1330254,275
0_6846740,276
0_4645559,246
0_6101885,46
0_7376753,201
0_2315572,138
0_3766987,145
0_3848182,277
0_6069382,278
0_6036671,279
0_5494738,280
0_700222,30
0_7477688,66
0_4349060,203
0_2747733,179
0_3948089,28
0_497613,11
0_4170400,19
0_1375122,270
0_1067358,126
0_6228571,65
0_7819946,187
0_5291334,281
0_7533420,282
0_3784710,283
0_6641901,117
0_1719713,284
0_4743728,285
0_6922796,55
0_7502907,171
0_6477690,101
0_280479,286
0_1806058,287
0_1116202,65
0_286905,185
0_5740021,39
0_2166690,288
0_2051167,289
0_6956887,290
0_2004873,291
0_1967451,292
0_693242,293
0_75227,159
0_2782469,21
0_2068379,294
0_8023624,295
0_4754103,46
0_8142489,117
0_5902204,296
0_3492010,297
0_1152007,171
0_4728563,298
0_4546188,299
0_6051622,15
0_4934347,300
0_4335245,14
0_1402482,301
0_601226,43
0_2985952,216
0_6496679,302
0_7875508,39
0_512371,303
0_1684525,126
0_3957193,304
0_2245846,15
0_7812555,305
0_2424168,306
0_2397080,14
0_1578199,220
0_2226232,307
0_119421,177
0_2054184,308
0_2678829,40
0_2803809,54
0_1544934,309
0_1518777,206
0_417184,251
0_2089845,310
0_3337720,311
0_1758401,137
0_1411109,117
0_5197586,312
0_375153,125
0_3748049,308
0_2040342,48
0_5788543,19
0_2661275,90
0_4962903,313
0_7424865,314
0_2709886,315
0_6128763,316
0_4673449,186
0_6485766,317
0_3114990,318
0_603179,185
0_1909215,234
0_7770875,319
0_5293306,276
0_2014926,320
0_1929352,321
0_1723390,322
0_5739772,112
0_1053903,159
0_2045057,323
0_667912,298
0_6314246,46
0_323271,16
0_165195,145
0_2321416,12
0_7391301,62
0_3992406,298
0_2821142,248
0_3107471,133
0_2131311,146
0_1918944,248
0_5774436,88
0_3292389,234
0_7678193,203
0_1232964,324
0_4582783,325
0_4159430,326
0_7049461,292
0_2632591,327
0_1522755,328
0_2121256,329
0_4637429,179
0_613282,324
0_4483285,330
0_7143561,179
0_3749298,113
0_1103589,44
0_104626,15
0_7976631,331
0_6035571,76
0_7361335,182
0_4756421,146
0_7967828,177
0_1660651,332
0_5545039,11
0_1972082,120
0_7880174,333
0_5116026,334
0_826073,335
0_4082956,336
0_3174796,3
0_3781576,337
0_1787904,338
0_5820670,339
0_7041890,340
0_626808,182
0_5260480,341
0_4444766,342
0_1973041,119
0_938769,18
0_172077,343
0_1254566,344
0_2563954,278
0_813171,345
0_3828539,346
0_1119412,298
0_8049336,234
0_7678555,347
0_3696835,46
0_6951528,348
0_281133,349
0_5899779,57
0_1370087,248
0_479038,46
0_897360,350
0_6209478,96
0_1915606,8
0_1472403,351
0_5310875,110
0_6643581,352
0_5439086,353
0_6392719,319
0_7788898,271
0_3563234,30
0_1703627,147
0_2413025,117
0_8169197,110
0_627462,354
0_7505195,142
0_2620260,331
0_4720218,355
0_935307,262
0_45735,225
0_7923279,3
0_7138198,356
0_6932666,145
0_838867,357
0_4219179,108
0_6826220,358
0_6833491,359
0_325003,103
0_3832575,360
0_6863210,117
0_3360299,15
0_321187,92
0_154022,361
0_2908681,362
0_484558,363
0_5038556,364
0_6040385,365
0_6387033,216
0_462177,137
0_5228718,366
0_6250896,11
0_1887093,301
0_77677,367
0_8130464,6
0_7552817,145
0_734934,368
0_1272206,369
0_6877958,333
0_4237793,370
0_5098687,371
0_7391025,372
0_6345609,275
0_3833201,216
0_391990,268
0_4724591,191
0_3440655,373
0_4109215,118
0_6551486,147
0_4910247,147
0_3752923,368
0_974987,228
0_2410164,137
0_5747786,159
0_1405070,73
0_6356560,374
0_1889827,113
0_2886647,268
0_2499685,375
0_3683938,316
0_5253170,20
0_7491989,376
0_8196226,117
0_570763,377
0_5385653,16
0_7456214,126
0_4070689,304
0_6029360,109
0_984304,378
0_2143974,73
0_7151257,343
0_1788751,92
0_3096132,188
0_6258165,86
0_7652529,379
0_2511008,145
0_8192255,105
0_7846734,88
0_1847987,174
0_713094,241
0_1614284,11
0_4845056,51
0_1380021,206
0_8166220,380
0_2920077,381
0_1731972,62
0_5388116,382
0_7450319,383
0_2919383,384
0_6254788,385
0_261712,386
0_6258064,387
0_3269893,388
0_1644296,389
0_3532267,390
0_7551191,110
0_3126492,391
0_2863097,96
0_6003824,3
0_2250436,65
0_96087,117
0_6838596,392
0_7854982,393
0_1545092,72
0_8128714,133
0_4106526,240
0_2114458,15
0_3104603,394
0_133615,84
0_3754205,283
0_5287385,395
0_75428,46
0_4772368,396
0_5279519,225
0_6553927,96
0_4101094,382
0_6595902,117
0_103468,16
0_1106778,278
0_5646035,270
0_2874212,397
0_4482814,398
0_5852052,137
0_7838455,4
0_5309473,6
0_3267188,399
0_188008,135
0_1987953,400
0_8123921,401
0_592796,262
0_7122981,216
0_3701710,187
0_4846151,402
0_6855471,403
0_1362105,404
0_741455,405
0_5922977,219
0_1757573,14
0_2300723,406
0_4968303,35
0_2600892,321
0_5439423,407
0_3149648,408
0_3362452,409
0_5391946,410
0_7056275,321
0_3108785,216
0_3218128,411
0_5930689,412
0_1824860,275
0_5135373,77
0_1157165,66
0_2091997,73
0_5293812,413
0_148615,414
0_3190971,415
0_1562399,416
0_7423806,365
0_539501,55
0_6906826,417
0_2757623,239
0_6609913,18
0_5648143,418
0_3086364,229
0_7688722,36
0_4169727,419
0_3281062,8
0_4945994,420
0_4769552,52
0_6956398,182
0_7594970,246
0_5240788,130
0_63134,421
0_5543042,141
0_3784713,147
0_4584455,185
0_610638,135
0_476682,57
0_6035259,422
0_7752645,413
0_1696361,16
0_29788,423
0_2389035,424
0_3573850,221
0_6185418,425
0_1020863,319
0_6737717,386
0_4230,426
0_6188580,427
0_6255198,118
0_320389,428
0_1708260,408
0_4226883,71
0_6564326,429
0_4177763,319
0_319768,186
0_2764699,266
0_757265,123
0_58631,65
0_2315735,430
0_5181058,275
0_6558730,88
0_2749523,431
0_6001884,432
0_3319484,6
0_3367980,250
0_511121,433
0_7102285,42
0_5880000,40
0_3315784,288
0_6254407,434
0_5820329,435
0_1803527,360
0_2226898,315
0_3524730,436
0_1329055,66
0_442625,135
0_4754039,437
0_7971277,55
0_8189650,146
0_6500532,202
0_5434409,438
0_4696684,439
0_349252,440
0_5909569,110
0_7507158,46
0_3069744,441
0_2286902,149
0_6197398,442
0_1873667,96
0_54248,141
0_2959327,76
0_4136860,120
0_8175516,16
0_3501943,443
0_1766188,444
0_8206875,445
0_3384761,246
0_7781897,446
0_7509948,225
0_7061803,126
0_2157783,121
0_5293988,447
0_4370227,11
0_6232067,448
0_7984682,68
0_3403208,449
0_5462099,92
0_7997579,450
0_2130517,174
0_6644254,451
0_7152940,117
0_1076783,137
0_3654148,232
0_7141213,292
0_5425762,452
0_6934767,383
0_7321637,387
0_6056387,137
0_5247368,453
0_625515,454
0_3039314,455
0_1140413,186
0_7753126,177
0_2919245,456
0_3695015,457
0_461264,187
0_459414,179
0_5921325,162
0_2592433,458
0_1779141,65
0_7717453,117
0_4511684,120
0_4810205,214
0_534743,180
0_3485573,459
0_3031886,66
0_6649978,185
0_4255900,414
0_8218328,460
0_2445721,228
0_3780319,353
0_1967453,461
0_1829208,225
0_245335,318
0_8137509,125
0_652232,96
0_5238930,455
0_8006471,103
0_4386157,66
0_1592581,222
0_4361454,319
0_856545,15
0_2797654,275
0_5480854,462
0_1955534,4
0_6243317,103
0_5186175,68
0_5040281,187
0_7417003,46
0_2114786,463
0_7372894,88
0_5729223,446
0_3814711,55
0_6276885,30
0_5552151,15
0_2348392,232
0_5073830,185
0_4678702,117
0_5928947,62
0_351626,464
0_5424064,449
0_3312825,382
0_4360079,465
0_5647811,231
0_1696878,11
0_8146256,466
0_1156522,467
0_4312974,292
0_2287142,180
0_1633954,468
0_7996316,469
0_4304015,73
0_6414391,470
0_3629466,40
0_2218381,471
0_1026506,417
0_6111698,153
0_3947188,472
0_8039486,110
0_2066693,72
0_5249279,8
0_3117077,473
0_5315328,80
0_3014679,474
0_2253527,292
0_4901159,388
0_1158740,234
0_1742975,475
0_2409013,476
0_2536640,477
0_2437392,183
0_5395098,167
0_4381146,161
0_2766286,46
0_2998174,478
0_5101558,157
0_5517973,234
0_4273955,99
0_1927083,135
0_3267274,248
0_3799360,135
0_2359783,105
0_6276946,177
0_5741743,46
0_6027276,479
0_5888692,292
0_1666204,16
0_3687259,480
0_3718580,242
0_8187540,481
0_3722732,387
0_4206501,156
0_2701211,66
0_729748,147
0_1388683,110
0_5063526,16
0_2209234,482
0_2249731,110
0_5797450,429
0_3093306,41
0_5576363,321
0_7854702,201
0_2986450,145
0_7412625,344
0_3420433,186
0_4494916,483
0_6262249,154
0_1241277,243
0_969783,484
0_7127784,485
0_7472259,142
0_7019783,486
0_7224633,90
0_2240652,66
0_6940712,66
0_5932983,487
0_8075906,321
0_7962047,488
0_4706610,66
0_7303414,21
0_1524215,135
0_3362909,76
0_810503,186
0_279122,220
0_7395846,149
0_581086,298
0_2049193,141
0_7721168,417
0_6771220,188
0_2762002,216
0_7028003,437
0_2500717,231
0_5706013,489
0_6274863,490
0_7257369,246
0_1955643,491
0_795889,492
0_2695108,161
0_4633941,225
0_3518765,493
0_5372355,455
0_1318620,278
0_4460113,494
0_4593233,292
0_3111283,495
0_7013784,19
0_6573844,84
0_5612512,3
0_6928697,496
0_6207450,86
0_5454616,80
0_6489272,497
0_5890433,498
0_4510365,499
0_6984295,500
0_940277,62
0_6359894,130
0_5494464,76
0_7653601,49
0_7863829,88
0_3592246,232
0_6579717,239
0_4852395,501
0_633729,74
0_165978,11
0_5166792,142
0_7576492,7
0_4658492,321
0_3357800,246
0_3327806,243
0_1740735,502
0_524803,91
0_1642573,149
0_5021593,11
0_3339335,1
0_980444,503
0_5818443,504
0_1896533,415
0_7824380,62
0_4406917,505
0_5436121,271
0_864671,142
0_8217801,162
0_6867154,351
0_7516336,506
0_731447,507
0_2180001,103
0_876656,72
0_1844701,491
0_4212598,142
0_8172405,508
0_5732603,161
0_7164259,171
0_6178868,11
0_7852109,15
0_6886080,159
0_2978376,509
0_1541038,510
0_6455441,238
0_4808644,511
0_7478503,512
0_6326009,246
0_1016804,121
0_6845636,429
0_3780323,513
0_6732367,514
0_7662707,251
0_1615717,5
0_7528360,275
0_1314645,214
0_377376,64
0_7038216,515
0_1643711,301
0_7943533,147
0_4087749,450
0_6522171,516
0_355937,365
0_3386525,517
0_5450817,518
0_1283848,519
0_1857063,429
0_4925256,92
0_1508496,90
0_6816379,520
0_4593719,292
0_4413061,40
0_2113339,44
0_8101213,88
0_4369109,212
0_7396624,46
0_6138927,437
0_1735789,135
0_7632606,16
0_1096307,62
0_7580564,413
0_3308197,91
0_4116586,516
0_1553614,143
0_6362690,521
0_4707833,522
0_2677135,135
0_5542516,523
0_7279047,524
0_6659578,274
0_1280922,88
0_615302,191
0_147704,525
0_719092,101
0_7950230,46
0_6244600,231
0_4176739,46
0_4716306,225
0_6117622,19
0_1650732,161
0_2704530,135
0_2594338,451
0_4844746,223
0_5713892,525
0_7557249,526
0_4302606,527
0_2719375,148
0_2437858,123
0_1466449,133
0_4851460,528
0_299730,455
0_2217163,529
0_7340563,530
0_142122,102
0_1388845,251
0_2123938,531
0_6872408,171
0_6334999,194
0_679134,239
0_7929263,182
0_3980176,532
0_5015189,3
0_5998990,202
0_3111485,533
0_437511,534
0_6025037,535
0_5407377,248
0_7085535,11
0_6279414,315
0_5373697,71
0_4953203,248
0_6023812,15
0_337091,46
0_1935451,536
0_3755815,537
0_6677682,538
0_139959,334
0_2015951,539
0_4557948,540
0_1760545,219
0_1972769,541
0_3235639,96
0_2390794,16
0_5477607,542
0_2746144,543
0_4934888,319
0_5599766,133
0_1057101,364
0_3699212,92
0_4477102,35
0_6381240,345
0_5474504,544
0_4428613,185
0_1820419,159
0_1997285,240
0_3060067,545
0_2535209,46
0_1058429,76
0_7478110,546
0_5057459,223
0_2480777,193
0_2634617,508
0_5505895,46
0_1120509,73
0_2098452,214
0_3876393,55
0_5627176,44
0_6093729,117
0_7459800,547
0_7484552,62
0_951352,375
0_6229183,9
0_720737,360
0_2107198,8
0_4088206,548
0_2498608,549
0_1471163,550
0_164622,149
0_2768323,21
0_6908436,73
0_2780184,54
0_5560408,9
0_8079227,551
0_5944824,21
0_1193711,19
0_5478495,451
0_2753389,552
0_3114635,553
0_3287274,554
0_4694630,254
0_1628498,40
0_6584664,59
0_5099638,44
0_4532325,555
0_923068,11
0_7531912,292
0_6695041,19
0_6048629,491
0_4060188,459
0_4982158,307
0_3910198,168
0_3213500,88
0_1753162,556
0_3325898,73
0_5551677,374
0_8229116,241
0_7042442,476
0_623865,557
0_156531,289
0_6919948,558
0_6348452,436
0_3568940,271
0_1861809,559
0_7842950,18
0_7207708,560
0_2717445,19
0_2698989,133
0_3945361,117
0_4408397,66
0_2088835,46
0_7603596,561
0_2656017,562
0_2256216,15
0_6019615,563
0_2834370,49
0_1016469,44
0_3415405,5
0_7778888,301
0_3761245,414
0_7802816,46
0_7961472,143
0_3315463,55
0_2895186,61
0_861127,62
0_4293825,564
0_247922,43
0_3709710,565
0_2333570,456
0_556111,183
0_170087,40
0_5794231,87
0_3272139,186
0_3803143,16
0_2609119,318
0_4404507,199
0_7513132,63
0_2421396,566
0_2115293,227
0_3259812,524
0_4201969,567
0_2981299,14
0_4042210,568
0_4064880,484
0_5391533,103
0_7719775,569
0_3768315,179
0_4487572,321
0_3970498,19
0_3145019,159
0_2226391,234
0_3731738,570
0_4217525,15
0_4803909,331
0_6216615,571
0_1369341,301
0_794725,66
0_7624718,186
0_1957802,44
0_5985167,161
0_7272170,55
0_3465153,572
0_7212734,573
0_6255018,387
0_2118505,516
0_6105292,417
0_1398729,125
0_652355,574
0_5312235,575
0_6890830,432
0_3262995,576
0_2644958,577
0_5194316,117
0_5763608,236
0_3554129,578
0_2364721,579
0_1729812,135
0_861798,46
0_6876903,319
0_8139175,580
0_2354569,581
0_4764319,582
0_4804924,145
0_5567046,19
0_480909,34
0_1742793,491
0_2740513,117
0_1255847,130
0_2129950,30
0_4831473,583
0_8150760,584
0_2721322,216
0_6284000,39
0_4312516,298
0_7420329,158
0_4902061,254
0_3459424,437
0_6388410,164
0_3705482,302
0_1809834,254
0_5698571,250
0_7954995,149
0_273203,92
0_8010865,585
0_6309226,186
0_6788977,187
0_239394,508
0_3396927,374
0_4146434,586
0_5887844,587
0_5468698,468
0_897963,588
0_3725556,589
0_2572872,216
0_3468767,374
0_3778567,590
0_5339533,186
0_6332128,525
0_2091649,125
0_5619550,204
0_6170323,130
0_6494014,206
0_127892,350
0_3510879,591
0_6378841,77
0_5138220,3
0_7366526,592
0_6465147,593
0_4555262,594
0_1527059,595
0_4561717,117
0_7127640,566
0_813602,262
0_3150551,11
0_2804474,596
0_1214516,597
0_1791777,598
0_6125341,486
0_5659116,57
0_1218582,248
0_1922086,46
0_1628866,88
0_6436008,97
0_7677054,86
0_7347941,15
0_4975440,241
0_7881595,599
0_7217447,216
0_794009,221
0_5980833,600
0_7157599,601
0_5332215,2
0_6741408,602
0_2925614,568
0_8228874,4
0_7000470,415
0_4256139,186
0_825591,141
0_1742710,250
0_1005754,239
0_3282874,46
0_7110537,603
0_6021051,604
0_6277652,241
0_5608865,90
0_3762484,605
0_5413231,606
0_508285,304
0_2119726,126
0_7980332,135
0_2454157,44
0_433377,607
0_2566372,413
0_7767986,246
0_2717289,608
0_7641646,292
0_1195655,110
0_5844651,609
0_2794705,610
0_4432901,611
0_2084829,6
0_6692354,554
0_1126646,522
0_1459568,121
0_7584490,612
0_4907324,455
0_921684,164
0_2955910,11
0_5193830,466
0_6046254,46
0_3099867,136
0_8169498,585
0_249257,74
0_3466722,117
0_4476336,516
0_5303151,275
0_6461010,217
0_6226408,66
0_358244,459
0_2773162,613
0_6943879,84
0_7707728,161
0_5041853,614
0_5443834,615
0_6251755,616
0_4968590,617
0_5110259,618
0_759558,301
0_845041,619
0_5706187,262
0_6845737,239
0_204647,9
0_4614937,46
0_1819527,43
0_5843304,620
0_195031,109
0_7268382,243
0_2370828,201
0_5027523,621
0_3613527,622
0_7252957,623
0_438917,410
0_2187436,44
0_4533438,97
0_7172798,390
0_3675157,3
0_5973602,4
0_394528,624
0_4187381,625
0_4256151,626
0_1880234,254
0_1033554,123
0_4487617,227
0_2218254,627
0_1950505,536
0_7652987,141
0_2431780,234
0_6718400,179
0_2692321,123
0_4809802,628
0_6247518,416
0_7236172,629
0_7737355,459
0_7137614,40
0_4527679,503
0_1687843,6
0_7936944,214
0_7278588,415
0_2683192,268
0_5315537,630
0_7952794,149
0_3244098,168
0_502515,631
0_6679264,632
0_4026597,491
0_1443626,216
0_492925,11
0_1789242,633
0_4982875,634
0_5523769,113
0_2727820,46
0_4411368,635
0_7228044,636
0_6630517,637
0_1291674,294
0_5179983,14
0_3442730,173
0_6415967,65
0_3420920,248
0_6370004,638
0_1789581,46
0_7657798,240
0_2209423,185
0_4477708,14
0_1936575,639
0_6457815,640
0_1979204,292
0_8137054,641
0_3038758,414
0_2942558,642
0_856245,185
0_6906225,16
0_6646898,6
0_3131820,165
0_3008161,324
0_5852076,294
0_2964226,24
0_4856818,195
0_3075538,579
0_6766370,227
0_5258212,485
0_7184635,9
0_6798344,88
0_1844255,643
0_4675268,468
0_87493,644
0_5028204,645
0_5834928,268
0_5545258,646
0_8031323,225
0_7774783,254
0_720434,66
0_776330,304
0_29417,201
0_4195169,315
0_6332152,206
0_3378573,239
0_6000482,11
0_743302,647
0_3187599,648
0_199837,649
0_4251255,65
0_1819917,586
0_3675019,210
0_4943002,46
0_4043402,377
0_7965899,650
0_1706424,250
0_927373,141
0_2288245,583
0_5608459,20
0_8114418,557
0_3203496,125
0_3610875,219
0_2974014,651
0_2181394,101
0_4986588,227
0_2445266,455
0_2398624,652
0_6235790,91
0_2530376,653
0_8158594,34
0_7453775,654
0_3682777,210
0_3155160,135
0_951870,46
0_5561922,455
0_7874290,655
0_6843520,294
0_2108832,125
0_7165233,656
0_3170840,62
0_1114040,181
0_1739535,110
0_2327177,439
0_2972432,238
0_4604175,117
0_7388842,123
0_6698830,657
0_3204847,216
0_2802153,196
0_7991574,229
0_3032144,297
0_2330939,268
0_2992480,250
0_54945,241
0_4856155,658
0_5718469,388
0_3028145,88
0_5571088,659
0_7014190,231
0_2839328,660
0_4919729,262
0_5962363,49
0_902703,661
0_6415963,662
0_7726221,550
0_393460,663
0_7398945,187
0_5344465,664
0_1069089,274
0_7366816,665
0_3378168,174
0_4388499,227
0_6137955,234
0_1254233,8
0_5433134,666
0_1905743,301
0_155093,292
0_2038876,91
0_3740777,18
0_4467224,41
0_1383277,388
0_7172234,6
0_4567404,667
0_193177,324
0_360997,185
0_2853988,668
0_1793425,15
0_7990191,669
0_3457701,62
0_2163381,670
0_1670189,245
0_8230472,671
0_6599884,672
0_790270,673
0_1532217,12
0_799958,446
0_3292387,37
0_6588258,216
0_2173179,3
0_3328118,65
0_313343,210
0_5494352,674
0_6917697,316
0_5407466,110
0_5283763,675
0_5342475,92
0_3696046,676
0_3715699,157
0_5302284,677
0_4608892,678
0_6156404,186
0_3737640,130
0_4552969,679
0_4793833,446
0_5066471,680
0_5501682,48
0_6251636,681
0_742492,75
0_5278080,5
0_7776866,682
0_3486945,239
0_977393,19
0_776862,683
0_5919219,231
0_7435427,96
0_1454935,117
0_310197,351
0_3449493,684
0_1093118,49
0_3197227,685
0_1378699,35
0_2700218,686
0_161930,94
0_1725917,88
0_3447166,687
0_2270463,49
0_27389,688
0_6644779,459
0_4951777,689
0_128500,374
0_7611116,230
0_4051337,177
0_5035060,204
0_8032003,690
0_3388030,113
0_7581731,186
0_6454259,216
0_4640372,86
0_1494134,350
0_148971,190
0_3157506,15
0_7747517,691
0_7269092,149
0_4755553,3
0_3930113,190
0_359579,46
0_817688,46
0_1105071,194
0_4537019,473
0_2092142,429
0_8078017,692
0_5073903,3
0_5169938,455
0_1866829,19
0_8148672,693
0_423922,174
0_7732439,301
0_2844533,319
0_2937057,579
0_5330665,455
0_6763667,694
0_6225771,135
0_2589854,695
0_1434712,696
0_2313002,626
0_5777055,210
0_1030368,451
0_1449823,11
0_2790590,123
0_6009622,234
0_4929903,697
0_7422278,115
0_2432147,92
0_2160800,698
0_5716433,699
0_5995681,55
0_7601276,700
0_4198819,701
0_1565996,61
0_7744937,390
0_2946064,702
0_2668586,73
0_4671322,703
0_3710884,73
0_3943927,704
0_603929,19
0_7065033,84
0_4108773,103
0_3636625,705
0_1373441,459
0_5355403,46
0_3576934,19
0_3272064,641
0_4272444,262
0_598216,239
0_7659808,119
0_7414085,241
0_5364784,502
0_5476132,216
0_5810674,374
0_885456,234
0_2554795,375
0_7118975,374
0_6871114,706
0_5778459,707
0_5306024,708
0_5014041,467
0_6828137,282
0_5403520,709
0_4633765,12
0_4901087,710
0_6767653,711
0_7152272,712
0_4536547,713
0_1754006,714
0_864176,165
0_7504951,248
0_1261178,88
0_2693635,125
0_5136358,344
0_3773181,190
0_4843214,278
0_2122973,135
0_1405562,173
0_5831974,478
0_4199226,715
0_5450256,188
0_4754284,525
0_7532679,46
0_5295116,306
0_5692648,234
0_826596,73
0_5493424,63
0_1003304,237
0_4648277,360
0_2999339,446
0_4113916,188
0_2076046,174
0_1885520,716
0_5545229,462
0_3389546,21
0_2535605,156
0_7028428,19
0_4561791,717
0_7693389,19
0_7824224,718
0_7294031,719
0_5936784,8
0_4224899,720
0_2122485,5
0_5475569,721
0_7065736,617
0_7975332,652
0_4785491,77
0_1914626,722
0_1949035,723
0_6376863,724
0_5573205,583
0_5649618,248
0_6212952,305
0_3926363,502
0_7890897,725
0_7131915,726
0_1057353,125
0_172233,73
0_2668248,190
0_7619113,94
0_6203637,191
0_6514229,68
0_2422586,62
0_4799026,387
0_3452833,727
0_2858410,55
0_6992398,455
0_8218585,297
0_5075203,728
0_7284581,206
0_3991621,30
0_5426142,246
0_2203449,729
0_5058470,730
0_5611321,30
0_1488299,607
0_1943208,302
0_7319499,92
0_396978,731
0_194077,55
0_1326515,318
0_5333567,732
0_6401035,583
0_7270836,73
0_3845818,733
0_6159627,66
0_3359689,472
0_5156551,123
0_2157658,734
0_7495709,624
0_2514075,735
0_7553688,274
0_2017071,301
0_5855024,736
0_7737716,209
0_3927867,187
0_130045,117
0_7635037,737
0_4992468,266
0_644756,738
0_5661001,474
0_237857,568
0_5462468,162
0_6913760,61
0_4563277,147
0_4309318,522
0_5651730,739
0_7154831,154
0_3822815,429
0_7551280,441
0_5631207,740
0_7405942,604
0_447293,262
0_766702,75
0_4204864,179
0_7560424,288
0_1936915,374
0_7564119,46
0_1728641,741
0_7438859,46
0_6691280,156
0_1123369,251
0_6032250,6
0_2609170,186
0_3587551,151
0_2924808,110
0_7555646,65
0_4917556,190
0_4055986,106
0_1101753,30
0_556896,742
0_7276177,132
0_4890336,18
0_2441504,190
0_6704629,159
0_6017423,64
0_796975,743
0_7100449,744
0_5029872,46
0_1762141,745
0_6208170,135
0_7453345,746
0_4351151,388
0_6745845,334
0_5739970,157
0_3481865,747
0_5797166,668
0_4795726,228
0_3415254,210
0_7748707,748
0_8171400,101
0_5692742,210
0_754917,239
0_4696053,19
0_7894179,91
0_7182180,749
0_8121598,294
0_6233036,97
0_3845552,598
0_5280168,117
0_5506768,84
0_5857855,267
0_4770223,1
0_2624009,16
0_1609269,186
0_6303837,532
0_6468640,72
0_1121567,76
0_1971519,135
0_5834814,301
0_3416865,152
0_2155279,9
0_4255144,750
0_2739692,74
0_2562882,388
0_1181261,751
0_8164487,502
0_6154598,271
0_8007790,84
0_6993002,752
0_6471804,753
0_3804871,319
0_490343,569
0_72841,754
0_6842699,234
0_1222181,3
0_5232787,755
0_343001,681
0_4949832,181
0_938476,310
0_2119368,756
0_4366700,46
0_4579269,201
0_540837,757
0_2831593,35
0_7614553,758
0_4840411,759
0_6232540,760
0_1246032,368
0_3654294,55
0_5161581,88
0_6954081,221
0_1511971,90
0_2544742,761
0_1497069,762
0_8106743,719
0_6031853,216
0_6261425,76
0_1111107,763
0_7538792,19
0_784976,318
0_1159731,517
0_5747608,117
0_5138648,27
0_3730067,19
0_218418,764
0_3779362,168
0_5806021,765
0_1372019,248
0_3268031,15
0_6006891,766
0_6719870,603
0_3599877,767
0_8142482,735
0_4080999,768
0_5876574,278
0_2996020,46
0_3245278,234
0_3931316,769
0_1899166,142
0_1924253,149
0_4045120,770
0_4383552,8
0_5021560,88
0_7632247,525
0_6393721,117
0_3114339,152
0_1326544,117
0_7801726,268
0_4411527,225
0_3112120,267
0_1759855,246
0_2015535,764
0_7770683,292
0_5251505,771
0_2775776,772
0_2697287,197
0_6067659,18
0_2780946,773
0_4298401,187
0_2866171,73
0_3640298,642
0_5761902,216
0_5920349,298
0_6608915,774
0_6828142,30
0_5642973,550
0_2844616,19
0_6313048,6
0_1823747,181
0_1069250,394
0_7168531,30
0_3912682,11
0_4412330,775
0_85189,92
0_470409,62
0_5176915,776
0_5097174,190
0_1264022,117
0_5743376,191
0_7366254,73
0_4519864,262
0_144804,74
0_888997,92
0_5114269,777
0_4303270,62
0_1131129,92
0_938115,467
0_2355162,778
0_37701,15
0_558521,779
0_798547,780
0_4047109,70
0_7360958,781
0_7023271,73
0_4184269,782
0_4162834,783
0_1263519,117
0_7876204,61
0_2482009,456
0_1018164,784
0_3385142,214
0_2885082,473
0_2532778,645
0_4884173,331
0_7147341,262
0_5169129,785
0_7205730,786
0_7650316,374
0_4044418,16
0_2339003,88
0_2246658,787
0_6608932,44
0_7752869,495
0_7462457,334
0_3262943,185
0_5700242,202
0_5991134,83
0_7116168,291
0_527480,275
0_3495173,788
0_1474455,432
0_6449746,240
0_1335627,59
0_353973,789
0_3784503,208
0_290108,44
0_2482421,790
0_5359888,125
0_1131872,791
0_4306805,544
0_5255862,15
0_3762468,792
0_7254539,66
0_5951978,793
0_5256604,76
0_1768708,353
0_4829573,5
0_768645,142
0_7357890,304
0_3895751,179
0_7899104,18
0_1226970,88
0_1311354,236
0_1825513,231
0_4877215,360
0_1783007,65
0_5722803,147
0_158499,472
0_3884192,288
0_5919948,137
0_1896636,240
0_1433915,46
0_7385165,146
0_5262057,268
0_7454230,794
0_7258067,241
0_2678805,282
0_369323,211
0_3816791,795
0_626259,796
0_8204422,117
0_3045907,44
0_5422314,130
0_4403746,797
0_4675625,310
0_6418107,46
0_1989196,798
0_6700468,799
0_4189664,583
0_1356999,204
0_7215764,800
0_85599,725
0_6608258,185
0_7598804,801
0_323638,566
0_5831959,46
0_5394008,607
0_8129974,74
0_2768122,88
0_933971,455
0_1558342,11
0_3246009,88
0_5170442,539
0_2398691,238
0_6902761,802
0_6640057,59
0_1978944,220
0_6754719,92
0_1688251,234
0_3258047,694
0_1312918,446
0_7116477,14
0_6805762,56
0_3835818,120
0_7399329,199
0_3353736,429
0_3837671,88
0_6258626,803
0_1782358,20
0_3524476,413
0_1117514,46
0_2670531,244
0_3151850,450
0_2894715,804
0_1593860,805
0_5860600,806
0_2124782,807
0_4890710,96
0_6760251,19
0_2590091,15
0_5804570,275
0_6490961,8
0_5513161,181
0_7517209,222
0_1852027,645
0_3544306,65
0_5436435,446
0_1318999,808
0_1559018,19
0_303976,216
0_7390724,566
0_1183487,162
0_6663,809
0_6854582,392
0_5157120,810
0_6780586,97
0_5084593,28
0_7650777,146
0_2724355,3
0_6388858,811
0_2500608,21
0_859231,292
0_3065858,227
0_2442804,331
0_5078641,97
0_7001801,812
0_7232921,96
0_7298790,813
0_5895861,46
0_1516013,35
0_7924109,18
0_1101073,66
0_7057600,433
0_1429024,55
0_3158456,814
0_5852989,65
0_584086,219
0_6993928,145
0_4332947,243
0_2683517,126
0_5345928,1
0_985692,434
0_1248737,137
0_1256184,815
0_5958744,816
0_1140507,817
0_819689,199
0_7546384,15
0_2840802,123
0_6862635,818
0_1886859,5
0_398702,254
0_2735947,91
0_3847939,211
0_4297534,270
0_916942,191
0_553958,46
0_5061315,585
0_8040052,44
0_7953409,270
0_4633924,568
0_5647261,211
0_6201305,585
0_257757,583
0_7327963,71
0_257005,387
0_1012189,819
0_5503002,216
0_2697319,19
0_3162685,820
0_224733,271
0_2304838,229
0_2987683,222
0_4174322,173
0_1821442,190
0_5924075,182
0_773304,24
0_7199878,821
0_3069545,822
0_4379185,823
0_3488803,824
0_365913,104
0_7383915,825
0_4053016,231
0_2415285,826
0_3392441,413
0_67638,827
0_4477176,828
0_2032454,829
0_5442141,102
0_8092123,265
0_2863499,183
0_3105024,76
0_6002853,199
0_5225501,645
0_2446896,253
0_5737765,84
0_2499908,467
0_1069557,462
0_3849804,1
0_1100732,137
0_2393847,274
0_5882649,230
0_3225332,142
0_4999149,85
0_4979999,266
0_2732060,830
0_197148,84
0_1288524,187
0_448925,35
0_2516978,15
0_5958799,64
0_501111,16
0_1976162,216
0_3306776,246
0_5028460,447
0_518207,36
0_4401163,152
0_6098293,831
0_7089804,161
0_1329477,183
0_3834547,466
0_592137,46
0_5324673,832
0_1645394,15
0_3622964,833
0_1015734,161
0_4639577,834
0_6230691,835
0_7424801,117
0_137565,162
0_734237,55
0_4715363,30
0_7684931,46
0_4552716,143
0_2986370,836
0_7288998,74
0_7828880,837
0_277926,183
0_5234916,838
0_1330918,2
0_1241196,839
0_1572491,15
0_5853075,840
0_2908774,246
0_1882883,841
0_4042118,377
0_4755504,187
0_727976,842
0_485747,187
0_7024541,149
0_867246,843
0_2027734,201
0_7911163,321
0_1220504,467
0_4122710,291
0_1922748,117
0_5624106,305
0_7634986,727
0_7998235,156
0_2937043,6
0_3767104,92
0_3073031,844
0_1696884,15
0_7419890,334
0_4935493,199
0_1467891,21
0_2912494,304
0_783269,234
0_7881883,88
0_1260206,227
0_7870859,845
0_3074020,846
0_8213978,46
0_1834478,66
0_3235047,358
0_6093712,220
0_7029805,847
0_6063136,848
0_7974065,119
0_327868,66
0_3908600,623
0_1402086,240
0_5327858,267
0_3260159,849
0_6847083,301
0_5171933,480
0_556265,79
0_7840119,180
0_741114,76
0_3515866,850
0_3899284,851
0_2690375,156
0_6131594,125
0_1036942,216
0_2650133,241
0_6561016,641
0_3983391,852
0_7447942,450
0_906078,46
0_7961718,243
0_7536990,141
0_1946836,853
0_1881402,46
0_6354388,298
0_1786097,854
0_8107350,738
0_2051883,125
0_4772594,27
0_330349,855
0_1416104,157
0_6144484,78
0_4290088,73
0_7831233,669
0_1739253,77
0_3473224,6
0_7361487,135
0_5137983,55
0_6681197,76
0_7146489,121
0_7809271,856
0_724541,857
0_3081655,133
0_1097113,858
0_7486451,859
0_654459,242
0_6075834,467
0_304943,860
0_1008131,86
0_2103755,491
0_2317138,8
0_4116197,627
0_6353152,861
0_4159754,113
0_7191714,561
0_6880129,66
0_5026806,187
0_5283981,579
0_2820756,232
0_2304815,87
0_1955412,862
0_4462632,373
0_4399460,64
0_5010115,456
0_5154285,174
0_7942754,863
0_177412,206
0_5333964,46
0_2733469,187
0_2178063,864
0_5459012,865
0_3341562,866
0_3961513,867
0_6428398,321
0_3450317,868
0_4106176,869
0_3076010,870
0_5864129,871
0_4229162,46
0_915414,6
0_2792702,271
0_4676790,122
0_5967214,872
0_4748270,516
0_6676734,43
0_4494320,873
0_6213430,874
0_8203758,160
0_317087,23
0_2870423,92
0_3810203,19
0_4862587,727
0_267877,263
0_6755699,585
0_1071585,117
0_2540208,73
0_131673,11
0_7206000,237
0_2344190,137
0_3714527,875
0_2194245,30
0_4498661,185
0_3198364,126
0_297221,429
0_6734882,876
0_3305693,268
0_2593122,6
0_2376208,877
0_1551690,878
0_8217153,8
0_2061451,169
0_5258337,152
0_7229912,14
0_3093660,185
0_5613659,455
0_5861234,19
0_5189348,382
0_3893211,181
0_65233,719
0_5133595,331
0_6954388,454
0_3537592,866
0_7651536,879
0_7769267,305
0_5864639,373
0_6392022,188
0_4008138,880
0_4802271,212
0_1932909,6
0_3334962,77
0_2729868,881
0_1431543,882
0_6754345,225
0_3157034,297
0_3934692,196
0_5906460,227
0_3305708,883
0_1875943,884
0_629014,303
0_1476904,244
0_6289946,66
0_2899532,885
0_1507165,76
0_6975760,135
0_6157244,6
0_5488566,514
0_6655851,142
0_3358237,725
0_1315596,55
0_1313642,392
0_6871878,886
0_4315755,732
0_8181147,46
0_3486963,40
0_154117,869
0_4815890,239
0_7809896,382
0_6445217,887
0_5865266,888
0_1320931,889
0_2958279,239
0_2665342,135
0_3246869,153
0_2681569,88
0_5209420,890
0_1446252,164
0_1386973,891
0_6867924,623
0_5856188,49
0_2061422,84
0_2885244,429
0_7695330,181
0_4135824,214
0_699972,892
0_6295224,48
0_3335674,66
0_2706748,569
0_424916,96
0_908795,141
0_7468127,142
0_2044698,331
0_7509906,241
0_5659505,893
0_1183001,306
0_5585476,288
0_3087654,46
0_2210589,240
0_5848607,118
0_3256683,894
0_5119889,185
0_4778826,135
0_7260723,135
0_7548435,114
0_4507511,407
0_7237245,895
0_6363519,62
0_3522136,896
0_5954643,186
0_2660984,390
0_6424828,306
0_2182352,332
0_2725309,514
0_2121455,88
0_5843454,301
0_6097703,292
0_954812,897
0_4270806,248
0_6673444,183
0_3111356,586
0_6448039,360
0_4396013,117
0_1235299,3
0_7954103,827
0_6786681,898
0_1243981,46
0_5587553,11
0_565004,580
0_6265226,185
0_1771037,156
0_7949439,251
0_5609776,516
0_74878,899
0_661498,71
0_3313683,900
0_3352796,190
0_1201175,298
0_5727538,901
0_4072639,902
0_2929334,903
0_5410115,44
0_4117463,292
0_3558047,73
0_3653719,292
0_6748969,544
0_4304273,11
0_1852676,904
0_7381662,216
0_256196,319
0_7505716,586
0_7387925,248
0_1344078,468
0_7651783,905
0_575205,186
0_5996260,906
0_2537924,46
0_432583,74
0_3493310,62
0_7882381,907
0_2570883,177
0_5147090,887
0_3692839,259
0_1742719,92
0_3683096,202
0_3094857,647
0_5509091,437
0_6414701,908
0_2119488,162
0_1601918,194
0_356071,909
0_5193880,331
0_1241618,56
0_5723865,910
0_1308229,91
0_6468518,217
0_931034,911
0_3461962,139
0_1784670,489
0_4743011,197
0_7872063,125
0_6388767,159
0_3665915,18
0_6510336,316
0_661283,248
0_8152910,451
0_6053282,912
0_4581153,462
0_6112794,462
0_6432309,52
0_3208315,234
0_4981557,164
0_489840,16
0_2324286,31
0_2206001,46
0_540855,186
0_1401383,216
0_811468,147
0_2426541,15
0_1634647,110
0_73236,913
0_7702781,15
0_1988260,227
0_1831419,55
0_1573991,19
0_6067382,544
0_5092257,292
0_1329068,914
0_2606026,915
0_4094079,262
0_758665,916
0_7087163,450
0_3805710,917
0_5212942,159
0_4023892,677
0_501102,96
0_6267886,43
0_5101856,64
0_4222227,102
0_5461025,125
0_7354377,46
0_3352734,193
0_1232480,254
0_5985572,214
0_250647,918
0_2081088,104
0_5218731,919
0_7287159,117
0_916057,54
0_5739411,225
0_7261632,15
0_2565543,920
0_7958601,8
0_4694267,212
0_1688001,921
0_1813367,922
0_5738646,508
0_113360,324
0_2375219,923
0_3812384,216
0_5001701,65
0_4047814,420
0_3423976,62
0_4854365,924
0_554197,925
0_1096877,120
0_6389452,52
0_2675647,266
0_1805181,141
0_3254236,926
0_5901005,927
0_2364766,814
0_2545217,234
0_7640374,40
0_3360252,925
0_92516,298
0_918393,126
0_1790738,148
0_7983724,857
0_5617690,321
0_2952243,88
0_1449476,321
0_2788005,514
0_5100870,388
0_5733748,22
0_437957,928
0_7543141,929
0_2003390,456
0_5126691,321
0_582864,133
0_7413668,73
0_1640444,930
0_7558099,931
0_1818556,79
0_7506615,449
0_426078,932
0_1261794,933
0_5997364,597
0_6369336,387
0_1214335,450
0_4372219,54
0_3450251,934
0_4003910,190
0_2180480,137
0_2055502,76
0_3556291,84
0_1960780,935
0_4885171,429
0_1003453,936
0_8098099,66
0_5258441,117
0_1563698,66
0_4798017,179
0_1610261,49
0_7692619,566
0_5686367,19
0_7622140,206
0_5522647,392
0_7492636,46
0_2683021,502
0_3904607,791
0_5918107,937
0_2588200,78
0_3631905,103
0_8048386,938
0_7427541,939
0_5895022,716
0_2372498,462
0_1875661,940
0_7413386,190
0_7091754,462
0_7967429,34
0_3288826,813
0_1719052,941
0_7408971,186
0_7065395,234
0_1260054,455
0_1091613,742
0_6369199,738
0_5437887,262
0_1077580,762
0_7011078,942
0_314789,429
0_24606,216
0_2974062,943
0_4167702,808
0_1853675,216
0_4496959,137
0_3499966,944
0_7368006,945
0_1664785,387
0_1213339,946
0_7353037,492
0_4661099,331
0_3699834,122
0_5000854,947
0_5743546,15
0_2881352,319
0_2163342,239
0_357779,219
0_4772986,948
0_7148741,39
0_2869689,949
0_3743766,3
0_5909540,46
0_7294446,724
0_7956070,292
0_4328065,950
0_1645111,158
0_6616717,899
0_5029478,262
0_2504849,319
0_4174662,133
0_2573166,16
0_1837652,65
0_1089782,286
0_2790837,315
0_6652454,102
0_7273477,186
0_2291625,158
0_6365367,817
0_6566997,66
0_6253848,417
0_5882761,429
0_2425198,318
0_1720552,250
0_573243,248
0_1935050,433
0_8037704,130
0_2882058,951
0_1907156,761
0_6028041,952
0_5491421,680
0_161717,928
0_6978815,953
0_1219768,6
0_7305006,39
0_8091189,96
0_2832256,437
0_2953093,954
0_876654,192
0_4701301,164
0_2076859,1
0_5620812,216
0_1900002,230
0_5844344,88
0_8097198,456
0_7738435,187
0_8228052,955
0_4860589,516
0_3693845,540
0_347678,137
0_5534549,717
0_5410233,187
0_492982,732
0_2862303,725
0_5122364,254
0_1788442,717
0_456634,62
0_4429100,291
0_2193797,484
0_2508414,956
0_7683083,384
0_4335405,898
0_5651303,879
0_6632431,957
0_3245624,165
0_6598396,246
0_1255353,958
0_541887,6
0_1151590,11
0_5637229,959
0_2199394,262
0_2617804,960
0_3660029,645
0_2772965,241
0_1107200,164
0_6314260,423
0_7660968,241
0_1354783,23
0_1871758,961
0_1487875,250
0_3652094,962
0_1128664,21
0_5842536,963
0_2180437,719
0_777759,62
0_4907680,964
0_939098,617
0_1368892,921
0_5658343,492
0_423837,566
0_1265167,761
0_1891458,824
0_2763343,566
0_817102,123
0_930437,635
0_5803035,187
0_3102257,315
0_2819693,965
0_6473673,159
0_5877497,239
0_4142057,16
0_5336234,493
0_1294775,46
0_6167167,451
0_1920938,171
0_1531934,165
0_1377601,16
0_3041093,197
0_5683906,641
0_3491779,125
0_1971775,174
0_6350996,966
0_851179,967
0_7198352,83
0_4568026,968
0_8231036,147
0_3961173,415
0_5967241,88
0_2218230,305
0_4067324,48
0_3341984,377
0_6807825,506
0_1768065,455
0_1945884,65
0_5466900,181
0_6460051,117
0_1096289,66
0_3769744,3
0_1575225,268
0_2623849,429
0_4036525,969
0_2629422,40
0_5940812,137
0_1386232,970
0_4797034,301
0_1636116,76
0_7371600,971
0_3845902,972
0_2629590,973
0_1170105,187
0_3620755,304
0_4821615,73
0_4643433,76
0_6394988,179
0_523856,974
0_4234409,803
0_1032831,75
0_1178496,585
0_7141544,975
0_7143150,72
0_5154752,46
0_5825064,212
0_6533947,976
0_733645,113
0_5864556,321
0_8114599,292
0_256787,55
0_5490612,540
0_3166794,188
0_3075837,49
0_1122730,40
0_7463188,159
0_5994063,977
0_6787883,136
0_4928559,73
0_5722389,273
0_771332,123
0_2107519,76
0_5613657,262
0_6114494,121
0_7885888,978
0_3710575,318
0_2759759,414
0_7554631,126
0_6514432,977
0_5336659,365
0_5558430,466
0_4106443,319
0_6309895,137
0_7692794,135
0_6520683,97
0_5621038,364
0_1383381,133
0_1894591,979
0_8058049,73
0_6102419,125
0_1659866,456
0_2525926,262
0_5121514,46
0_1001467,119
0_3739816,980
0_4291248,297
0_5007514,500
0_1585819,500
0_5728367,2
0_7114114,271
0_5817959,57
0_6914550,222
0_5478834,40
0_1328999,304
0_248304,668
0_3448609,154
0_865699,240
0_3187668,84
0_7015501,244
0_5206664,199
0_3347099,6
0_6569608,981
0_1974537,542
0_5839015,19
0_6660920,245
0_4862979,544
0_4524182,270
0_3802760,982
0_4622979,983
0_5052676,11
0_6661290,984
0_4595143,96
0_1817788,145
0_7477737,141
0_2381678,540
0_2063335,63
0_2227938,3
0_3701664,214
0_7374250,65
0_4914861,985
0_270398,986
0_6623707,135
0_3921907,36
0_3279588,566
0_495823,96
0_3685208,241
0_2065637,201
0_5777263,105
0_5919025,532
0_204614,303
0_4773540,117
0_618673,429
0_7084970,936
0_3510628,217
0_4372023,14
0_1155168,65
0_6123367,73
0_3476768,987
0_5271953,102
0_4205418,373
0_7147517,66
0_6305020,988
0_4186679,989
0_6531250,3
0_458255,137
0_796625,990
0_3102586,6
0_6734218,991
0_4305394,771
0_2385855,222
0_5386693,304
0_5686132,771
0_109702,29
0_4524512,66
0_6115592,992
0_1014865,297
0_361451,248
0_3343830,732
0_8109179,49
0_7951105,239
0_2889253,55
0_7069290,90
0_6775280,137
0_5571047,55
0_3484000,19
0_5443372,281
0_5110054,19
0_3210635,268
0_6027020,188
0_5986314,277
0_201289,15
0_6088703,660
0_5012289,993
0_7885314,241
0_6406589,11
0_4116921,583
0_6574102,994
0_194652,3
0_5000016,995
0_312451,18
0_3181830,220
0_7643014,179
0_6099495,396
0_3050834,516
0_8066489,243
0_5024090,187
0_1492122,9
0_6313637,996
0_3042998,373
0_3495854,301
0_5954111,898
0_4117251,732
0_7563529,271
0_5318607,304
0_5057325,46
0_4658276,954
0_3558447,763
0_2104385,48
0_6498349,5
0_3409298,18
0_7057021,732
0_4513797,417
0_821055,997
0_877661,94
0_6948355,998
0_4307674,15
0_2244752,15
0_5661957,298
0_4782246,999
0_4840750,723
0_5001942,1000
0_2073176,87
0_6468577,117
0_1050909,356
0_3201597,1001
0_8121889,327
0_5802944,125
0_244664,95
0_8140118,142
0_3938910,135
0_7237271,1002
0_7296348,135
0_1151511,424
0_7703180,227
0_3700682,8
0_5978474,179
0_7881248,234
0_6219309,509
0_441708,234
0_7153628,135
0_982314,130
0_3129436,181
0_7250025,204
0_5862066,267
0_1213403,49
0_7975384,914
0_7129480,1003
0_3586999,538
0_2341849,278
0_1148671,117
0_7666219,267
0_2943984,181
0_8008521,236
0_6719745,1004
0_3633003,191
0_220224,429
0_6586168,1005
0_7300400,1006
0_2078253,76
0_6589010,251
0_3328340,472
0_4402424,500
0_7406445,417
0_3388346,177
0_6145976,1007
0_6119726,73
0_7473566,432
0_5977567,315
0_7653171,36
0_4469549,473
0_6555226,92
0_7823609,46
0_2691879,415
0_5326918,387
0_3181874,292
0_2088221,1008
0_7698495,8
0_2648578,1009
0_3165808,1
0_2639637,343
0_241531,6
0_1908125,1010
0_200884,761
0_156841,986
0_3517538,1011
0_546462,171
0_7352747,241
0_7505790,145
0_4884782,88
0_8041774,441
0_8095756,1012
0_5839840,234
0_3575300,1013
0_3571736,1014
0_4035922,712
0_4141299,88
0_4135266,1015
0_7768049,1016
0_5014950,1017
0_1562814,857
0_1471118,2
0_7488014,1018
0_131701,1019
0_4696936,190
0_283713,3
0_5217208,137
0_8040014,117
0_6077643,302
0_3484490,1020
0_3148040,1021
0_6204123,91
0_8214226,120
0_1972863,241
0_3286651,231
0_7152667,1022
0_6408752,117
0_7933111,147
0_4954890,191
0_7314653,1023
0_5072313,1024
0_1443412,321
0_4723105,265
0_2865403,113
0_3742196,2
0_244699,191
0_5745188,183
0_4524856,148
0_2481741,73
0_4732887,1025
0_6632975,85
0_2101805,852
0_5441004,1026
0_4860972,135
0_1424420,65
0_1580101,164
0_7557026,76
0_7221426,883
0_6891481,827
0_1128923,15
0_6080787,121
0_908246,292
0_7605407,135
0_788673,15
0_2148324,19
0_2603858,148
0_6528521,583
0_2977341,583
0_1693429,142
0_4761451,1027
0_5492824,1028
0_2201386,8
0_2214361,73
0_1779978,1029
0_7513108,516
0_2416390,16
0_1811264,20
0_4220875,365
0_996135,429
0_7300288,1030
0_7374141,434
0_3546954,84
0_4002974,55
0_6637220,645
0_2712621,544
0_594609,6
0_7274469,1031
0_5858039,246
0_6172836,3
0_5794896,1032
0_5364283,1033
0_5426882,713
0_4698970,123
0_4106456,1034
0_4181311,1035
0_7775025,292
0_3115270,456
0_7924721,1036
0_4400177,292
0_2194946,857
0_4110376,8
0_1888357,186
0_7720853,292
0_8022127,55
0_6541937,183
0_7292375,80
0_5697550,1037
0_3623134,66
0_2481113,574
0_4187764,1038
0_7072976,149
0_5477054,74
0_3426627,500
0_263458,77
0_4807973,1039
0_3509951,173
0_7627908,433
0_1138198,327
0_7435931,270
0_7901423,749
0_3032245,156
0_1398100,1040
0_5130328,6
0_3420183,117
0_1682171,315
0_1058260,1041
0_446468,1
0_6418806,301
0_1016012,240
0_3095987,1042
0_2161832,44
0_1711681,187
0_1697098,216
0_5635475,92
0_3466319,1043
0_4842229,239
0_5993143,177
0_8036915,117
0_6348649,353
0_1434701,46
0_2825282,1044
0_7753461,6
0_612168,109
0_4456737,55
0_1404559,236
0_315652,141
0_6481345,46
0_579663,467
0_2196289,65
0_8054234,187
0_4507871,1045
0_1593177,710
0_4779836,182
0_1508827,139
0_2368386,9
0_7492322,163
0_4447054,90
0_520277,15
0_7438642,704
0_254515,181
0_3203932,216
0_3908061,622
0_7301012,186
0_891332,1046
0_55658,495
0_6074531,1047
0_1093066,251
0_3708700,66
0_7038177,437
0_3259281,1048
0_942504,288
0_2431571,248
0_211332,500
0_3678598,6
0_7806668,48
0_7652299,216
0_5381871,1049
0_893353,141
0_5508502,503
0_5326931,1050
0_6918389,96
0_3489610,738
0_4387014,88
0_3630057,324
0_865413,1051
0_40458,185
0_4833607,239
0_2572548,645
0_5281385,455
0_2806806,1052
0_5355213,673
0_821917,1053
0_3063846,535
0_3432878,130
0_7176045,248
0_7134623,65
0_6460115,6
0_2623367,246
0_4147335,1054
0_3717596,278
0_8001852,302
0_6674203,451
0_6275776,991
0_5136206,576
0_3979847,16
0_6836686,1055
0_790502,986
0_8082820,1056
0_1557642,509
0_6321057,1057
0_6773070,292
0_4713018,46
0_8139255,1058
0_3800234,598
0_1982739,1059
0_1734203,382
0_3523808,187
0_6600113,102
0_2378959,248
0_3288771,1060
0_4202766,113
0_2952615,46
0_2247412,74
0_7158111,760
0_3995240,566
0_4002141,236
0_1295703,1061
0_4660348,135
0_5009522,1062
0_5596212,1063
0_7255968,803
0_8043365,274
0_3051145,199
0_6154308,1064
0_5824350,117
0_441195,855
0_526213,500
0_6135476,122
0_1873229,771
0_4461319,688
0_238717,230
0_6409020,647
0_5947907,190
0_7839026,491
0_1481368,414
0_5973851,86
0_6270268,624
0_4632573,486
0_1787570,19
0_6591809,1060
0_8049702,97
0_5111711,35
0_7746445,566
0_658979,1065
0_2972053,1066
0_4741,87
0_6425384,121
0_182793,1067
0_907831,374
0_3855054,1068
0_3577231,74
0_3494799,73
0_3819648,16
0_5544399,1069
0_4352552,49
0_5675189,978
0_1729019,73
0_7315552,149
0_6065861,66
0_8128666,304
0_319680,117
0_5718524,91
0_4364124,288
0_7941625,459
0_6865468,1070
0_294150,87
0_6335138,661
0_6538628,46
0_6978268,48
0_6270749,110
0_4977403,66
0_69872,165
0_255848,6
0_5364561,19
0_4592534,52
0_7650409,62
0_3931890,152
0_7776853,11
0_7742834,91
0_2886036,246
0_1938020,225
0_1795287,1071
0_3438057,161
0_1840936,625
0_4919494,432
0_6320449,160
0_6591849,145
0_2568886,410
0_7907516,669
0_5848143,123
0_4664930,152
0_5178750,294
0_6242061,1072
0_5692275,1073
0_7083791,147
0_2594585,123
0_4043840,583
0_7825677,117
0_483664,251
0_5710459,121
0_8173941,117
0_3756666,3
0_4762671,732
0_6410280,197
0_5998397,1074
0_5233120,142
0_457416,66
0_2856749,942
0_7022370,78
0_1757940,1075
0_2013387,24
0_6484807,1076
0_4719789,267
0_4607477,477
0_4955751,171
0_2516625,44
0_5275877,267
0_7709517,66
0_4573084,626
0_5793808,446
0_1974654,187
0_1076104,179
0_7672845,137
0_2149435,168
0_681459,1077
0_6630103,516
0_6058487,21
0_6790073,413
0_6587795,319
0_5017033,1078
0_2006980,1079
0_7754409,1080
0_3868456,6
0_6608492,1081
0_6790834,1082
0_6202394,148
0_2584944,92
0_2195014,289
0_4804555,374
0_6438337,117
0_564410,283
0_430040,186
0_20267,375
0_3765696,96
0_1754838,570
0_4420924,1083
0_6736033,434
0_6551590,92
0_5459950,1084
0_6504311,216
0_5593228,248
0_7896648,432
0_2622178,248
0_8122849,1085
0_6004970,46
0_4134432,319
0_2625547,197
0_3882356,640
0_3001786,1086
0_1166166,914
0_4982197,1087
0_5070319,1088
0_1719359,180
0_5197941,1089
0_5054556,141
0_1647707,137
0_7410863,74
0_7783957,51
0_5625889,251
0_281374,732
0_719718,19
0_2198410,321
0_3508428,1090
0_6967736,40
0_2054630,270
0_3193529,117
0_2496131,167
0_1720786,62
0_3339743,212
0_6702785,161
0_3064272,8
0_5974817,64
0_296148,704
0_2049506,73
0_5760081,429
0_3684800,9
0_2763186,1091
0_3204488,459
0_4392338,266
0_6481381,182
0_4709990,671
0_5152577,216
0_5126271,346
0_575293,415
0_6063440,97
0_2990610,1092
0_3339035,455
0_2216800,117
0_3914501,763
0_5471330,1093
0_7398742,132
0_4431289,375
0_2041527,186
0_5982515,19
0_3301942,265
0_2993175,46
0_5828226,292
0_2417432,117
0_3734224,241
0_3398967,957
0_4075751,440
0_4973821,194
0_721878,225
0_5016527,11
0_5487899,413
0_6227854,146
0_7134896,229
0_4527423,40
0_7753347,52
0_1012385,1094
0_1405766,181
0_1134164,298
0_6363267,137
0_1774252,11
0_5494936,146
0_6141341,3
0_2350661,787
0_5694084,1095
0_1299649,8
0_3005846,8
0_4603616,211
0_2068656,182
0_5244861,318
0_35305,301
0_6249739,117
0_4140748,181
0_7319522,516
0_2526108,3
0_562788,473
0_8115788,813
0_3611809,1096
0_1709934,1097
0_7231979,1098
0_7432206,1099
0_6789655,96
0_4406876,429
0_4249177,234
0_224188,121
0_7769298,586
0_7827597,91
0_3631840,3
0_6201339,1100
0_6440033,278
0_4712196,117
0_500320,74
0_2000883,1101
0_471630,11
0_685254,15
0_5449819,271
0_5636684,268
0_8138648,40
0_8010608,459
0_4263834,532
0_304560,248
0_2829016,1102
0_742078,123
0_89972,992
0_3357193,1103
0_6085480,292
0_8220542,1104
0_791402,1105
0_6015253,61
0_7787917,187
0_6978530,1106
0_7650673,15
0_1019831,429
0_8129725,49
0_7009432,788
0_6326408,152
0_6950211,182
0_3323457,516
0_4924986,162
0_5633310,930
0_6816261,130
0_1198076,96
0_1662048,85
0_7859082,862
0_2365121,121
0_6533095,105
0_2000620,282
0_7503587,387
0_5905125,315
0_1108051,1107
0_4662093,1090
0_4239824,803
0_2047750,716
0_3561009,1108
0_5142952,1109
0_1505365,187
0_580584,141
0_4404310,234
0_4855008,570
0_4146693,441
0_6653143,514
0_2146772,117
0_323381,246
0_2613141,137
0_6332295,18
0_5084264,304
0_4129368,331
0_3812877,19
0_3889703,3
0_7102757,832
0_749655,9
0_5556930,375
0_2030417,1110
0_1481900,46
0_5977063,94
0_2418343,1111
0_1294491,291
0_790249,61
0_2533032,246
0_3580062,234
0_7620649,1112
0_5221877,6
0_3091301,221
0_3872762,558
0_5206872,216
0_861277,214
0_2386420,103
0_485447,1113
0_7816918,455
0_1935557,1114
0_2250261,301
0_7834853,46
0_4898747,1115
0_303136,1116
0_6829506,446
0_1488565,1117
0_2866712,561
0_3767738,74
0_6599224,165
0_5363915,413
0_4553526,1118
0_4820352,117
0_6265501,123
0_7538806,416
0_5221046,1119
0_6494123,117
0_1160987,39
0_5167573,735
0_2873688,165
0_5537726,304
0_6601168,388
0_2291590,61
0_3127403,39
0_4834307,1120
0_6855112,1121
0_7166729,869
0_2514893,241
0_7849354,239
0_5628114,4
0_4611391,246
0_3854854,253
0_4148484,16
0_3406746,57
0_5204478,245
0_6308122,1122
0_80016,867
0_1461880,135
0_3225351,1123
0_6451187,750
0_4690118,316
0_5522437,241
0_6972297,165
0_5597041,191
0_7684747,843
0_4610096,972
0_4828915,30
0_1304444,11
0_1856432,713
0_1059104,246
0_4430341,179
0_776142,1124
0_5141540,11
0_4590068,15
0_2746576,1125
0_203858,451
0_5868507,49
0_5514286,869
0_4838033,9
0_4719393,274
0_3468747,241
0_3210878,206
0_2792426,19
0_3202862,1126
0_5609065,524
0_2097726,118
0_5967530,315
0_7022593,177
0_4176305,374
0_5615959,362
0_4021676,159
0_489371,40
0_2913741,375
0_5851120,6
0_5151149,292
0_6508865,121
0_5444261,566
0_3948765,373
0_1668439,1127
0_674537,356
0_5149602,117
0_5239538,55
0_2686414,1128
0_6015967,6
0_2546370,668
0_2478217,35
0_4791593,61
0_2747093,92
0_2970392,492
0_1974590,55
0_1679126,317
0_1447421,65
0_32857,1129
0_6239230,152
0_2230667,109
0_7094176,1130
0_2414899,216
0_1378027,241
0_3962150,455
0_1718624,265
0_791048,214
0_2855407,1131
0_4301389,6
0_164940,365
0_1505084,110
0_7275587,135
0_4528218,187
0_978877,544
0_1042771,42
0_13936,222
0_8214971,652
0_3324837,641
0_1721611,417
0_1404401,460
0_577627,1132
0_1185094,1133
0_862304,234
0_4700006,231
0_5019935,387
0_7564448,151
0_2132096,599
0_5315132,46
0_1373302,334
0_8089406,91
0_2798255,1134
0_4885512,462
0_6047232,390
0_925383,1135
0_4574219,1136
0_7379056,467
0_4633862,1137
0_1915162,248
0_3162888,73
0_2345036,237
0_45103,790
0_7210992,133
0_1805700,185
0_7197710,282
0_2741883,149
0_3790697,580
0_290375,583
0_2579009,130
0_5040754,73
0_1883235,68
0_5874005,1131
0_5265581,257
0_3431447,236
0_3087146,1138
0_917502,55
0_4574363,1139
0_2361465,292
0_1004047,719
0_4377046,125
0_6577878,186
0_7414705,1078
0_2171651,217
0_2720492,1140
0_1046309,8
0_2142482,46
0_459878,1141
0_6491315,130
0_4267355,15
0_6252776,76
0_2876978,30
0_40604,186
0_6836467,1142
0_3617258,1143
0_2534515,92
0_2311432,76
0_2914193,63
0_6842586,482
0_7198131,193
0_2382727,1144
0_7363672,855
0_2883909,1145
0_6857936,1146
0_4421940,814
0_2252868,117
0_5634040,141
0_7973910,250
0_1648776,210
0_4180132,16
0_7656739,262
0_5612772,3
0_5886441,104
0_2053608,388
0_913232,538
0_7160514,570
0_5250061,39
0_6166522,1147
0_7748194,1148
0_2503639,123
0_7498279,1149
0_7815414,282
0_3255191,1150
0_287887,585
0_6213186,583
0_1681069,532
0_6595119,46
0_2813185,652
0_8085741,275
0_1105499,1151
0_5105645,46
0_2129002,262
0_1895170,1077
0_109926,62
0_6471801,387
0_5019281,171
0_1464327,1152
0_7715806,191
0_387166,73
0_946551,1097
0_5742973,1153
0_6795883,1011
0_3500039,486
0_7600855,3
0_4508432,1154
0_7583500,117
0_3269793,450
0_4852514,199
0_2231126,94
0_3144367,1155
0_2532150,862
0_2466321,73
0_2518025,1156
0_3530649,1157
0_7885862,1158
0_4754897,185
0_2525893,566
0_5729380,62
0_7427979,97
0_6831350,1159
0_7577135,251
0_5854441,1160
0_5156909,92
0_1252567,301
0_2867514,1161
0_4809736,185
0_3825296,73
0_7612143,142
0_3982032,142
0_4982788,1162
0_7836364,1163
0_7342847,8
0_7195703,669
0_6022637,46
0_5161597,1164
0_8023177,334
0_6537808,790
0_6358998,227
0_4675947,397
0_1402968,1165
0_5379467,1166
0_1049143,292
0_943588,1167
0_6766397,91
0_3759983,268
0_2289263,160
0_7669523,194
0_3980570,1168
0_3584853,331
0_6486133,49
0_7257136,1169
0_1807995,495
0_3390278,1170
0_4148228,699
0_7220195,1171
0_1892312,210
0_3854887,11
0_4470362,165
0_1024880,1172
0_6935502,248
0_7357393,6
0_2271820,18
0_6662393,117
0_6080196,214
0_4352029,788
0_5640156,346
0_4367251,137
0_7326643,8
0_4684875,677
0_505689,297
0_5350791,239
0_6013129,1173
0_1387688,1174
0_5370998,62
0_3170247,219
0_951828,46
0_4625038,8
0_2214492,356
0_2238926,1175
0_4031954,27
0_929377,44
0_3684619,46
0_1049760,1176
0_1704634,466
0_2224105,121
0_6611632,1177
0_5717316,6
0_5877583,156
0_2666053,761
0_5583078,135
0_3789368,589
0_1084225,716
0_2147056,110
0_225245,532
0_7141958,433
0_3291542,364
0_6399435,485
0_6454651,1178
0_6986337,91
0_5297233,15
0_4039094,565
0_490321,627
0_7967631,1179
0_5567610,105
0_3659793,765
0_7526675,76
0_3745251,388
0_5762396,474
0_6889640,278
0_1280004,416
0_7936685,46
0_7639350,232
0_782931,217
0_1393544,1180
0_7219579,246
0_3530735,1181
0_2013781,450
0_3148602,16
0_3332619,571
0_6590175,6
0_2123878,316
0_245396,113
0_6782133,4
0_783226,1182
0_7272499,250
0_4144953,194
0_5626804,123
0_6299544,1183
0_1862001,351
0_2441274,94
0_4846003,46
0_5237151,91
0_2377474,1184
0_2318698,502
0_7631877,586
0_7235398,1185
0_4193408,821
0_4967206,1052
0_3967119,761
0_6857334,35
0_3559576,254
0_5104961,92
0_3904073,765
0_6306372,540
0_4061062,1186
0_7529574,137
0_5142966,821
0_5394649,760
0_193396,446
0_196090,1187
0_1671767,459
0_6041905,105
0_4111478,1188
0_7063415,1189
0_779065,268
0_7223722,40
0_4804873,583
0_6365017,392
0_7990803,231
0_3755059,455
0_1512209,1190
0_3316451,368
0_4177508,742
0_2542482,278
0_2340528,1191
0_394460,188
0_7615309,185
0_7891531,3
0_5373080,96
0_1268634,408
0_7375039,468
0_2163699,225
0_822611,135
0_1820408,774
0_3334700,838
0_3534155,19
0_2515392,787
0_1112492,195
0_7348526,187
0_254806,92
0_6230795,797
0_6190554,958
0_8048478,1192
0_1656321,239
0_5966164,437
0_4246569,617
0_7268724,484
0_1011021,181
0_4144177,65
0_7847401,1193
0_4059775,55
0_1993334,6
0_5926087,62
0_8147429,65
0_2159204,1194
0_7083320,106
0_7556889,1195
0_3372966,1196
0_5965691,147
0_6705135,1197
0_843370,19
0_3278425,291
0_7607336,28
0_6130641,1198
0_323894,234
0_7511557,1199
0_7495114,237
0_4177005,301
0_6456996,225
0_3240207,240
0_1589667,64
0_5253659,92
0_2383069,46
0_7841670,19
0_2344476,35
0_2075869,373
0_3181850,1200
0_3624683,272
0_4809735,123
0_5910351,517
0_7595222,1201
0_6974819,1051
0_347270,190
0_7147946,516
0_8012514,110
0_1564815,1202
0_3438198,46
0_1155705,141
0_737689,135
0_3053759,161
0_2974349,1203
0_5439041,16
0_2932223,729
0_1385048,188
0_2563008,227
0_461549,248
0_826134,460
0_3682283,65
0_5913891,1204
0_7189922,19
0_6353006,262
0_4211601,186
0_550559,46
0_7798032,436
0_7179890,583
0_4792221,429
0_1419137,117
0_8185294,221
0_8039613,77
0_4817409,3
0_1176928,1205
0_6991307,94
0_131847,433
0_1864072,9
0_1779525,64
0_7976751,87
0_3936761,1206
0_5093174,570
0_2753102,240
0_1233599,626
0_1800923,165
0_5548374,135
0_6128686,374
0_6000977,459
0_5929499,1207
0_2281352,66
0_3901987,516
0_2232507,446
0_7970742,46
0_3277173,316
0_1917252,19
0_1216645,121
0_1525973,1208
0_6943416,474
0_964775,146
0_5036271,356
0_3536607,15
0_8219814,1209
0_4277783,479
0_2157905,1
0_4657661,1210
0_6853194,96
0_3374151,225
0_4564488,133
0_939160,88
0_4217093,73
0_4799120,39
0_4173051,495
0_6637012,356
0_7948753,212
0_5410846,583
0_6710806,398
0_4645645,437
0_6122647,1211
0_6840736,15
0_1868885,1212
0_5344535,160
0_7289734,771
0_7050763,64
0_1254106,1213
0_3307307,6
0_1523215,55
0_3192965,46
0_4424350,431
0_2425236,690
0_7332741,191
0_3034703,102
0_694739,31
0_7972163,72
0_5617759,225
0_2040577,179
0_6434948,69
0_341807,556
0_5580477,88
0_1453954,1214
0_2422473,72
0_471428,472
0_1254489,344
0_6012489,154
0_2295319,274
0_1084722,62
0_5200814,66
0_3814730,180
0_2585695,353
0_4847777,1215
0_6112451,319
0_1944348,15
0_6569945,19
0_4937623,66
0_566594,11
0_3804839,137
0_2860901,66
0_7098202,241
0_3109816,782
0_5158073,130
0_2016912,62
0_7081380,176
0_913097,246
0_3083059,429
0_6586015,278
0_5908153,451
0_6927053,13
0_2288359,46
0_7480209,65
0_4946889,248
0_751825,304
0_5471351,248
0_6088067,819
0_7832421,231
0_688155,459
0_7888126,234
0_3086833,690
0_7579699,30
0_4389434,196
0_935822,117
0_4465997,374
0_4181416,790
0_1148126,35
0_1797432,450
0_3029839,180
0_4565287,1216
0_3325263,251
0_95835,1217
0_3280069,204
0_5892005,895
0_6998286,298
0_360880,15
0_7924262,482
0_2481104,76
0_4935134,201
0_3894055,1218
0_5014720,640
0_5878075,182
0_7489272,76
0_7873934,88
0_3261416,408
0_6327073,1219
0_2233929,239
0_1715976,254
0_4196856,432
0_6450847,19
0_6641267,16
0_6789188,119
0_1145010,65
0_3102416,756
0_6403773,334
0_3265837,387
0_1407217,403
0_2985008,48
0_211539,292
0_2307937,473
0_5532674,169
0_4300318,459
0_2794836,1220
0_5849049,473
0_2079748,246
0_2806470,473
0_2659841,532
0_8043890,103
0_2408420,1221
0_2233326,3
0_3118857,65
0_2811859,1222
0_775988,978
0_411765,62
0_8190733,387
0_5966026,467
0_5673320,571
0_7281483,251
0_7167769,1223
0_6807808,231
0_2135822,680
0_3422425,390
0_1380881,11
0_492176,969
0_2555378,88
0_4443648,91
0_4941355,119
0_7111898,102
0_4058305,92
0_7775230,152
0_7334897,11
0_4194375,502
0_5478859,152
0_472628,46
0_6411743,544
0_7725501,761
0_5806423,66
0_645656,142
0_7548474,46
0_162483,304
0_1596413,265
0_7383402,48
0_3748882,1182
0_693429,162
0_4038668,103
0_4343821,866
0_3221170,1224
0_3322742,1
0_1049886,117
0_5664817,186
0_5695997,1225
0_6242268,302
0_1121751,187
0_680242,305
0_3193500,243
0_6098834,403
0_2968174,1226
0_3250592,898
0_3383833,55
0_7531922,274
0_1485793,1227
0_7309075,4
0_6237712,1228
0_1818901,1229
0_3090958,784
0_5848511,14
0_191065,48
0_4486651,462
0_315379,1230
0_860462,9
0_3394062,1231
0_1203706,102
0_1185485,117
0_3984408,197
0_3923402,368
0_2945425,588
0_2758677,761
0_2725031,103
0_7493214,216
0_6826833,46
0_4059274,15
0_5586661,3
0_3340601,21
0_6106011,566
0_2132419,102
0_2600825,456
0_666671,46
0_3426041,851
0_8174818,327
0_3177221,262
0_7289773,1232
0_8027396,1233
0_315628,1234
0_3421497,477
0_273987,3
0_4558938,1235
0_3903132,669
0_867466,149
0_1906144,241
0_763166,652
0_352735,225
0_6875883,1236
0_187971,149
0_4786079,1060
0_2988174,19
0_7906576,149
0_4157115,19
0_1680616,478
0_3883124,97
0_3516111,304
0_592378,188
0_1386735,390
0_1520011,44
0_2389715,113
0_2603137,125
0_1342461,429
0_2666554,15
0_4720073,387
0_803096,1237
0_3241618,55
0_1826130,117
0_1687137,1238
0_445923,52
0_7220217,19
0_6758785,174
0_6641068,1239
0_2760877,383
0_6628938,1240
0_1824714,216
0_396649,415
0_3541490,15
0_5275792,812
0_6797820,413
0_2229606,186
0_4961561,570
0_1078990,1241
0_157998,318
0_730566,149
0_7162419,193
0_5352842,113
0_5246648,1242
0_5990968,297
0_3039342,1243
0_7319060,1244
0_2872068,117
0_1345214,105
0_3297192,123
0_6012447,1245
0_1865913,62
0_37120,19
0_4929139,186
0_6449242,305
0_601730,230
0_3604924,1246
0_3244561,1247
0_7510040,429
0_8086425,15
0_5330219,37
0_4287020,1248
0_2957977,459
0_2224356,278
0_4198851,216
0_4770086,544
0_1610139,390
0_961851,117
0_7025808,1249
0_3269026,122
0_5678760,387
0_1370384,88
0_3388848,1250
0_2171251,72
0_6908052,1
0_1862139,5
0_4534950,262
0_5078466,1251
0_1343916,322
0_7394900,193
0_5810134,147
0_546734,46
0_4532392,719
0_6564460,30
0_2697943,1148
0_6025092,262
0_1778132,978
0_7300155,168
0_7160996,135
0_7890499,1252
0_2612377,1253
0_5737747,683
0_4875831,407
0_7295669,843
0_7566776,321
0_6797880,874
0_7513164,1154
0_4478466,267
0_4826857,208
0_4776633,485
0_1615728,373
0_6569223,701
0_245681,9
0_3090405,570
0_5983211,761
0_7807794,1254
0_1332734,46
0_4764396,668
0_1769223,234
0_1178268,403
0_4842574,397
0_6942594,390
0_7602923,15
0_7869844,90
0_2016563,1222
0_7511663,28
0_856742,308
0_675003,80
0_5005332,321
0_3015481,61
0_6566455,1255
0_2954217,738
0_1325121,709
0_1195596,121
0_7876958,1256
0_171319,150
0_2948605,179
0_7612931,1257
0_5382252,762
0_8010529,29
0_4892356,301
0_4167155,101
0_5350763,641
0_3060113,7
0_7673834,21
0_6554618,105
0_4560259,90
0_2381402,110
0_5481301,292
0_2620057,316
0_3536030,680
0_2516252,857
0_7998925,117
0_2245943,1220
0_4187514,1214
0_2911723,1258
0_5152328,173
0_4751512,182
0_2557135,92
0_681713,386
0_7861530,729
0_4586434,972
0_1158514,141
0_4699845,103
0_2819637,62
0_4550351,210
0_6014108,30
0_375043,34
0_286388,727
0_7974478,331
0_6632253,239
0_6231994,384
0_4343407,316
0_4195313,228
0_5487375,1259
0_4344036,767
0_8200083,46
0_4716548,44
0_2559415,454
0_8109935,16
0_1330408,97
0_7238672,334
0_4607636,54
0_2134605,135
0_6328611,755
0_5180930,1260
0_1689579,71
0_1125856,4
0_5797956,143
0_583427,821
0_7101414,245
0_2901953,22
0_1379078,62
0_6917257,1261
0_2709300,397
0_3621253,55
0_6000390,234
0_3928578,181
0_6068428,812
0_1289412,450
0_2501614,3
0_1813267,518
0_4262927,446
0_3036594,48
0_6893037,156
0_7576186,217
0_2084689,437
0_7482956,1262
0_7100890,855
0_3884230,1263
0_2916934,246
0_7023928,248
0_1440032,1264
0_4114023,88
0_1200531,778
0_5774582,248
0_5159398,1201
0_836294,117
0_8086598,1265
0_5890243,562
0_902353,1266
0_378773,196
0_2194119,460
0_7173089,1267
0_4663506,997
0_6237721,459
0_5832420,1268
0_6488009,152
0_5963731,15
0_2488429,141
0_4356103,481
0_1777108,1269
0_7018240,790
0_7768498,267
0_6002988,183
0_648616,704
0_4166007,727
0_3231680,417
0_405364,332
0_903806,6
0_3544690,1270
0_5775282,110
0_6667553,1271
0_4738721,203
0_2117633,879
0_1392675,874
0_1865004,120
0_6144619,1272
0_506227,248
0_4905763,645
0_1486475,158
0_3727777,1273
0_931170,181
0_577846,1274
0_100067,1275
0_7543511,755
0_480534,1276
0_7039254,516
0_617145,216
0_2157186,645
0_2257600,695
0_2590992,294
0_1796323,668
0_6537337,305
0_2580473,65
0_4825484,159
0_4091219,1277
0_5588130,1278
0_2488436,276
0_6021063,1279
0_5244657,15
0_5758820,1280
0_7473234,46
0_860006,645
0_906912,6
0_5467658,113
0_7797424,61
0_5745556,1281
0_3858969,544
0_3630212,216
0_8137568,1282
0_6883636,1283
0_913650,1284
0_5992652,1285
0_1953429,561
0_4679533,250
0_7398139,1151
0_5667679,228
0_1425492,727
0_7647381,1278
0_5656738,1286
0_2867926,713
0_7756509,1287
0_6131821,96
0_7768092,158
0_932799,16
0_5744795,62
0_7812046,429
0_4408190,186
0_6449437,429
0_3185083,19
0_957795,1288
0_5091442,491
0_707164,725
0_4464546,466
0_3374483,21
0_2477128,824
0_3105959,267
0_3588387,15
0_266255,1289
0_1979892,216
0_3648572,15
0_3067476,4
0_6763913,541
0_5518934,1290
0_5063477,185
0_3368309,351
0_1554322,1291
0_5511754,120
0_7996721,113
0_5025826,48
0_6432817,164
0_568669,133
0_2403387,1292
0_8126751,1293
0_5505273,103
0_853672,956
0_3029111,179
0_5777271,1294
0_2903444,203
0_4527162,1295
0_6670200,164
0_2977012,160
0_5486450,19
0_2011019,1244
0_5982226,1296
0_7506298,277
0_2921551,431
0_81502,73
0_7239563,130
0_1870871,130
0_2313668,137
0_1408048,185
0_4842889,66
0_6771538,1297
0_745622,130
0_8046210,351
0_4496819,855
0_6018342,118
0_6558714,1298
0_7886709,1299
0_2166163,123
0_4952336,624
0_4887711,248
0_1897400,41
0_8046208,85
0_4224103,382
0_1776333,297
0_5209368,344
0_942538,19
0_2804718,228
0_5559048,187
0_3050092,97
0_3282173,1300
0_8097830,607
0_3424754,455
0_786418,62
0_4854858,271
0_5549145,566
0_172106,459
0_6350,66
0_7768414,1301
0_3041592,193
0_441104,254
0_3328756,1293
0_6435023,66
0_6850246,297
0_6281607,899
0_5446186,374
0_1486783,16
0_7035586,65
0_8173259,374
0_3492252,816
0_6999533,170
0_7494119,1302
0_3637460,645
0_6534632,566
0_2516557,190
0_3839738,104
0_7697779,429
0_2071226,627
0_5746292,429
0_7569374,54
0_7462750,433
0_7737987,84
0_8156139,145
0_1754187,88
0_1600728,135
0_6631969,627
0_3575006,149
0_1920478,228
0_7223800,672
0_2561870,1303
0_1381939,16
0_1864994,516
0_705834,42
0_6585662,993
0_4804073,39
0_3819242,570
0_5237066,790
0_5589643,16
0_4409028,181
0_5815170,48
0_1725788,1304
0_2245757,201
0_3271488,188
0_3583588,11
0_3873892,118
0_1156411,1073
0_4099987,106
0_3542643,181
0_2019672,1305
0_3537639,1306
0_5336831,31
0_1363966,1307
0_2557767,66
0_7662979,398
0_6772429,1220
0_5733903,327
0_1107154,413
0_818113,1308
0_2482254,97
0_6812875,262
0_7786093,408
0_5639427,57
0_947250,1309
0_1532834,1279
0_4257850,993
0_3540341,164
0_637843,19
0_7707292,518
0_505914,413
0_7783478,135
0_2665177,514
0_1129699,2
0_3859557,88
0_1009729,265
0_8166658,118
0_6278809,187
0_1800492,49
0_431732,73
0_3100678,451
0_7144706,1310
0_6555746,1137
0_982184,187
0_2234101,214
0_7798468,1220
0_2072121,1311
0_1661466,104
0_6708917,216
0_7726843,516
0_3363980,1312
0_7849727,1267
0_4501757,1313
0_7005450,174
0_1421112,275
0_1717984,84
0_3437886,1314
0_2976293,147
0_6389816,46
0_894004,1095
0_111353,1315
0_5028609,778
0_5370961,760
0_1683069,254
0_7849468,1316
0_2859945,143
0_3289681,190
0_2660867,1268
0_7341739,1317
0_2294142,187
0_3857796,14
0_1165094,1221
0_3337970,121
0_2340869,324
0_523171,318
0_947019,467
0_7398772,627
0_3459620,1318
0_3110433,1319
0_3308121,869
0_3223823,188
0_5168535,760
0_2570076,1284
0_1162093,35
0_5389061,65
0_3706006,80
0_1442028,387
0_6235846,681
0_7105190,991
0_2603675,87
0_3085094,228
0_7732633,115
0_2271171,102
0_4763850,450
0_6360283,244
0_7805253,353
0_406770,319
0_7548586,1320
0_1840517,130
0_543148,149
0_3956764,234
0_6768273,121
0_7442290,1321
0_7033179,199
0_1050628,146
0_1065379,1322
0_5126134,11
0_7508705,1323
0_2076988,248
0_936601,898
0_1637066,679
0_4095742,19
0_6337123,174
0_4635838,1195
0_333989,179
0_6800319,73
0_6354586,1324
0_278847,815
0_4385301,246
0_2836939,6
0_8221527,259
0_26560,159
0_4951657,15
0_475252,787
0_7411780,440
0_4773021,234
0_4358012,117
0_1553914,97
0_2607251,46
0_5950080,1325
0_4997669,1326
0_5401013,107
0_7619965,48
0_6929018,216
0_3965397,15
0_5146464,46
0_3400060,91
0_1607932,177
0_7522574,14
0_4248442,1
0_3783822,19
0_4986239,157
0_5954955,182
0_7460098,199
0_3148342,271
0_6053044,174
0_2247093,147
0_326597,160
0_5243980,454
0_4518960,66
0_2826681,1327
0_6221005,168
0_6186740,8
0_7690287,417
0_8084090,566
0_5868657,315
0_6487146,30
0_5279302,557
0_6341366,15
0_214023,14
0_6292438,319
0_2702553,117
0_404643,522
0_7790593,106
0_331520,160
0_3959295,1328
0_8214744,85
0_2778431,1329
0_400750,110
0_3370551,433
0_2180068,1011
0_2696930,74
0_3522302,31
0_3664862,186
0_2787805,360
0_2868759,241
0_5238219,1330
0_7285429,168
0_2657275,135
0_4556235,1331
0_5079757,1244
0_2422889,467
0_5528544,765
0_2326700,1332
0_2570706,63
0_7374416,229
0_7234107,1333
0_4228544,1334
0_2954848,429
0_822751,101
0_1043410,294
0_1378724,186
0_6924192,1335
0_3023868,566
0_6570531,149
0_5714515,502
0_7053795,566
0_1783822,288
0_2403113,270
0_31911,248
0_7615242,104
0_4641299,232
0_3574465,1262
0_3424023,237
0_6815504,92
0_2136092,565
0_6688712,21
0_2222476,137
0_8205222,152
0_601504,585
0_6667599,46
0_1356341,1244
0_6766480,55
0_164861,156
0_6458792,446
0_891466,105
0_4695208,79
0_2242120,1336
0_8108468,345
0_561030,92
0_5180838,297
0_1163988,65
0_1548238,688
0_1278687,39
0_8203548,388
0_6293645,1337
0_7030050,234
0_4878921,99
0_8201598,704
0_2897386,1338
0_1894100,146
0_3918922,550
0_3886087,234
0_382549,738
0_6399146,161
0_2304620,103
0_4286841,19
0_8224400,242
0_4180415,11
0_2601813,403
0_2763357,19
0_7320284,121
0_1952738,62
0_3514799,1220
0_6347011,1192
0_126898,887
0_1215883,879
0_2664954,46
0_4974242,217
0_3842610,217
0_5752551,15
0_4473323,1339
1_4740323,65
1_3563917,65
1_817127,91
1_3156552,921
1_2948000,1340
1_6596956,1016
1_3742482,232
1_3533115,1341
1_1691720,11
1_1432033,142
1_4898481,173
1_2070055,1342
1_3205345,771
1_6027191,278
1_5193733,92
1_2840343,35
1_668868,456
1_5122653,728
1_2487933,993
1_4204150,297
1_6454251,88
1_1256674,145
1_7841975,232
1_2487299,179
1_3488469,278
1_1258749,123
1_430755,173
1_2406499,137
1_6028141,15
1_6369926,19
1_4910351,327
1_8202022,1343
1_7043161,318
1_2277339,449
1_7519461,502
1_3548902,1344
1_2743922,569
1_2624158,130
1_1695095,46
1_3993121,1345
1_7946232,234
1_7131951,139
1_5287949,1346
1_8059698,177
1_3495111,102
1_1445545,1347
1_1707787,353
1_4324719,234
1_6936295,1348
1_6607949,55
1_6450605,65
1_2731041,170
1_1393047,162
1_695107,1201
1_6538432,227
1_3732432,152
1_5001672,445
1_3100359,1349
1_8000095,117
1_2501420,197
1_5630577,1350
1_1004406,539
1_4651883,1351
1_7352831,7
1_1669300,137
1_8200718,750
1_6844467,15
1_7987344,1352
1_7552463,133
1_899164,1353
1_6529189,1354
1_3698649,36
1_6178490,92
1_1903865,334
1_6891995,419
1_834559,137
1_5258012,540
1_6514936,383
1_4260103,46
1_8120645,15
1_3055200,199
1_4242233,1355
1_1981181,319
1_2873692,76
1_1659205,414
1_2977909,570
1_762970,1356
1_8060326,516
1_4851937,1166
1_3540749,1357
1_444139,228
1_6341117,585
1_5514652,413
1_3485457,46
1_3596630,196
1_4452166,88
1_2444899,77
1_6926216,123
1_5194588,19
1_793916,39
1_868339,19
1_1924332,340
1_417439,241
1_2382120,190
1_3600214,1358
1_3682599,65
1_4800641,248
1_4031101,1359
1_6835175,289
1_2012541,106
1_958927,63
1_11069,495
1_3915412,180
1_4222418,332
1_995981,57
1_2519776,145
1_2686768,135
1_546933,179
1_810171,1166
1_4883828,1360
1_2455177,1361
1_6114954,113
1_6052284,187
1_5076654,1362
1_6765776,1363
1_6284212,869
1_5222481,1364
1_2400295,936
1_3662637,185
1_7516334,416
1_2266851,188
1_7553605,61
1_5613780,267
1_7255565,1365
1_7176503,146
1_7983040,749
1_6631528,55
1_6396961,690
1_5893060,1095
1_4328213,305
1_4577320,536
1_604706,119
1_6802742,1366
1_6057569,1190
1_5419456,185
1_2356367,262
1_6031747,186
1_1885350,46
1_2201698,387
1_5742627,819
1_1048731,8
1_5794462,627
1_1982391,119
1_411240,505
1_3536546,475
1_6574505,104
1_4004322,216
1_192309,241
1_6508503,46
1_899488,191
1_2592261,315
1_1744964,1367
1_4103084,1368
1_573565,292
1_3540940,110
1_6236980,852
1_1530007,147
1_1369059,467
1_5748457,1369
1_6515377,15
1_6312336,135
1_62994,186
1_1409061,429
1_7454945,239
1_1567928,179
1_5240512,1370
1_1032649,6
1_1832227,883
1_1571638,516
1_1319366,291
1_1000188,978
1_4364297,95
1_363922,20
1_5678229,498
1_5817660,414
1_4680220,14
1_4635348,8
1_1980144,239
1_5865678,3
1_2495687,7
1_1247474,88
1_5838281,331
1_7394777,1371
1_2436289,263
1_2705049,150
1_6804591,201
1_7504373,429
1_8204171,1131
1_3508735,851
1_1181556,441
1_3805659,270
1_1590307,1372
1_4807392,203
1_2586009,351
1_1041599,87
1_962020,123
1_6071606,120
1_4568517,829
1_7463960,420
1_2972784,278
1_3207931,186
1_1115772,544
1_6261737,182
1_6614757,4
1_6020729,46
1_6456621,292
1_2307165,654
1_6342882,6
1_5852224,232
1_8215379,225
1_6613501,117
1_4025136,1373
1_63561,91
1_7367234,88
1_5881015,262
1_4171296,137
1_2531360,1231
1_5173934,133
1_2191540,159
1_7229525,1167
1_5396613,159
1_2440176,1374
1_6947460,19
1_453771,135
1_4812062,1375
1_5147153,307
1_884244,19
1_2990579,117
1_2028316,91
1_7496729,132
1_2385663,508
1_3572591,808
1_3244132,121
1_1777337,9
1_78269,729
1_5914210,1181
1_215777,374
1_5927793,798
1_6477956,66
1_3443903,159
1_5529290,241
1_4273355,73
1_3625152,324
1_8130528,266
1_3099424,88
1_6937155,66
1_1318965,225
1_626331,635
1_3174275,1376
1_1927891,187
1_4982982,958
1_3666479,1092
1_7533730,467
1_2627542,250
1_3764964,660
1_4322085,43
1_6139079,88
1_5895843,589
1_3450820,624
1_3052353,1377
1_1268425,301
1_4563728,216
1_2168251,231
1_2870672,145
1_7308095,819
1_2742096,867
1_7474888,135
1_4221839,228
1_3497426,63
1_7466621,436
1_7045261,103
1_3359826,125
1_4961919,74
1_6691231,19
1_2599695,21
1_1899217,96
1_6118224,362
1_6547879,673
1_6827929,40
1_7695246,84
1_7388938,561
1_5005777,40
1_4352345,1290
1_3939255,179
1_135028,19
1_2257475,186
1_13968,432
1_1802003,790
1_7839127,212
1_1087858,274
1_4523894,504
1_1169834,652
1_3198606,228
1_1915728,133
1_3547215,265
1_4970280,3
1_4429128,119
1_6161476,791
1_6981610,1095
1_5821851,81
1_7214806,493
1_4242749,1378
1_5410392,817
1_4710311,186
1_1001225,387
1_1350048,73
1_4762460,219
1_3816079,182
1_4247118,185
1_8034580,6
1_7959242,744
1_5162889,1274
1_4695753,190
1_2622950,1286
1_2807831,92
1_7676399,660
1_447491,1379
1_6658231,46
1_8024098,281
1_6661968,234
1_4625540,1380
1_1344335,477
1_2668031,245
1_6828541,584
1_2084789,96
1_3123570,749
1_4437304,485
1_6569698,71
1_5879062,1381
1_7105006,29
1_7195372,1382
1_736066,921
1_1314795,1052
1_5100280,147
1_2282962,77
1_3944506,449
1_6411427,714
1_6243194,19
1_4980081,181
1_963067,1320
1_3771702,159
1_5520085,356
1_2441423,377
1_5534982,185
1_3988327,130
1_84918,396
1_2863523,178
1_6934031,46
1_3235042,268
1_4335744,1091
1_3612074,216
1_136663,206
1_2506875,814
1_3876169,15
1_3386768,1383
1_637646,117
1_765534,19
1_74011,5
1_6578283,986
1_1737563,24
1_4563522,46
1_2373288,788
1_5049806,141
1_375154,585
1_613692,19
1_5286184,123
1_2952997,727
1_5289383,214
1_2447632,117
1_15422,413
1_5938638,123
1_6677726,574
1_121741,126
1_1789936,132
1_5186414,301
1_6690651,88
1_3571330,78
1_7258998,441
1_1810717,137
1_5999214,278
1_8093955,104
1_7263880,86
1_1924705,673
1_7736343,55
1_3063839,88
1_2990162,578
1_4529109,319
1_5683113,1113
1_629362,149
1_1350288,1268
1_1449259,516
1_7572416,1384
1_2887070,39
1_8034417,16
1_6106218,46
1_6406235,36
1_5753639,162
1_124592,65
1_5581975,1385
1_6738224,903
1_6177634,72
1_6319836,248
1_528627,1253
1_7031518,174
1_6300226,194
1_7499064,12
1_1772197,790
1_7004797,109
1_4689154,516
1_6623776,19
1_5161537,304
1_1337251,890
1_2104656,179
1_654376,46
1_5075092,219
1_4248572,1011
1_2505014,97
1_7881309,159
1_2616024,527
1_6615718,524
1_4204097,187
1_7921699,96
1_2370664,430
1_1540331,113
1_4981367,185
1_6404457,152
1_5252518,180
1_1838379,270
1_5398310,863
1_1942786,599
1_2143309,76
1_6751325,550
1_4223834,142
1_4593853,738
1_1072928,250
1_3887867,1386
1_2333769,294
1_2312529,1387
1_1597302,586
1_2073137,262
1_906165,35
1_6992637,542
1_7067432,34
1_1757299,797
1_2895938,282
1_1183892,397
1_6309535,1388
1_1365269,137
1_5829405,644
1_3313538,40
1_8019371,568
1_3238744,317
1_6188972,390
1_131204,370
1_2909568,1220
1_3348935,179
1_1499097,1389
1_7864790,65
1_3554913,1390
1_4136921,75
1_6322292,454
1_6421670,141
1_2868050,1391
1_5955032,59
1_2171422,92
1_323685,387
1_7963640,137
1_1896555,585
1_3622637,1091
1_3559218,46
1_7224179,161
1_792574,176
1_4344627,179
1_5282663,278
1_7907586,1090
1_2814328,186
1_8142946,101
1_5066620,556
1_5352703,277
1_2099661,186
1_3768072,8
1_42050,1392
1_242496,576
1_5486736,848
1_1550788,866
1_2451638,268
1_8135337,1393
1_3121494,56
1_7710366,94
1_208896,240
1_5201166,282
1_3445013,417
1_4142264,451
1_7040407,1078
1_6981667,185
1_2637246,1394
1_3112569,160
1_262377,132
1_7205152,16
1_6683026,518
1_1533248,157
1_6833645,455
1_7683162,688
1_6411660,227
1_4125360,181
1_382400,292
1_7431781,1395
1_3843833,165
1_2976961,123
1_4444098,179
1_2155616,502
1_276821,1160
1_6397928,30
1_7785826,1130
1_718833,641
1_5413366,1124
1_2315154,1311
1_2709073,91
1_264886,133
1_7307824,388
1_1075776,62
1_2893253,188
1_5072766,1396
1_5866575,8
1_2827253,790
1_1499676,49
1_3645054,319
1_6648718,117
1_3092806,216
1_236759,225
1_6128977,267
1_4983854,217
1_7829939,97
1_4841126,304
1_7331815,119
1_2030707,1289
1_431607,266
1_5259012,246
1_5464126,577
1_8022279,231
1_6542192,468
1_1880704,49
1_567837,181
1_446317,208
1_644321,4
1_389213,186
1_1639104,309
1_5133203,328
1_1889866,791
1_4652464,429
1_3226231,1397
1_298146,125
1_5570610,990
1_1362708,139
1_527676,243
1_6926822,34
1_186003,96
1_6090643,1398
1_6203246,31
1_4391628,387
1_3155684,256
1_2193750,113
1_7854352,262
1_2760289,1399
1_2598000,217
1_21145,1400
1_2503359,647
1_3489543,761
1_2885703,449
1_6548017,191
1_6514399,174
1_5300383,16
1_3410071,1214
1_5689540,216
1_3501677,90
1_7087266,320
1_5344988,186
1_6173551,394
1_4042301,714
1_6736104,558
1_3786901,187
1_4637414,54
1_6457518,185
1_2765375,1165
1_1466064,664
1_5283968,726
1_1026877,624
1_3534477,1011
1_7464241,117
1_5084603,84
1_7677593,1255
1_5052676,11
1_24582,692
1_2523928,191
1_1886999,1113
1_765414,441
1_4483943,1021
1_6342537,270
1_4146288,509
1_1345215,185
1_1132012,106
1_4635672,1401
1_3475227,324
1_3350624,641
1_5586103,274
1_4132715,159
1_4622277,527
1_4315115,234
1_2053461,46
1_4076202,1402
1_7947280,55
1_3814349,375
1_4384068,19
1_6883392,2
1_7100269,66
1_3213084,142
1_3018995,147
1_3772596,450
1_2526212,146
1_2901640,262
1_5071133,498
1_7361070,728
1_1807330,645
1_3285743,1138
1_3101499,314
1_2212995,331
1_5531363,718
1_3665973,1403
1_7081868,30
1_4244868,544
1_7726536,194
1_2221968,11
1_6434013,562
1_3389275,185
1_7267570,321
1_7578343,1404
1_5853844,46
1_7072555,115
1_1226873,188
1_4649048,1405
1_5471851,109
1_8088170,429
1_7522045,1238
1_8110927,437
1_808068,1406
1_859815,584
1_7861454,213
1_6094668,345
1_6002380,373
1_4939354,471
1_947794,586
1_5264370,87
1_4331789,14
1_993171,159
1_2122255,170
1_7913201,46
1_2260712,227
1_6057107,723
1_7952395,1407
1_5804208,727
1_600414,3
1_3376135,493
1_237618,679
1_708731,234
1_8014897,248
1_672243,182
1_4828001,387
1_1279133,46
1_401149,64
1_5550817,117
1_1028987,304
1_5200726,115
1_6246188,1408
1_5129899,1409
1_2703026,137
1_3013882,462
1_2909983,509
1_1833566,46
1_252289,301
1_3781169,251
1_2907651,791
1_338608,466
1_1018236,141
1_4893760,88
1_8033121,101
1_7917380,157
1_5889672,65
1_7249379,248
1_7866080,48
1_4066774,181
1_7014518,1052
1_2739023,142
1_2488757,112
1_3135421,921
1_4988286,11
1_5516241,843
1_2534480,211
1_5671742,672
1_1709534,62
1_811065,262
1_4478862,40
1_3801987,1410
1_2853131,869
1_6697486,19
1_4058227,1182
1_1495142,504
1_1355229,790
1_7001175,362
1_3757513,429
1_1263591,8
1_2688807,15
1_7625681,88
1_2518495,16
1_4645698,277
1_2741087,317
1_1438544,201
1_5657239,1411
1_2040373,54
1_469178,187
1_5213674,1225
1_3619227,1412
1_6227618,992
1_5635744,302
1_7896792,90
1_4303665,87
1_6575382,11
1_7162458,186
1_7977834,11
1_5484106,669
1_4718150,135
1_5003691,1413
1_1011569,451
1_1951599,267
1_3467074,179
1_1526076,1414
1_7553161,72
1_6973747,177
1_1416103,353
1_7256062,16
1_3000000,1415
1_388968,767
1_2123284,1416
1_7974945,117
1_5168059,407
1_2976380,187
1_1303181,119
1_6070889,1417
1_2493454,270
1_3532962,46
1_1539180,1025
1_7682540,862
1_7956608,1418
1_7070823,164
1_5636700,203
1_6336584,6
1_3546099,5
1_6385282,135
1_5867869,586
1_3804063,1419
1_275695,54
1_2815545,292
1_7314405,234
1_7319033,180
1_5813407,71
1_7974463,1420
1_3912756,241
1_3092362,43
1_3660586,672
1_6632889,170
1_5848981,718
1_7738580,586
1_5340302,11
1_5993145,467
1_4140284,1421
1_2113221,110
1_1596636,482
1_2242860,315
1_2942787,1047
1_2686960,49
1_2940212,1422
1_5075894,1235
1_7258562,395
1_7672356,732
1_4588942,486
1_5490127,46
1_5056232,761
1_7349991,117
1_1310839,51
1_4095902,216
1_8102415,216
1_2876710,466
1_2113531,78
1_474524,216
1_7328484,866
1_870853,716
1_5597995,273
1_2331640,104
1_423078,139
1_4106163,839
1_5261738,397
1_5360683,466
1_6100972,544
1_1157852,29
1_5473501,19
1_7571533,838
1_5022178,121
1_7062727,394
1_879365,1423
1_7090083,310
1_5255808,113
1_5169294,6
1_1441252,241
1_5818167,186
1_6611591,222
1_1330932,145
1_5321905,197
1_7424611,97
1_7539192,854
1_1317421,46
1_2905376,46
1_3410490,225
1_5168550,152
1_5735156,1313
1_584958,441
1_5896837,538
1_1747535,36
1_1519589,6
1_1898201,713
1_6981972,429
1_4475269,449
1_2043932,304
1_7567530,1424
1_4580108,544
1_4226312,259
1_391143,738
1_4570998,176
1_6283248,1425
1_6642700,443
1_8116741,1426
1_2929080,237
1_7255404,181
1_3781086,234
1_5687257,161
1_756478,88
1_6343357,6
1_8132060,516
1_2729197,88
1_5951864,141
1_833248,2
1_7900248,466
1_2953286,1121
1_4033572,353
1_3233716,91
1_2706441,26
1_4252,4
1_8042970,502
1_3664406,46
1_7319819,212
1_146694,1427
1_3733056,223
1_2255784,360
1_563461,467
1_4847652,90
1_3234308,19
1_5558550,55
1_7774843,117
1_6653127,40
1_3810623,71
1_4647299,450
1_1649918,475
1_8172155,1428
1_2586567,117
1_576138,1176
1_166583,281
1_7215191,292
1_979616,46
1_1695637,46
1_2109869,624
1_7766838,19
1_7346415,271
1_5354599,760
1_4467854,1429
1_2732437,105
1_1422977,522
1_2620301,245
1_6806077,318
1_5840132,672
1_1610969,241
1_6735277,268
1_3989783,1430
1_5231540,70
1_5114447,1431
1_1716237,1096
1_1001369,246
1_769700,267
1_6822638,142
1_2971870,152
1_660751,183
1_452652,248
1_1718313,327
1_7751404,152
1_5478963,73
1_8050228,477
1_3421071,3
1_3373944,294
1_7944454,110
1_1340550,1432
1_44077,437
1_6023500,762
1_6936710,46
1_5491686,177
1_3473380,528
1_6279624,146
1_3602006,44
1_7409432,516
1_5281218,705
1_1694558,688
1_3772932,46
1_6238926,415
1_2842226,1433
1_3977222,77
1_3668195,165
1_2564973,39
1_2922,798
1_7425148,92
1_3031465,15
1_4361013,298
1_5202023,161
1_7438817,375
1_4229182,808
1_5531115,90
1_598361,117
1_4999750,386
1_5982527,375
1_2939100,1177
1_2855355,64
1_3411224,1
1_4006385,291
1_5833032,344
1_1684369,603
1_5094226,1029
1_21933,135
1_6618107,30
1_4765373,187
1_3294010,899
1_7689065,755
1_3419903,275
1_4612875,15
1_4702954,669
1_953703,123
1_2948680,438
1_1912726,6
1_1492676,1434
1_5871921,30
1_4183449,250
1_4610119,1435
1_7463416,19
1_4433034,117
1_7098166,186
1_2659121,1131
1_5656459,353
1_3790088,30
1_216230,492
1_5501487,216
1_279760,574
1_2949241,1436
1_8006508,331
1_7187485,1437
1_7953414,149
1_7726011,1052
1_691795,733
1_738531,437
1_1446098,248
1_1041272,566
1_4466390,414
1_2366057,809
1_6640033,190
1_3183597,1011
1_5212174,764
1_3339438,480
1_6454389,73
1_2852770,1438
1_6191216,138
1_1271808,715
1_4025530,680
1_7620450,15
1_4887133,152
1_6909135,206
1_1239076,174
1_4303490,903
1_1889740,3
1_6307197,292
1_61535,440
1_7906686,179
1_2804749,36
1_7936157,714
1_8138209,1197
1_1290594,248
1_6086780,18
1_2329206,1439
1_3082575,914
1_7415856,727
1_2042213,248
1_5067901,861
1_2753778,15
1_1014685,449
1_6760551,862
1_3323509,1192
1_2256269,993
1_6035855,1330
1_7239253,1440
1_406428,36
1_2205850,1441
1_322483,239
1_2401134,294
1_4676410,426
1_3516666,110
1_4735566,97
1_5255929,214
1_5516807,42
1_2461612,133
1_5419789,110
1_6151672,414
1_5486114,65
1_6513946,239
1_2938534,19
1_5972669,21
1_7110792,1214
1_4242973,275
1_6852749,121
1_358127,105
1_2154448,109
1_4757737,343
1_7052106,30
1_2961050,403
1_4899289,95
1_1751752,225
1_5902171,227
1_4969452,181
1_6601542,997
1_914395,1442
1_1581019,877
1_2397227,31
1_7763402,647
1_6496116,946
1_5019462,147
1_6910019,291
1_5632344,192
1_8062153,1443
1_4373904,813
1_7109059,181
1_1005083,1444
1_165206,500
1_1808300,80
1_7037878,30
1_417521,78
1_5655783,179
1_5725913,55
1_6501094,46
1_6961193,415
1_5591402,61
1_5053231,55
1_5953700,204
1_6413781,179
1_6239801,49
1_4648903,495
1_6522301,1223
1_5446595,90
1_7425931,167
1_984801,35
1_6936516,315
1_1189114,65
1_3346731,331
1_965024,104
1_240236,345
1_1988309,1445
1_1464632,110
1_3991449,221
1_6213336,73
1_6042243,310
1_724308,190
1_1930412,141
1_3464807,137
1_7955776,1244
1_4259005,135
1_3056742,145
1_6397044,390
1_4882867,483
1_5190508,232
1_501622,18
1_8124324,353
1_685201,203
1_1300021,1446
1_4135180,567
1_7359103,146
1_6294141,1447
1_1161068,415
1_2105452,186
1_7061533,408
1_7704850,1448
1_4474753,216
1_3569741,61
1_5022694,724
1_4768425,374
1_4312206,1293
1_1688986,16
1_3734183,46
1_1514739,66
1_3470999,63
1_6656510,1449
1_7874509,624
1_791446,318
1_7281595,62
1_1020782,117
1_918093,40
1_4444966,1450
1_3796237,194
1_7907225,110
1_4165935,44
1_7751464,1451
1_6771714,972
1_4957623,248
1_5753923,698
1_3401932,46
1_7603015,292
1_7657541,65
1_1831771,66
1_1135284,214
1_7861299,6
1_4599418,268
1_3311764,73
1_5048131,451
1_5858321,248
1_4410886,1021
1_5892250,46
1_5128775,550
1_6091302,1131
1_6039746,446
1_568167,1452
1_4776526,1453
1_7221410,1273
1_8189775,474
1_3191011,96
1_2092353,225
1_4048192,14
1_3368473,429
1_2859746,190
1_7692460,651
1_4286537,578
1_2731672,798
1_5877875,414
1_5630882,1454
1_3769940,76
1_6050405,358
1_4770234,1455
1_1747815,57
1_11921,554
1_4179739,732
1_4122080,262
1_1791669,622
1_5632745,275
1_1170795,181
1_1946976,216
1_5480871,867
1_288726,303
1_7390063,1456
1_6509843,764
1_3895064,160
1_6043204,469
1_2744546,14
1_856552,574
1_6158660,162
1_8141583,98
1_3933033,585
1_7225740,186
1_7361057,898
1_589737,475
1_3123863,1167
1_1862796,544
1_3780818,1457
1_5602091,118
1_3638219,386
1_4915017,190
1_5507928,288
1_4672068,46
1_118237,914
1_3151278,113
1_2445379,257
1_7442519,66
1_7892463,1003
1_6145583,532
1_264989,1458
1_3724538,186
1_2073331,119
1_2221206,3
1_3690510,1190
1_1212459,105
1_2351618,6
1_5075175,1459
1_847575,907
1_4752941,1460
1_1164532,525
1_3450710,474
1_449112,679
1_51130,1102
1_4075281,324
1_7664492,9
1_79112,1461
1_3469210,1010
1_1090097,292
1_7781061,69
1_4401511,133
1_3010093,19
1_4813661,65
1_4660094,170
1_1081724,451
1_2744222,437
1_951641,638
1_7561052,1462
1_2974579,1463
1_2003259,1102
1_2608763,1464
1_2278326,186
1_358466,1465
1_6215451,63
1_4291224,282
1_993818,413
1_3602249,49
1_1231915,627
1_7219163,324
1_7794729,494
1_6752632,541
1_8128607,426
1_3733253,159
1_6920570,262
1_101035,387
1_8100172,1466
1_1905809,572
1_8042426,431
1_2133104,387
1_7688239,241
1_1408017,234
1_1047919,420
1_2444722,824
1_6009319,265
1_7077306,1467
1_180808,6
1_7682046,451
1_6518103,238
1_7212409,262
1_6515361,282
1_124938,1468
1_2024658,852
1_4777132,145
1_4642679,222
1_4691469,78
1_7626003,16
1_6025549,15
1_427696,1469
1_7519788,472
1_5112460,158
1_7669556,250
1_6072358,92
1_1860700,1470
1_3575633,1295
1_6834570,1106
1_5501670,398
1_3009370,285
1_7598172,239
1_1783183,617
1_3846943,49
1_2157732,1471
1_1513987,148
1_1569297,292
1_2667911,1472
1_4490927,15
1_2247397,429
1_3815772,206
1_5700541,66
1_5365312,986
1_823105,1473
1_6236002,126
1_6568553,61
1_21675,495
1_301495,268
1_1956761,85
1_2398672,191
1_2081953,449
1_5766847,1073
1_3375642,373
1_7317167,486
1_828810,371
1_4683954,146
1_7974384,484
1_3210330,1474
1_619413,137
1_7413769,502
1_2766387,1197
1_2092903,73
1_7393447,137
1_6402567,15
1_3598829,532
1_4568863,477
1_91311,95
1_6653444,246
1_225688,1475
1_2090105,216
1_1328307,145
1_2907093,597
1_7075438,251
1_3008825,62
1_1380378,91
1_7196735,278
1_6248830,579
1_7175828,221
1_2898049,262
1_7043058,907
1_7137945,467
1_4787185,589
1_4202349,327
1_1802992,1476
1_3103551,234
1_3292996,137
1_6407057,146
1_5888022,403
1_3205428,387
1_1788862,328
1_4116395,110
1_7329067,164
1_4707140,40
1_4331113,64
1_6257372,291
1_5352254,64
1_7724065,292
1_393181,239
1_4822687,1477
1_5416661,1478
1_6331705,65
1_3782493,19
1_6825366,749
1_7075919,113
1_3311552,186
1_5907645,201
1_5176244,73
1_4512552,88
1_19345,866
1_164906,84
1_4313822,449
1_3566719,225
1_5720094,1479
1_7440027,3
1_4431903,415
1_5222660,738
1_1707996,30
1_4173995,698
1_6406575,883
1_8220774,282
1_5256677,23
1_5136171,322
1_3043697,64
1_5990467,790
1_1022529,5
1_6992741,178
1_2822589,42
1_3063502,1480
1_860377,472
1_6103506,301
1_7553018,307
1_3664850,104
1_205880,1481
1_5146436,66
1_6352069,297
1_7821656,135
1_372393,15
1_5967055,147
1_5135591,1047
1_6880715,374
1_564615,102
1_5985017,117
1_4238271,248
1_3124280,194
1_2193215,62
1_2370828,201
1_5577924,903
1_7422240,1482
1_6355967,319
1_7531512,360
1_1385896,664
1_4102159,467
1_4873097,1483
1_1892670,104
1_6468382,123
1_3268146,821
1_3446834,1484
1_6450143,1485
1_4045712,275
1_4736732,15
1_7180167,570
1_5226949,773
1_1688574,16
1_3545404,1486
1_4906480,1487
1_5465706,40
1_6351298,451
1_4726952,838
1_305076,118
1_5584185,874
1_7694197,76
1_7983935,518
1_5382200,177
1_5460771,467
1_6600241,1488
1_5274644,437
1_2280027,66
1_2815503,30
1_4350998,429
1_2931481,97
1_5527846,64
1_5115966,1489
1_3438072,745
1_5360529,729
1_7288007,292
1_3713301,208
1_5905551,586
1_6696701,1490
1_795806,462
1_3925389,486
1_7102525,147
1_4720834,239
1_670347,683
1_7033241,420
1_2489196,1491
1_7626163,186
1_423100,1492
1_5890362,468
1_6801562,1493
1_1458868,254
1_6150846,925
1_1536364,1305
1_2412398,1075
1_5680847,1494
1_1423571,187
1_6258383,158
1_7670344,46
1_5984675,1495
1_2181074,321
1_514730,239
1_6125276,16
1_1998591,228
1_5233530,91
1_6574278,1052
1_2117854,62
1_1891224,225
1_4702031,234
1_1969683,76
1_2610089,724
1_4708706,645
1_6574624,46
1_2794659,62
1_996642,319
1_3464123,46
1_2283876,1496
1_6670443,1166
1_1210602,1060
1_7964411,130
1_8115313,50
1_4714571,90
1_6666114,954
1_3572548,141
1_1578640,525
1_3781133,647
1_1249811,76
1_1531656,729
1_3810199,1497
1_5508625,75
1_7047007,787
1_3809985,1498
1_2277718,137
1_285744,196
1_7172467,13
1_378405,3
1_6548819,143
1_4560671,1182
1_7587463,1499
1_7124463,216
1_6761726,695
1_4585091,5
1_6972709,19
1_5338156,1500
1_3946904,76
1_3341192,1501
1_4071312,246
1_6221931,88
1_575464,108
1_1963131,291
1_6158433,65
1_849358,16
1_4410861,1502
1_3495426,451
1_1451484,1208
1_1509777,292
1_7993339,88
1_7442393,433
1_2613620,81
1_6903794,248
1_2149107,1279
1_4674326,6
1_2475208,248
1_654421,212
1_5936030,574
1_1701637,1154
1_4341496,925
1_7878153,62
1_7682773,244
1_6934855,1503
1_7347987,87
1_1521733,459
1_2783620,16
1_3749067,135
1_6765422,110
1_2397807,625
1_3334776,254
1_6016672,502
1_2998785,910
1_3074765,1328
1_4506933,46
1_5076331,441
1_5937637,972
1_2979667,20
1_232383,231
1_4552399,117
1_2765084,1131
1_1401468,4
1_1396046,106
1_3560606,14
1_1162615,103
1_3615239,189
1_5418382,1504
1_7023683,15
1_3248106,139
1_2774349,294
1_5469802,243
1_3829219,145
1_3850124,174
1_8036291,16
1_6802386,456
1_1264560,267
1_7247115,88
1_3836319,259
1_8120455,1
1_2154770,15
1_866411,46
1_7793711,1505
1_5470769,408
1_453637,40
1_6402111,489
1_957268,117
1_5620379,28
1_5879669,55
1_6820454,1506
1_5060158,1507
1_4769197,1508
1_4058451,90
1_3276469,133
1_475977,137
1_4395563,137
1_5564135,1509
1_5014251,210
1_5685701,88
1_6052233,583
1_1567968,73
1_2850124,19
1_7256458,121
1_7387969,1510
1_2346708,30
1_1101711,298
1_4693295,321
1_420957,958
1_5661344,18
1_2276098,11
1_3126542,44
1_4654469,103
1_6998786,248
1_3082628,387
1_331199,9
1_3744703,21
1_7852094,174
1_4798090,123
1_5937508,216
1_2250337,72
1_7990790,331
1_8059945,1090
1_2214736,240
1_4594030,884
1_1243272,37
1_5902572,182
1_6455698,894
1_6309351,117
1_6351433,46
1_3139676,37
1_927380,66
1_5434245,1076
1_7972229,1511
1_4101295,1512
1_2175081,383
1_5467062,146
1_7421394,1513
1_7332382,732
1_6038282,66
1_7192977,538
1_1043159,117
1_3542648,92
1_4885559,46
1_3283688,219
1_5697688,1514
1_5174645,49
1_8092577,92
1_2497758,413
1_3049192,1515
1_499764,1163
1_2206745,474
1_7345908,687
1_3286464,46
1_398784,387
1_608433,238
1_8179905,206
1_7996046,11
1_5750118,248
1_3619062,66
1_1844724,1328
1_357637,179
1_6127657,275
1_870348,177
1_1529098,390
1_1697710,21
1_330732,1516
1_585239,1337
1_1256518,221
1_4100617,8
1_4338115,73
1_1891993,565
1_461573,956
1_2192441,107
1_6058297,270
1_7229232,704
1_6005250,11
1_5866328,360
1_969772,725
1_4582526,654
1_6199233,59
1_1139498,217
1_3288541,65
1_7043443,145
1_3501831,253
1_1872868,137
1_7818317,925
1_6918479,162
1_1382624,514
1_1425586,3
1_802182,304
1_3752896,73
1_1024221,19
1_7946685,429
1_903384,6
1_5469488,334
1_128866,761
1_8015844,105
1_2879158,105
1_6917327,482
1_2815431,705
1_720465,161
1_5170928,1517
1_145711,292
1_6956066,24
1_7113037,1237
1_5589593,104
1_1636236,319
1_3003591,123
1_2047626,146
1_7499425,8
1_2633564,1518
1_2153297,318
1_7607918,345
1_2211427,84
1_5263088,30
1_4428192,334
1_3980550,1055
1_5290105,1519
1_6840657,1520
1_1950569,429
1_4268017,1521
1_1980309,15
1_4292008,206
1_1453024,644
1_5182336,201
1_219677,19
1_6900028,173
1_7431581,1522
1_1261131,46
1_6172642,3
1_6020257,491
1_1213845,460
1_3053286,311
1_5296334,1148
1_2756702,1075
1_5464389,16
1_707003,607
1_5816870,227
1_3940574,74
1_3283150,181
1_5397461,1523
1_946714,1222
1_1681014,92
1_4383394,262
1_5847515,164
1_7480393,11
1_5900840,393
1_55243,174
1_6180593,84
1_4379572,667
1_2834679,162
1_2532574,466
1_1123614,544
1_652427,97
1_1403204,190
1_3364793,297
1_7338937,645
1_7904061,500
1_1496244,52
1_2385664,113
1_2444911,121
1_5420669,173
1_2086431,500
1_8166431,566
1_2609184,339
1_2152380,262
1_7850640,729
1_7398648,278
1_5703352,1524
1_1286936,271
1_4888769,1525
1_5496977,472
1_7375542,383
1_8107490,486
1_7868062,117
1_6132986,152
1_1830682,97
1_7094823,46
1_3529751,46
1_313333,117
1_6595095,503
1_7417563,15
1_3060465,502
1_5842135,152
1_6583865,137
1_5323236,15
1_7791490,1142
1_4567151,1526
1_1393044,436
1_4977687,66
1_7479578,216
1_6660864,1095
1_7276788,68
1_1943607,1527
1_2096950,239
1_5983600,15
1_6083469,319
1_5628203,316
1_8114033,41
1_8050723,1528
1_278061,96
1_5533523,1529
1_3270271,626
1_7289272,55
1_6248896,598
1_3644026,246
1_4034988,40
1_1460031,645
1_3255471,413
1_5295281,73
1_7156741,56
1_1935629,324
1_6144313,345
1_3981318,373
1_3202726,1064
1_6971981,6
1_2186199,331
1_5018093,130
1_7810188,11
1_3601438,388
1_4447937,31
1_7445908,451
1_5550757,11
1_2803027,66
1_7885846,1142
1_6439164,459
1_5808841,920
1_1595159,1065
1_1695450,243
1_4585458,65
1_3923162,1530
1_8130559,1531
1_5163381,91
1_3150064,246
1_1954307,2
1_221972,552
1_6728895,160
1_2646307,429
1_7872916,584
1_5289839,907
1_7949081,1532
1_76739,624
1_1414785,6
1_619040,162
1_1919088,92
1_7738237,113
1_6461125,179
1_7720283,814
1_7021779,414
1_4538000,429
1_3903659,239
1_5581347,332
1_8134743,808
1_5377179,9
1_1010649,16
1_6180441,146
1_6458287,270
1_2364713,201
1_1095675,274
1_196646,206
1_2556781,914
1_7400548,1533
1_65961,208
1_5712439,1534
1_4886008,78
1_4029883,318
1_5031699,152
1_3139552,8
1_4839027,231
1_2445300,208
1_8025498,117
1_123997,183
1_5296564,1535
1_8053593,627
1_4419095,565
1_6786583,232
1_6030862,146
1_6810013,40
1_3075243,182
1_3320292,334
1_6936150,693
1_5927282,2
1_2682787,36
1_1253954,117
1_134103,216
1_1906042,46
1_6370708,173
1_4471035,571
1_7255632,437
1_1696708,240
1_4018577,3
1_7066763,1536
1_2280811,544
1_7162236,749
1_3010052,41
1_6830548,19
1_7375543,566
1_1341760,474
1_6675734,19
1_4399752,187
1_675164,228
1_4400996,265
1_1064587,117
1_3484078,1537
1_8055515,186
1_7896781,216
1_2091526,627
1_6522890,110
1_5379011,466
1_547177,146
1_2983519,183
1_7765740,449
1_7302835,74
1_4835391,857
1_7153084,229
1_3530145,1270
1_7103091,1538
1_8152853,1539
1_5040324,11
1_6911902,517
1_6338606,148
1_5457259,1094
1_7953820,161
1_4270524,437
1_5109069,239
1_4115235,18
1_7839074,214
1_3106160,429
1_1768560,186
1_37562,161
1_3383129,1540
1_4077704,194
1_1377073,271
1_3698574,617
1_7082078,159
1_741533,40
1_2445930,450
1_4025146,942
1_6889245,292
1_380068,113
1_5472400,96
1_6024763,646
1_3631022,451
1_4845268,122
1_5475165,330
1_6068449,40
1_681039,46
1_1577679,248
1_5330388,516
1_3970063,744
1_2130717,363
1_1195183,11
1_6604915,159
1_6549420,227
1_7516670,1541
1_4360683,206
1_5277888,898
1_6805188,1542
1_5289601,720
1_3236901,216
1_7823473,861
1_7369343,265
1_5053012,181
1_3484655,80
1_4200018,181
1_5666033,745
1_4501519,64
1_2285136,583
1_1440512,301
1_5675206,568
1_6442257,883
1_6481766,867
1_2831863,18
1_2197930,353
1_3984395,289
1_1770970,18
1_4688519,358
1_4662666,1339
1_1686119,1077
1_2307764,292
1_7517773,278
1_5401333,191
1_3642087,502
1_5127595,227
1_6703307,1543
1_1877140,30
1_2012059,727
1_1090259,46
1_1245433,36
1_1329611,62
1_5699804,3
1_320206,15
1_1371896,44
1_7866040,106
1_669744,210
1_606591,11
1_1015352,356
1_7545271,191
1_7766824,248
1_1415662,137
1_3187713,135
1_7184879,191
1_5064820,732
1_1142988,123
1_3877849,765
1_4158154,216
1_2289067,508
1_2315356,153
1_8029967,126
1_993879,339
1_2977145,413
1_3764213,15
1_1436190,431
1_6205583,6
1_1223926,370
1_4950822,297
1_1240858,48
1_2685141,482
1_6056137,137
1_7075348,484
1_5947427,373
1_4566531,15
1_2476765,35
1_6808623,46
1_6892820,117
1_7595474,1097
1_7292417,388
1_1796881,1544
1_7586668,1545
1_3430470,683
1_4449859,429
1_6323787,137
1_5564359,1546
1_6856303,11
1_1138401,1547
1_540559,201
1_6500712,310
1_3898799,66
1_105601,117
1_7995744,54
1_4296855,76
1_1213651,62
1_4880190,15
1_2515156,466
1_2761378,133
1_8228791,1548
1_2244596,1549
1_6378408,49
1_7017441,1550
1_7639492,516
1_361493,588
1_489228,617
1_4414010,165
1_5278750,66
1_5512870,1551
1_7978437,105
1_5689838,46
1_5512684,160
1_85975,216
1_3718575,187
1_7990752,159
1_4453515,318
1_6678483,541
1_2472065,644
1_3984621,1552
1_6080211,278
1_136947,414
1_3195406,179
1_841816,181
1_4325029,374
1_505154,1553
1_3881836,1554
1_7861883,718
1_7862197,57
1_6180445,101
1_3351080,344
1_5958877,384
1_2568621,4
1_4335871,248
1_1665692,278
1_8169089,744
1_5760117,73
1_5148961,441
1_1072238,1089
1_1529437,372
1_6596843,179
1_933723,66
1_6340957,331
1_4189618,66
1_6558853,248
1_5223955,185
1_6855362,1065
1_2936844,120
1_7617505,66
1_4004997,46
1_6660205,1555
1_1636591,165
1_7392298,861
1_7773877,20
1_6897673,1556
1_314110,202
1_2363461,126
1_6580919,1557
1_6533015,1558
1_7652150,420
1_7459234,225
1_1163646,95
1_190566,508
1_5998865,246
1_5390356,46
1_4951172,186
1_1007358,234
1_515789,62
1_3323739,429
1_6206415,135
1_2070322,292
1_4281949,120
1_3068510,1220
1_2017002,1189
1_7963770,174
1_7683067,3
1_4985394,46
1_1487299,327
1_3752165,645
1_8140944,76
1_3332666,432
1_6862516,542
1_796623,961
1_7237601,30
1_7207266,243
1_5836768,921
1_3564443,509
1_7944749,46
1_5980784,61
1_4802185,125
1_6735374,292
1_821205,583
1_7426215,304
1_7865549,576
1_7167017,1559
1_470635,117
1_6150212,19
1_4714057,601
1_101368,622
1_2909508,40
1_2186619,1047
1_4623811,449
1_3598809,433
1_922838,117
1_357168,1560
1_3595337,197
1_1219660,84
1_1848378,123
1_1852863,586
1_1096096,142
1_226001,407
1_5990329,181
1_479092,234
1_6774741,843
1_4819491,126
1_9069,1561
1_7921620,225
1_2250559,117
1_1117300,88
1_3089930,694
1_7103157,130
1_5916181,1562
1_6926122,212
1_2136005,462
1_7899362,473
1_4168002,196
1_3922960,1563
1_4200023,241
1_2109340,86
1_5306525,500
1_543083,126
1_3129676,537
1_6645310,142
1_6660772,1564
1_5933850,234
1_2783880,508
1_4744958,46
1_3776902,94
1_647547,256
1_7958015,1138
1_4979152,63
1_6769363,187
1_4952111,134
1_6998539,246
1_1765635,123
1_5345363,1565
1_4750112,82
1_1155239,1566
1_2138169,274
1_27933,15
1_2966399,1567
1_922568,18
1_4277478,1333
1_6269618,1568
1_5922949,186
1_5650341,105
1_8178195,173
1_4727137,1569
1_7240078,1570
1_5564099,55
1_6983531,117
1_3656645,827
1_3912445,437
1_4214072,171
1_376840,13
1_6842477,216
1_7000103,315
1_772443,360
1_953972,123
1_1617438,246
1_8065736,248
1_3970379,1571
1_477022,1572
1_2176520,1573
1_3466292,6
1_6365552,1278
1_1661341,46
1_6364894,645
1_1562655,749
1_8227166,738
1_2405090,1142
1_7289238,1574
1_3696421,34
1_4923726,186
1_4691629,518
1_3479274,815
1_3303282,12
1_6056837,289
1_6728750,407
1_3926268,135
1_5107302,1575
1_7709567,29
1_6621859,547
1_3527514,1576
1_2962871,30
1_7642985,808
1_7281455,42
1_721320,1577
1_5801675,1305
1_3779376,251
1_7031195,153
1_1060586,186
1_3833204,327
1_6362350,1578
1_3710721,245
1_1211729,6
1_2963544,246
1_7327756,229
1_5247237,136
1_3592396,544
1_1622189,294
1_183989,386
1_1320271,46
1_3817785,83
1_7353540,29
1_7407965,22
1_7067666,1579
1_3679449,5
1_1443106,1580
1_588991,179
1_2853557,626
1_5492392,52
1_1543140,30
1_3754234,19
1_5373018,362
1_7395377,1581
1_3528204,11
1_1763693,486
1_5947008,206
1_6160806,791
1_2286928,302
1_3876778,240
1_5372775,343
1_2095701,54
1_6694732,16
1_6590141,716
1_6879476,54
1_4763206,248
1_3895393,1582
1_3184519,1583
1_8144622,301
1_984237,334
1_4637991,711
1_1039019,1584
1_2455419,121
1_216940,208
1_4671099,187
1_6241352,1585
1_7562765,74
1_7727554,1586
1_4564865,46
1_4301626,1587
1_1814967,755
1_4015955,1588
1_1510110,49
1_7114660,56
1_5043867,152
1_6694068,535
1_412483,571
1_3296714,132
1_502724,319
1_8157218,126
1_29456,188
1_5276017,1589
1_3637576,509
1_7762287,262
1_5239074,1590
1_4624114,485
1_3391002,160
1_4114691,52
1_4741124,77
1_1726135,1297
1_3561891,180
1_5164171,137
1_3448709,310
1_1251511,117
1_769802,333
1_7818412,16
1_2132068,474
1_3476941,306
1_8224662,532
1_2278854,46
1_731597,1237
1_7605514,694
1_7148796,145
1_6334913,1591
1_7526770,712
1_7220095,1592
1_7356084,250
1_5957268,214
1_5141213,46
1_6948606,301
1_7975542,231
1_2430821,443
1_2556182,990
1_1801328,180
1_5627436,437
1_7798640,1593
1_5841541,1137
1_2423882,455
1_4432935,244
1_4127457,291
1_3219967,162
1_7828064,141
1_1385644,946
1_6339093,15
1_3144929,262
1_524329,46
1_2119194,42
1_868484,437
1_2292387,46
1_2586715,1594
1_1395395,152
1_4748103,1595
1_957968,345
1_3512195,288
1_4451686,437
1_3802355,429
1_5906550,18
1_3760774,377
1_3842030,125
1_70338,627
1_5122063,282
1_8230669,353
1_45974,729
1_1075917,228
1_6493109,936
1_1467670,1596
1_2387255,185
1_2920011,44
1_688286,647
1_4674338,324
1_1452757,747
1_7585518,481
1_454713,1597
1_7499153,268
1_3127142,356
1_4490347,940
1_2795563,109
1_7869838,1323
1_624795,1598
1_902265,135
1_3615275,229
1_3630465,1313
1_4028674,125
1_972205,27
1_4494840,327
1_5315963,117
1_6791608,566
1_391009,31
1_1623003,1599
1_483807,125
1_7089172,1600
1_3059031,661
1_4923032,462
1_2615562,64
1_7627222,1004
1_73887,46
1_568278,63
1_1255768,15
1_1735497,815
1_5914152,164
1_3245341,450
1_7736703,455
1_5612726,1601
1_3044446,16
1_5462213,304
1_4166168,1222
1_6967252,186
1_1355449,117
1_42286,990
1_8057439,1602
1_3114126,91
1_5108891,40
1_2003757,874
1_4849628,66
1_3330078,1603
1_6159621,903
1_1702773,243
1_2420125,46
1_6666708,19
1_3737026,220
1_3003687,46
1_7805474,316
1_1349529,66
1_290067,709
1_3230590,154
1_7535507,193
1_7277260,361
1_3355600,66
1_3439732,123
1_6473393,186
1_4251557,11
1_3479868,232
1_627518,15
1_3252555,46
1_3390970,44
1_1403537,1150
1_3638480,866
1_5187151,246
1_2635506,1060
1_217969,774
1_5844875,1273
1_6202581,429
1_7886369,292
1_4065781,1604
1_3919052,65
1_3669548,267
1_6451398,11
1_4114366,46
1_1070803,117
1_7039014,1195
1_1034946,57
1_7222331,880
1_970533,227
1_664934,160
1_663515,220
1_7304242,1605
1_7944138,324
1_5344314,976
1_8196543,39
1_2102318,351
1_4618123,96
1_8134543,719
1_6685023,469
1_1509983,5
1_6232541,72
1_368794,580
1_4914484,1606
1_3671288,1607
1_4819675,374
1_7477151,562
1_3851843,196
1_444985,3
1_3441131,92
1_2510295,416
1_7378481,315
1_7557140,502
1_2379581,46
1_5823761,72
1_5293889,65
1_3076430,1608
1_1934772,188
1_428448,211
1_5140232,123
1_8018929,196
1_3574722,1609
1_2993740,46
1_7532442,1610
1_2663867,242
1_4916870,417
1_3442942,1611
1_7033907,109
1_1315064,887
1_6795831,84
1_3034086,1612
1_5208506,186
1_5209503,65
1_5877896,228
1_674205,1613
1_6303264,73
1_516507,467
1_3555160,1060
1_3124586,216
1_6566985,88
1_2382704,956
1_2518391,66
1_1662009,152
1_3887083,195
1_2290897,1614
1_2936740,46
1_7573616,281
1_6163915,44
1_6456990,440
1_453979,459
1_3215271,211
1_5991000,168
1_2154540,80
1_7614757,250
1_2918779,132
1_600142,110
1_367316,219
1_21025,147
1_2094010,928
1_1067952,489
1_2199916,216
1_1181573,110
1_5944069,1615
1_7316730,1616
1_2479235,1237
1_83373,222
1_1891582,65
1_3453740,597
1_7085638,9
1_2071751,62
1_7190749,316
1_5314838,484
1_2720956,141
1_5721806,170
1_7614566,1617
1_4104664,185
1_6602877,162
1_6815472,274
1_4503841,248
1_6823750,119
1_2511780,149
1_1820876,441
1_7752860,278
1_1360642,332
1_3507476,46
1_3045329,297
1_1486133,1618
1_3207297,586
1_3661366,169
1_4135357,6
1_4067867,1619
1_7139871,271
1_3750304,1620
1_2676922,19
1_3228511,808
1_618342,141
1_8167705,1621
1_8190201,92
1_3278613,292
1_7252965,1127
1_5655024,1622
1_4532540,240
1_441871,225
1_4477621,228
1_6577058,668
1_2756534,267
1_581598,121
1_6918960,717
1_178116,137
1_4578996,668
1_4162515,164
1_6876540,1623
1_1225777,725
1_5284297,1624
1_3842405,212
1_5262969,161
1_5858441,149
1_584868,1625
1_4717325,149
1_5676819,234
1_7908440,44
1_3447515,222
1_7660187,1047
1_476070,1626
1_7029886,92
1_402357,1627
1_2085036,19
1_5947924,4
1_2266592,957
1_4007717,157
1_4746447,62
1_7961490,216
1_1833353,356
1_4584984,814
1_6618912,852
1_4642972,738
1_3807079,432
1_816319,862
1_5248613,459
1_5307442,467
1_7527638,38
1_2349018,151
1_7250073,186
1_5390673,135
1_2566419,113
1_5465366,237
1_5170583,791
1_1497774,907
1_5606429,390
1_89495,248
1_790902,454
1_5317814,1628
1_5863342,387
1_553056,92
1_6713134,149
1_5377672,159
1_7594814,9
1_4012887,43
1_5543297,187
1_5131933,516
1_352015,345
1_6564548,364
1_5840180,651
1_6629935,1629
1_2190357,51
1_350128,431
1_1986336,1085
1_3826511,30
1_326293,278
1_5625056,1630
1_1912553,712
1_6370165,586
1_4801310,879
1_7464446,565
1_350239,1631
1_6571071,1632
1_7941738,221
1_4366116,19
1_158583,251
1_3428651,645
1_3476083,353
1_600757,286
1_2142053,383
1_1389219,110
1_7831158,739
1_3367725,229
1_4752220,478
1_3799230,562
1_7392993,159
1_8021337,80
1_970475,189
1_7028863,936
1_139951,109
1_1202741,502
1_30789,35
1_5915374,767
1_7204811,199
1_4988171,1633
1_249343,790
1_5859149,437
1_7912416,878
1_3667765,294
1_7810,978
1_2171256,267
1_7472444,502
1_4970763,455
1_2719352,113
1_6649770,59
1_3097939,196
1_1583229,90
1_6943036,92
1_7579109,1634
1_7324708,1635
1_2259674,315
1_5983147,321
1_2627,197
1_6428159,832
1_6935195,152
1_7149294,508
1_2022100,1636
1_3436405,561
1_6199934,202
1_6921236,241
1_7188558,890
1_5731164,185
1_8164362,211
1_5728845,148
1_2670424,174
1_971439,5
1_1123868,76
1_3734947,271
1_6097093,46
1_6380969,417
1_2418794,68
1_5491406,673
1_6469802,159
1_2127645,117
1_1747612,41
1_255048,767
1_6583966,190
1_246722,234
1_1045657,88
1_5803025,1296
1_4942605,1221
1_3987793,304
1_1756615,250
1_7104934,558
1_770131,642
1_3092165,782
1_4522758,729
1_6811187,445
1_8053082,153
1_1645306,179
1_3686380,1637
1_3922720,139
1_239204,333
1_7028014,327
1_1674077,749
1_7452014,137
1_4296286,1638
1_3056476,137
1_887490,296
1_3033820,1046
1_2935885,11
1_4576522,214
1_3753814,429
1_323718,54
1_5621715,30
1_1278304,294
1_7220830,1639
1_1743454,750
1_40454,95
1_1799814,679
1_7396414,187
1_4295511,94
1_3229756,604
1_5731092,190
1_604873,583
1_7506081,77
1_6107280,110
1_3213625,19
1_7108311,566
1_3552416,239
1_427693,1011
1_6112101,167
1_5506513,194
1_4047630,1640
1_3362564,160
1_2340614,179
1_633646,1641
1_8077047,55
1_7405313,6
1_6580772,76
1_7814130,516
1_6187120,15
1_6379185,61
1_1236856,177
1_1196721,216
1_3655453,1642
1_8012654,214
1_6646915,80
1_326490,324
1_4624253,227
1_225182,92
1_3059355,566
1_7989124,1643
1_6373167,601
1_2261289,288
1_3462495,506
1_6819347,1644
1_2542214,88
1_6020438,360
1_782115,1201
1_6733741,254
1_2891747,1645
1_7691435,161
1_1958273,597
1_4941764,5
1_6473479,30
1_7955551,48
1_5665278,46
1_6854709,1646
1_983818,12
1_3849293,181
1_1702514,274
1_2181026,186
1_7492491,135
1_5152173,14
1_2081150,807
1_6021769,430
1_7609863,146
1_2956765,159
1_1553408,565
1_4971850,135
1_3484898,1647
1_2994514,1648
1_6293591,117
1_8203971,1649
1_6728743,861
1_5188206,1650
1_7102072,62
1_1037631,63
1_2012164,839
1_7965660,38
1_5369172,603
1_6365548,154
1_3526404,1174
1_8136468,387
1_4260962,1651
1_1442658,22
1_5470098,76
1_2134042,282
1_107751,583
1_858088,1010
1_2524308,1
1_1752835,104
1_7009314,2
1_6604631,248
1_281962,377
1_6087619,292
1_1873607,102
1_325667,471
1_7051195,357
1_4138494,15
1_3554163,186
1_557935,462
1_7644111,502
1_1400624,181
1_626473,126
1_7950714,15
1_2373414,1212
1_2482332,187
1_1914857,248
1_5608196,87
1_4931021,170
1_5578411,179
1_300244,668
1_6463613,40
1_994642,1249
1_4273155,46
1_6098123,73
1_8201635,1652
1_6869185,345
1_813756,110
1_4230739,113
1_4065900,19
1_2324838,735
1_1288424,365
1_6802164,277
1_4140410,96
1_6536901,173
1_1295489,1653
1_4106780,1654
1_5229537,1655
1_808220,5
1_2234721,181
1_2656308,114
1_7662139,1656
1_6495971,415
1_7845007,459
1_7476436,403
1_7971277,55
1_3056947,467
1_393027,6
1_6017928,187
1_4528856,126
1_4142945,113
1_1188963,68
1_7079319,243
1_5491835,334
1_7201863,46
1_8043610,450
1_4608904,96
1_1274174,1657
1_4152927,1658
1_4206327,733
1_3355230,84
1_6049934,40
1_3969540,459
1_7496577,18
1_3393973,1659
1_4676962,580
1_6693358,1238
1_3939817,1660
1_4829569,1661
1_746721,248
1_4466324,18
1_4781643,301
1_6596735,84
1_2311265,123
1_7911658,30
1_8030701,19
1_5695427,921
1_2577432,414
1_7747935,4
1_4537767,1662
1_3210180,242
1_6979594,16
1_6992418,710
1_4006911,55
1_7046849,604
1_1110033,216
1_5174905,15
1_1539301,868
1_2469678,197
1_360792,1663
1_949879,185
1_4242745,334
1_831019,449
1_4261652,88
1_2604023,1664
1_1535637,282
1_1479055,135
1_4398056,3
1_5481097,253
1_3068501,225
1_8106256,130
1_2726689,476
1_6673829,109
1_7575762,227
1_2367940,124
1_8008070,972
1_1871358,898
1_7072542,1665
1_7189666,898
1_5983743,147
1_5451342,116
1_301990,1666
1_2284398,30
1_3664408,716
1_5619364,645
1_6119792,191
1_2055720,723
1_7068075,346
1_7097581,1667
1_7558811,1668
1_7325020,24
1_1032783,78
1_4711703,1669
1_496555,68
1_5215761,6
1_2508251,566
1_1752047,36
1_2018803,383
1_5363932,240
1_1178079,449
1_5256312,156
1_2543864,191
1_7984229,117
1_2439619,680
1_1595495,217
1_2518592,194
1_2580677,15
1_5251401,319
1_8109260,539
1_2381303,1040
1_2969309,1670
1_1804196,173
1_2035847,179
1_5135935,225
1_364459,679
1_2762243,1671
1_6399287,11
1_5931057,96
1_6619236,125
1_7921585,66
1_1417550,14
1_2416259,63
1_3372336,494
1_7523863,288
1_1913988,710
1_8204559,223
1_8024618,297
1_194649,182
1_3562729,44
1_4475635,1672
1_7779995,1113
1_3988984,304
1_1300918,61
1_6264502,1673
1_2386444,415
1_5999904,583
1_1454661,791
1_1572730,241
1_3996833,523
1_7297665,429
1_1792102,141
1_7727040,21
1_7073074,121
1_39529,135
1_2325299,327
1_6698749,9
1_7571407,1674
1_6338407,19
1_4831135,274
1_2232901,986
1_6375981,234
1_7366949,126
1_7361592,626
1_5627580,451
1_935367,186
1_4011666,177
1_6454364,15
1_872416,1073
1_5759890,46
1_966869,640
1_5797139,117
1_5625867,16
1_4286308,417
1_3755303,30
1_1974986,217
1_5201094,99
1_6275466,64
1_4249366,1201
1_6510403,110
1_929398,362
1_2075753,397
1_482340,718
1_1391509,469
1_3783563,1675
1_6092692,61
1_1425896,234
1_5973697,191
1_6958349,1676
1_1421549,986
1_6437257,292
1_5599706,1677
1_1089669,716
1_4438512,1678
1_2879791,387
1_5303586,761
1_915954,761
1_457987,125
1_1569698,165
1_1374347,227
1_839310,301
1_3848757,1679
1_7177466,187
1_6898457,467
1_1725562,1680
1_5875107,1681
1_6274122,66
1_636502,19
1_4082007,65
1_6568070,84
1_3573738,729
1_4851649,135
1_2713508,1682
1_4058027,73
1_2081115,11
1_7351108,19
1_945233,304
1_6047252,903
1_7026753,969
1_2725116,1683
1_3670761,1684
1_155879,625
1_4536135,1685
1_6579759,301
1_3271959,851
1_3666982,1686
1_2967044,539
1_5567872,1167
1_4986935,887
1_4624387,701
1_392178,78
1_7261067,1687
1_2723560,66
1_2264024,73
1_1417720,641
1_2837734,605
1_5715683,6
1_3104458,1688
1_2697330,6
1_4050953,73
1_7504100,1689
1_7217631,292
1_5888741,333
1_6407209,46
1_1642430,183
1_6165324,199
1_2400483,90
1_4708171,829
1_1264620,1690
1_5898200,1691
1_4206523,62
1_5802553,1692
1_3199188,304
1_7400131,871
1_1467453,447
1_5757460,123
1_781832,413
1_2935611,15
1_5254761,1155
1_6349933,288
1_7683385,186
1_5372954,1693
1_6672609,327
1_3562656,1694
1_6383759,105
1_3689175,1176
1_225663,504
1_5062521,459
1_1825389,152
1_7784036,319
1_6616207,1695
1_8196196,373
1_4837219,264
1_6564119,46
1_7165954,318
1_3736864,88
1_1383076,6
1_2940111,972
1_4654250,583
1_7844255,187
1_7170345,680
1_4169770,1696
1_4635110,103
1_4823277,6
1_4802803,66
1_5701426,1697
1_7528326,88
1_7120240,895
1_6836,724
1_2872889,986
1_4307465,46
1_1207262,49
1_7235519,43
1_5364843,318
1_6814943,121
1_24213,134
1_769244,206
1_3609251,133
1_1567861,884
1_4874511,86
1_3689395,65
1_4816349,46
1_8033786,117
1_515612,66
1_802295,62
1_594413,110
1_163649,1113
1_7075683,239
1_5706689,1698
1_3921862,185
1_2752169,66
1_4943317,227
1_3256096,321
1_1088561,24
1_3505517,1699
1_2575052,248
1_5288344,15
1_6901562,185
1_7144499,121
1_3321800,1157
1_1475102,438
1_4655367,746
1_536987,216
1_5484955,117
1_2347858,145
1_1105476,767
1_5765767,365
1_926681,225
1_2299739,726
1_3325091,34
1_1470335,117
1_5722304,225
1_3690493,1700
1_6290738,15
1_6936112,137
1_2423924,339
1_4132483,19
1_7558279,719
1_418296,607
1_735303,319
1_130947,52
1_6704767,290
1_3286603,331
1_4081439,760
1_1826586,1154
1_4287073,214
1_1768669,227
1_3226751,117
1_237221,388
1_5224218,1701
1_2217770,185
1_5659880,1702
1_5035882,141
1_2860634,861
1_6906816,142
1_182142,28
1_62039,350
1_1938784,922
1_2128355,880
1_6652837,930
1_7358874,583
1_2147140,46
1_4598686,1703
1_7669359,304
1_1546486,377
1_1876504,617
1_5049699,434
1_62989,1704
1_2115861,267
1_3588009,704
1_7253279,216
1_2793647,570
1_5204983,71
1_4134141,55
1_6657365,225
1_1000993,415
1_3706494,426
1_6497186,9
1_5438966,500
1_2725685,121
1_4937966,65
1_108509,522
1_8116933,147
1_7323169,1189
1_5260760,516
1_6794869,1705
1_4074835,1706
1_4171859,1707
1_1957010,234
1_4093380,367
1_5923102,248
1_2527426,1708
1_1928138,267
1_1022488,88
1_1566781,212
1_7952611,1051
1_73625,482
1_4846469,191
1_3434019,66
1_6067130,1029
1_2972373,30
1_3622985,90
1_1987826,72
1_3569783,246
1_1126031,387
1_401382,161
1_2431657,903
1_6431631,84
1_620004,466
1_487491,413
1_712791,15
1_2900924,316
1_548194,645
1_8017844,66
1_1133943,654
1_7991673,1709
1_1141216,1710
1_771395,15
1_5640922,141
1_4817154,212
1_2784861,186
1_1138335,986
1_3647229,365
1_311815,110
1_7668586,375
1_2573338,323
1_881156,234
1_2910673,368
1_5223183,285
1_4828602,179
1_6947405,1711
1_6248593,18
1_6839082,1712
1_471957,1713
1_7343622,1714
1_7668000,159
1_1703195,76
1_7464186,275
1_1628523,78
1_3546597,80
1_2992937,8
1_3766095,392
1_4405458,137
1_4233719,186
1_914705,15
1_1453615,219
1_591066,1171
1_1446684,570
1_1760102,105
1_1400339,88
1_3116534,308
1_5454983,137
1_7545493,544
1_1574295,1715
1_7337912,185
1_500158,468
1_7714439,241
1_5251167,451
1_4834904,163
1_368997,219
1_6888690,1716
1_2095472,304
1_969755,46
1_3136114,388
1_656334,1717
1_2877887,199
1_4923653,117
1_2813938,106
1_3853734,388
1_4952250,92
1_3691259,30
1_4568283,577
1_6727575,71
1_1555614,19
1_8018075,437
1_3793249,1718
1_8116329,99
1_2388223,1289
1_411459,216
1_706554,437
1_7462414,186
1_4205126,574
1_6070971,117
1_4398726,46
1_5936980,884
1_3111114,182
1_4926945,40
1_7538808,135
1_4128015,165
1_2962958,199
1_4314180,25
1_7771922,186
1_6108868,1719
1_913646,236
1_1141953,236
1_36297,248
1_6415160,126
1_1339024,500
1_2975867,137
1_611059,121
1_4975756,569
1_4931424,62
1_7105916,65
1_5328421,130
1_3044438,680
1_2196603,3
1_2022166,202
1_7449111,21
1_374083,450
1_471414,1720
1_7450062,1721
1_1538107,1722
1_326681,242
1_7437898,19
1_7841263,672
1_3825202,1171
1_6769160,78
1_6425593,103
1_1739684,516
1_5988598,315
1_4105823,130
1_8082434,437
1_4508445,36
1_7617972,186
1_5550301,73
1_5966590,152
1_1121646,413
1_7855909,231
1_8219124,123
1_1647142,186
1_7944215,310
1_2101488,239
1_6189521,1723
1_2002558,292
1_3097235,550
1_5591997,274
1_5854890,1724
1_5116373,1725
1_2670786,164
1_439379,1726
1_36627,92
1_159521,288
1_1673776,319
1_5777605,1727
1_1407351,365
1_6653558,1309
1_6818302,11
1_4473700,5
1_2521739,1728
1_4448478,141
1_2006218,1729
1_4213448,47
1_1766603,248
1_8183602,149
1_6591957,246
1_5595486,814
1_2892733,104
1_956439,306
1_6819546,81
1_699610,467
1_2443141,752
1_7067206,1730
1_46046,188
1_2226349,11
1_5271437,78
1_4862830,1731
1_792745,133
1_6961190,46
1_757504,1732
1_3688843,221
1_2196044,177
1_6590281,266
1_6001236,238
1_7243351,318
1_7639526,133
1_7780058,468
1_4133195,1733
1_6274239,1087
1_6037558,283
1_3968298,268
1_6657617,80
1_1780722,246
1_2719556,137
1_4673330,254
1_5893266,566
1_4283171,85
1_7557809,304
1_6660389,315
1_3891466,97
1_4466651,15
1_129204,248
1_182475,1734
1_6617298,1176
1_6761009,815
1_6345083,46
1_3506119,645
1_5058489,87
1_8074396,159
1_3088819,1735
1_2174056,588
1_4542934,117
1_5635581,146
1_4529406,225
1_1598585,673
1_6127216,16
1_6801353,159
1_5136111,137
1_4673047,183
1_5678194,19
1_3479979,746
1_6155839,183
1_3604278,690
1_2094854,159
1_8070515,132
1_4072706,216
1_7506914,46
1_3606815,256
1_1651014,710
1_6320733,248
1_613678,1736
1_8128445,1737
1_6021361,1255
1_5804886,1078
1_7267802,398
1_3025415,744
1_5522057,1738
1_133857,274
1_624592,339
1_6155348,413
1_6176030,164
1_6693197,466
1_1825400,225
1_4541168,16
1_800959,614
1_7191199,55
1_376571,55
1_116662,18
1_6991463,210
1_4384041,320
1_6534691,1739
1_2606183,946
1_7471009,387
1_304441,267
1_2865871,1740
1_8187998,431
1_6589930,1741
1_7604532,68
1_4351378,298
1_2566912,44
1_710423,19
1_7754597,798
1_8123,1742
1_4169093,11
1_166525,19
1_501730,16
1_4201619,1262
1_3447029,598
1_6373605,241
1_8020382,117
1_4371432,63
1_6153779,1743
1_3178126,356
1_3011420,201
1_4686243,586
1_2176512,288
1_4653994,1744
1_1554036,1065
1_1567853,375
1_1674660,116
1_3375368,12
1_3141427,1745
1_1649129,203
1_4389954,1746
1_6577447,97
1_2982256,688
1_6932442,958
1_5923506,135
1_1760443,1747
1_5593901,137
1_1420022,55
1_5228051,19
1_2319820,262
1_3642643,298
1_5204222,203
1_3550397,276
1_6658710,271
1_103914,761
1_3609368,228
1_7074096,248
1_7735085,764
1_1510542,30
1_2356090,377
1_7196215,413
1_3955655,46
1_2363597,713
1_667384,1748
1_5360532,321
1_6023990,1749
1_3377573,515
1_2427510,187
1_965166,790
1_7094229,803
1_230341,532
1_6732332,236
1_2165155,327
1_6210775,831
1_2080194,321
1_6288652,66
1_7073231,1750
1_5886460,516
1_3412005,186
1_2113303,429
1_2163421,46
1_3760180,177
1_2102320,645
1_6119863,188
1_535408,1751
1_172492,135
1_7684705,1752
1_1017771,787
1_2579935,577
1_8221453,52
1_6599870,6
1_7618477,9
1_7663910,486
1_309137,194
1_5828148,320
1_6532390,516
1_1686309,62
1_7329886,1059
1_3870872,59
1_4776467,171
1_2500984,365
1_7036707,1753
1_1574797,267
1_1961106,15
1_1511399,1754
1_617066,1755
1_6155758,1756
1_2236501,288
1_3251012,48
1_2132402,301
1_2970895,16
1_4083118,5
1_6013968,102
1_2363375,921
1_2328720,185
1_2122944,11
1_8074489,145
1_7882792,137
1_3938035,1757
1_4742710,761
1_3796935,319
1_4487432,159
1_6411927,162
1_3373692,1758
1_659730,664
1_2833261,171
1_4806938,429
1_1011529,164
1_602299,24
1_3122317,789
1_4956094,1759
1_3537658,147
1_2599888,722
1_6590563,231
1_6352094,301
1_3041782,762
1_1236048,1760
1_7800787,894
1_7450053,179
1_35660,910
1_7876671,268
1_2580945,66
1_2016747,693
1_5466766,219
1_320578,672
1_7756677,193
1_4335441,1761
1_5910080,3
1_7291571,46
1_1954879,431
1_5470217,583
1_200331,108
1_2195193,231
1_4004599,77
1_8170075,216
1_5000031,423
1_528636,360
1_2196766,821
1_164899,716
1_6867671,284
1_1106084,1762
1_5400318,1075
1_4016728,228
1_534594,248
1_1038609,320
1_3976311,130
1_5861557,616
1_4539006,566
1_2817804,186
1_1484498,248
1_695051,101
1_7482939,1763
1_7877009,485
1_4682545,135
1_3659956,805
1_2968671,1764
1_4330431,118
1_825861,1765
1_4144656,164
1_7114831,92
1_915982,738
1_6313620,536
1_1775113,145
1_661769,421
1_3370228,251
1_1562806,717
1_4138001,1766
1_1621601,30
1_7088283,238
1_14539,11
1_3648990,59
1_5770832,169
1_4129979,1767
1_6125770,66
1_4448476,919
1_4062561,424
1_392137,65
1_1753665,160
1_4720958,73
1_765108,19
1_2495930,469
1_76320,1768
1_7812623,78
1_6995807,358
1_7775687,65
1_7153590,94
1_689738,301
1_3380673,216
1_1513493,248
1_971975,66
1_2251314,64
1_6266613,66
1_1369141,41
1_5751005,186
1_3612823,63
1_4194592,1113
1_4150904,1052
1_1773184,812
1_2403826,44
1_7571547,73
1_917621,8
1_3867877,1769
1_7894993,62
1_1951566,186
1_826287,861
1_1448219,16
1_5973472,149
1_4691716,137
1_4300128,681
1_3725519,1770
1_4993117,562
1_1142235,191
1_3479446,332
1_3099218,225
1_5388268,451
1_3214478,187
1_1305960,1771
1_2725717,1289
1_7168884,135
1_5028890,141
1_6409217,327
1_7360607,433
1_5157412,152
1_4922639,2
1_8089534,125
1_2679607,1772
1_3765464,234
1_7311020,15
1_5424913,168
1_3905239,186
1_2750431,281
1_5506531,699
1_2406748,597
1_3308254,244
1_2533409,125
1_6402297,3
1_3981972,922
1_2545313,787
1_5454524,817
1_3240552,173
1_6506956,1267
1_3367003,762
1_1785856,220
1_6217708,186
1_1678459,554
1_7685106,253
1_4831686,1773
1_2334392,867
1_87835,117
1_7439899,119
1_5002360,307
1_2918,168
1_1198791,1295
1_7168326,645
1_2719879,66
1_6321708,117
1_6590656,133
1_6872223,225
1_2377827,265
1_1915822,604
1_4683985,216
1_621773,455
1_5539341,524
1_2556024,645
1_5875698,186
1_3485113,172
1_7127698,121
1_1461326,254
1_5343262,305
1_82516,117
1_1861641,16
1_797568,15
1_928819,458
1_5451929,428
1_7375416,30
1_57227,21
1_869905,467
1_6176503,80
1_3736381,857
1_3169310,1774
1_483398,59
1_1997001,1775
1_5380493,824
1_1261381,652
1_3417338,251
1_3547972,194
1_4764930,46
1_6851910,212
1_1201085,436
1_538140,46
1_6830067,123
1_8022247,6
1_5116192,117
1_2593037,832
1_5373256,716
1_4917104,110
1_766058,668
1_5951284,117
1_6507283,231
1_3935173,819
1_7213609,135
1_6651233,413
1_3301368,1337
1_4275259,373
1_2797767,68
1_259935,580
1_7098977,49
1_8062973,387
1_5584838,227
1_2161331,304
1_6009198,126
1_2257238,162
1_20717,135
1_2255315,84
1_5601248,35
1_1123804,55
1_5966162,291
1_3299417,437
1_5015431,39
1_903393,1166
1_164008,8
1_5873683,214
1_3434988,1776
1_7681026,90
1_1332121,6
1_5498257,455
1_6833294,571
1_6604140,123
1_4522164,415
1_2432121,388
1_5138680,616
1_6947253,579
1_3209669,65
1_4605970,186
1_2178366,66
1_2148237,121
1_222092,215
1_1945599,719
1_6170097,188
1_6154822,245
1_876037,125
1_712345,80
1_1328608,413
1_4889252,121
1_5590255,1777
1_5262091,71
1_6422904,62
1_3234295,462
1_5988054,576
1_2425194,268
1_7031224,3
1_6941517,161
1_5573457,408
1_7920058,74
1_4495645,193
1_5441030,353
1_7442486,102
1_5069534,46
1_5483303,1778
1_7423911,681
1_5446751,1334
1_7540379,360
1_64772,19
1_441242,80
1_3594735,1779
1_308302,230
1_7046566,87
1_1165958,6
1_1038472,324
1_4252030,145
1_3844411,437
1_5078266,185
1_2738169,142
1_5459180,726
1_7852306,1220
1_5777101,21
1_6786149,292
1_8038080,816
1_6683202,164
1_2315414,324
1_3794451,62
1_754668,66
1_7167812,16
1_3109517,262
1_8088710,11
1_1480425,1780
1_6193565,903
1_1191446,472
1_888920,66
1_2707153,11
1_6586958,414
1_3000224,1781
1_555332,292
1_6420252,1782
1_7569155,97
1_7327745,72
1_6827782,1783
1_1277831,174
1_2678549,1166
1_5165676,110
1_1130601,97
1_7578995,345
1_2571460,377
1_1045436,135
1_957783,49
1_31700,1784
1_6826769,301
1_5895431,15
1_2862235,216
1_1705114,1221
1_3170197,137
1_8157211,583
1_7250854,1220
1_5849653,102
1_7310858,125
1_5079362,11
1_4443316,1785
1_1537683,186
1_2828212,87
1_4985535,160
1_4740326,234
1_1545930,468
1_7796336,55
1_2966600,133
1_3924657,1179
1_1112501,760
1_5444443,1786
1_7071780,216
1_1321039,1131
1_2390389,482
1_2781347,1196
1_5299237,179
1_307356,301
1_1376707,9
1_7452164,43
1_5213024,181
1_4578831,294
1_7773057,3
1_7948846,506
1_3352362,19
1_370038,1787
1_6284476,727
1_697759,925
1_1440578,278
1_6830116,840
1_138590,27
1_4850020,352
1_8018829,92
1_5272575,291
1_3193444,186
1_3096270,46
1_6017214,88
1_646025,566
1_6954759,1788
1_7575771,502
1_8025937,185
1_2646270,824
1_875316,267
1_3281432,308
1_847072,65
1_6710643,321
1_5842946,55
1_3606016,1789
1_6799519,576
1_5809731,274
1_478104,209
1_7286898,88
1_5511818,1790
1_6041667,725
1_7667974,193
1_102039,137
1_6853391,274
1_1394866,15
1_6482249,152
1_3707196,291
1_7053459,241
1_3810338,66
1_3467438,12
1_2380151,201
1_1409032,1791
1_4474323,135
1_2556905,318
1_2622478,494
1_4742359,159
1_2771910,270
1_2466819,574
1_2232664,242
1_1253155,882
1_2572026,137
1_1833493,101
1_2900048,105
1_7557571,254
1_7424023,1792
1_4023876,727
1_1213302,75
1_6739397,403
1_6197752,186
1_4728472,550
1_336509,429
1_158184,1793
1_4614791,90
1_1756771,292
1_7562964,307
1_80570,1794
1_1740753,188
1_1209300,315
1_7911284,244
1_7284135,645
1_6066738,19
1_4504371,228
1_6301906,803
1_2197074,516
1_7035877,642
1_5962015,112
1_1562333,623
1_2397956,554
1_6616490,9
1_1435463,304
1_1230167,214
1_7142945,862
1_4426192,46
1_3750581,104
1_8205209,55
1_1357020,1073
1_896865,187
1_4370912,141
1_6288545,1795
1_5197979,1796
1_7598959,1151
1_1673283,1797
1_2597975,454
1_6668518,40
1_6534350,62
1_968119,30
1_6034357,123
1_3681770,132
1_2143182,1221
1_6058922,242
1_875980,117
1_1425960,5
1_1042899,18
1_659843,1798
1_3160737,170
1_3689704,415
1_6183545,148
1_4741809,243
1_4884428,35
1_6587301,1799
1_1042627,88
1_7105457,22
1_2762759,1800
1_470430,72
1_1817049,1182
1_4533241,898
1_3627394,196
1_4585117,315
1_6388717,22
1_6991149,2
1_7915591,1801
1_7982070,319
1_1796893,1802
1_4302336,459
1_3839691,622
1_1807843,187
1_4900089,1803
1_3207393,224
1_6360560,1804
1_4340586,66
1_4370464,493
1_1802817,766
1_6088252,679
1_3802893,135
1_6045627,66
1_2814820,647
1_7687619,869
1_6031592,65
1_3930677,135
1_1108173,46
1_3102257,315
1_8018825,508
1_3797674,62
1_2720919,360
1_6674609,105
1_7883575,137
1_2529849,186
1_1473724,331
1_439868,90
1_3879634,110
1_1169436,62
1_6012639,39
1_6048890,187
1_3073860,535
1_7797169,414
1_7549031,459
1_3683073,243
1_2755535,79
1_6597614,867
1_3981779,11
1_1481514,301
1_1592450,898
1_726647,186
1_5752908,887
1_2514895,15
1_242769,614
1_4992066,133
1_3015014,174
1_5412903,1050
1_4406297,66
1_2503999,414
1_452475,236
1_7259957,216
1_3146127,1805
1_810898,62
1_2693676,1166
1_1447188,353
1_3534440,862
1_1046578,19
1_1814862,1806
1_6129615,19
1_7882054,61
1_3619826,196
1_7322929,31
1_480026,276
1_610240,117
1_2359847,161
1_881786,250
1_8215008,19
1_8130439,195
1_1752800,197
1_4937721,749
1_4897235,301
1_839099,407
1_1638620,1807
1_7473947,1808
1_7275901,475
1_7075319,101
1_4846980,103
1_3514546,410
1_7654426,727
1_5795004,663
1_6786567,6
1_4285549,437
1_921909,3
1_5912438,1809
1_6327732,270
1_3737093,46
1_3198773,142
1_4465197,1190
1_5510603,439
1_1685915,123
1_5888049,541
1_4292817,153
1_6560330,228
1_1390824,1238
1_3370146,392
1_754390,486
1_8128079,578
1_207626,978
1_3330297,5
1_3049252,1810
1_1488694,413
1_4630239,828
1_4606514,1047
1_7940396,88
1_6628857,87
1_1736906,451
1_109909,1811
1_7572396,49
1_1504748,1812
1_4325796,248
1_7266522,956
1_2099006,182
1_5065649,1813
1_2797784,19
1_5332030,420
1_5769299,120
1_7885501,8
1_4175739,110
1_5167285,193
1_3690662,219
1_597061,459
1_6501872,92
1_8009217,991
1_2023560,12
1_8126969,48
1_7283079,202
1_5537510,320
1_1981878,762
1_4661919,306
1_4693548,1176
1_1842779,30
1_5124581,1814
1_1460417,92
1_7846436,123
1_2304003,65
1_1156848,174
1_5698233,1815
1_5598289,565
1_3954997,16
1_3736960,626
1_1176376,254
1_7056063,34
1_118626,96
1_2950773,734
1_4269700,35
1_2610422,437
1_5453046,189
1_1627926,265
1_6841524,61
1_2539165,1816
1_4731033,19
1_2404590,429
1_1554680,16
1_79549,72
1_4854092,248
1_1247349,47
1_2828310,46
1_4626094,1004
1_8222786,1817
1_8187290,901
1_3356774,681
1_3566393,718
1_7824765,30
1_6748772,79
1_337848,429
1_1287146,1818
1_1533895,216
1_1311639,414
1_465096,76
1_8033705,1819
1_2303484,76
1_6185072,1820
1_6984162,742
1_5302727,66
1_5890243,562
1_801618,96
1_4777002,142
1_6984285,73
1_1837661,6
1_4551537,135
1_7355346,25
1_3998259,570
1_4331930,46
1_414150,784
1_6150139,978
1_5019590,130
1_8098107,62
1_165972,86
1_309989,459
1_5583293,1821
1_3973897,308
1_1435738,1150
1_4847697,88
1_3811929,88
1_4839495,862
1_713410,4
1_654978,358
1_8000466,1822
1_5080428,1823
1_1789544,19
1_2369885,212
1_1221113,1824
1_2314928,1825
1_7748029,479
1_2395399,62
1_860412,221
1_5493394,319
1_8164859,1121
1_7570921,268
1_1319720,272
1_8182993,91
1_2772416,177
1_6738038,241
1_4642803,1121
1_8016502,137
1_995293,1826
1_633236,438
1_6315983,66
1_5623312,193
1_7131155,59
1_6864615,516
1_4422065,16
1_8117402,3
1_2754348,180
1_1501648,182
1_5069486,88
1_305447,1827
1_3110185,301
1_1923230,78
1_7740602,1828
1_6548182,16
1_5819709,174
1_2921803,197
1_4283650,1829
1_2443608,117
1_8008314,73
1_2680971,583
1_3705213,141
1_3420242,139
1_5446993,46
1_5894770,8
1_1211671,16
1_6666237,481
1_2385574,907
1_7237342,186
1_4104680,65
1_6578261,509
1_744622,1830
1_8027550,24
1_6620800,990
1_6273397,16
1_5514896,508
1_1981885,216
1_2871760,96
1_2276656,1831
1_2187321,509
1_2453128,481
1_4111646,145
1_2231521,486
1_8007964,1832
1_345998,48
1_421418,179
1_7243063,903
1_2772792,248
1_2924525,246
1_7494329,95
1_1263749,854
1_389192,645
1_5742552,1244
1_5682559,103
1_5982253,230
1_6331788,6
1_7242523,46
1_7559505,1833
1_5724372,360
1_5880935,142
1_6481587,202
1_4883561,59
1_2362341,1834
1_7439997,66
1_5662879,547
1_4352117,134
1_3838666,11
1_7324926,1835
1_5148178,3
1_1763627,1289
1_6824427,191
1_2551994,311
1_8225493,1836
1_4136061,1837
1_7085804,681
1_8057628,171
1_7288526,3
1_358722,19
1_3933425,227
1_5710934,1838
1_808196,645
1_1494906,353
1_7235285,1172
1_7207326,19
1_18025,1839
1_7638981,1840
1_5243369,225
1_6728525,557
1_1797784,274
1_7143990,450
1_3893938,1841
1_6811267,39
1_5398014,162
1_5345191,117
1_2737506,46
1_2047029,276
1_1443634,1284
1_6627525,194
1_3406776,176
1_7433768,1842
1_3868351,302
1_737693,145
1_6010698,283
1_998022,334
1_1252225,181
1_3409171,137
1_3883636,370
1_2469333,234
1_500422,92
1_7829623,283
1_5634280,755
1_6139823,1843
1_2308033,814
1_7306129,593
1_3575738,922
1_662626,14
1_3176745,502
1_2982722,211
1_758713,6
1_5457635,778
1_611131,813
1_2965953,297
1_6690778,191
1_31395,413
1_5107360,15
1_4732857,467
1_5109160,37
1_4878471,298
1_5980692,282
1_5646488,186
1_6702249,319
1_6057630,5
1_2161693,228
1_932544,225
1_5750905,118
1_921703,78
1_2446611,8
1_5759443,1133
1_2886127,327
1_5257748,179
1_2139374,15
1_3936142,233
1_5020801,126
1_3103891,1844
1_2915839,30
1_2102157,229
1_7029818,1845
1_5408230,254
1_5013628,264
1_5168363,110
1_4370811,1846
1_1778355,763
1_3768127,1220
1_2181798,202
1_5247262,1320
1_6544948,292
1_2738258,794
1_6042964,152
1_5964502,55
1_5334950,179
1_4728047,225
1_103765,206
1_8022845,311
1_5092739,120
1_6938432,848
1_520153,27
1_1950153,71
1_3741779,74
1_1239016,232
1_831070,183
1_7694746,1847
1_3669435,157
1_1815984,171
1_3507424,16
1_537850,117
1_4998578,383
1_4837291,16
1_3762955,11
1_1912284,978
1_2903142,30
1_3733667,123
1_549513,1848
1_4794434,455
1_7077447,735
1_3220312,159
1_3168847,1849
1_5216298,416
1_158274,184
1_4499573,110
1_6555609,749
1_7011450,9
1_1520867,1850
1_4836329,693
1_1456370,87
1_5375579,16
1_1726541,429
1_1003413,248
1_3851364,1851
1_3373938,110
1_6141750,234
1_180803,429
1_1234016,1
1_2790477,3
1_5454446,455
1_3198283,1195
1_2527384,583
1_4762502,640
1_3254626,181
1_7748107,1852
1_1624388,1853
1_6814867,30
1_6422127,225
1_831571,1854
1_2370391,119
1_2516997,153
1_7055679,88
1_2194051,1855
1_5209613,382
1_7956806,123
1_3179702,790
1_4102372,187
1_3603005,24
1_7447768,486
1_1419537,1856
1_5977275,332
1_7392580,958
1_3863502,217
1_6555706,135
1_6889488,87
1_4050222,180
1_4673407,384
1_5650937,121
1_1429791,6
1_4927041,532
1_7486750,1857
1_5733274,246
1_2256865,11
1_6230110,433
1_6113377,201
1_7727823,750
1_3945362,239
1_2411446,1858
1_6948609,398
1_2882666,455
1_7107548,243
1_6694701,446
1_6759642,30
1_112770,6
1_3182209,216
1_6893334,1859
1_2360173,101
1_4939510,710
1_6712800,63
1_812401,37
1_8088071,288
1_5961193,271
1_163830,3
1_5474994,19
1_7595975,248
1_3245405,88
1_245109,174
1_569343,84
1_1314878,585
1_8073160,188
1_4788807,165
1_5276652,275
1_6737640,1860
1_6300643,66
1_5687232,148
1_6004702,177
1_7334645,34
1_1323341,1065
1_4553059,88
1_2456842,724
1_5123139,88
1_2580122,241
1_7521742,304
1_4627204,394
1_924886,248
1_6363060,278
1_5624631,220
1_3091112,73
1_5392733,1262
1_1728737,668
1_5807791,18
1_5098682,436
1_5400206,292
1_4289118,132
1_4873821,16
1_3936906,438
1_7169727,1007
1_4867270,319
1_4594133,744
1_1884537,248
1_3861620,91
1_6780000,1861
1_5443052,1105
1_6973699,642
1_7375413,220
1_4685343,550
1_1924035,1231
1_3269556,957
1_7966848,1862
1_895182,46
1_7542195,430
1_7971668,6
1_5806377,181
1_1729495,181
1_2886868,133
1_5155614,225
1_5246363,142
1_4433365,225
1_5312801,46
1_3914485,267
1_1461226,190
1_7055518,1863
1_2299399,719
1_7858558,6
1_2415375,234
1_432387,46
1_1001531,162
1_7258837,248
1_3932313,152
1_7842861,1864
1_1416439,227
1_7773404,6
1_4475454,671
1_8218340,18
1_74649,77
1_563769,14
1_5420714,339
1_3445731,9
1_5995089,162
1_8172876,677
1_2727647,19
1_1357004,695
1_4830922,516
1_1139244,214
1_3290199,6
1_6033470,62
1_1381047,1097
1_5865189,16
1_1431941,188
1_2507515,46
1_5830330,15
1_5093394,11
1_8114814,123
1_3562543,570
1_6843568,168
1_5390944,90
1_2943983,92
1_6498799,365
1_6488300,15
1_7033545,86
1_3726986,305
1_4635709,978
1_3447860,977
1_2908398,37
1_2784988,869
1_1409732,197
1_6564104,148
1_2901264,1285
1_7862863,149
1_489819,1308
1_6400724,441
1_3037786,431
1_5314702,194
1_3233504,516
1_1189534,46
1_8007760,6
1_2978804,407
1_1135332,234
1_8163306,66
1_6731489,141
1_757624,157
1_2046713,65
1_5320488,423
1_177700,1865
1_4677613,1866
1_7859304,1867
1_2702511,241
1_5286222,304
1_6660304,1009
1_3316193,1263
1_326330,814
1_4302175,790
1_6691445,16
1_2352178,1094
1_4985620,1868
1_3967702,46
1_1344270,1869
1_155125,88
1_7236710,212
1_5477573,187
1_7016104,181
1_2307717,220
1_6709910,28
1_3797837,141
1_1795611,764
1_984464,117
1_3280888,535
1_5652173,96
1_3561285,239
1_3089446,202
1_711492,11
1_4339202,168
1_626432,15
1_1442128,16
1_3374162,449
1_5710942,19
1_2240800,135
1_5799888,827
1_299560,1870
1_1212207,43
1_8023882,1871
1_3880071,360
1_6572336,653
1_2648933,717
1_7511963,565
1_3768404,365
1_428462,174
1_7584179,216
1_702525,15
1_5065930,73
1_4636721,332
1_82847,855
1_2368574,46
1_6781917,16
1_3122595,294
1_4067330,756
1_5286171,19
1_421692,414
1_5706632,1872
1_5760199,33
1_7043965,242
1_7452956,1226
1_351759,1873
1_7314849,765
1_4777822,433
1_4610109,110
1_171338,125
1_173336,225
1_7222458,345
1_3819431,1874
1_4875111,63
1_3745772,117
1_4704804,1875
1_2436190,1029
1_3680779,159
1_3996696,450
1_17658,413
1_2792932,62
1_4234169,681
1_2499711,15
1_5130527,248
1_7671885,21
1_4481815,1876
1_1387753,298
1_4636984,46
1_7649722,126
1_3790520,15
1_5885429,704
1_613208,62
1_6504197,150
1_3917405,767
1_7366251,234
1_1680219,343
1_475133,3
1_5039921,377
1_3620243,969
1_6099736,429
1_1799251,429
1_1258944,570
1_476551,105
1_5599204,66
1_16672,4
1_5797825,62
1_2038392,444
1_3463738,72
1_7960947,413
1_600614,243
1_6634351,164
1_939283,16
1_2038431,187
1_4003087,244
1_3455194,433
1_2418654,40
1_4661451,97
1_2699276,1877
1_178072,181
1_6616028,1878
1_1520355,1879
1_6313579,782
1_6198003,15
1_4482041,1880
1_5644253,55
1_6634550,117
1_4766391,173
1_520826,1052
1_2071287,298
1_3822629,1881
1_1174445,115
1_36346,431
1_5709451,267
1_2697873,344
1_2200751,494
1_5981545,302
1_7723006,74
1_2216694,204
1_3961516,92
1_7948246,276
1_3034481,1882
1_967428,186
1_4605492,1883
1_935546,856
1_3892176,1270
1_1203781,265
1_3640573,1279
1_1301900,62
1_5727513,16
1_4235156,714
1_146649,861
1_510660,525
1_1226228,734
1_7442337,267
1_4059557,1884
1_6635622,1885
1_4535853,882
1_3237219,472
1_113910,838
1_5106906,152
1_4551122,316
1_4873697,73
1_7733696,1886
1_6709118,1214
1_2006165,1887
1_5116620,1888
1_1813473,368
1_3944601,6
1_441422,1305
1_1626681,236
1_5334812,155
1_1917505,96
1_2656146,492
1_8112877,13
1_7070976,198
1_3655658,1279
1_1783086,360
1_821806,46
1_1439516,186
1_1468193,291
1_2892649,1889
1_8012004,1890
1_6748738,80
1_3470618,212
1_5634131,66
1_7661138,1891
1_6475390,16
1_6721703,653
1_866206,451
1_4844686,679
1_4633986,101
1_3883697,803
1_783271,583
1_5666817,791
1_2480058,149
1_4391088,6
1_3005673,1892
1_146409,57
1_1735893,517
1_1914256,802
1_6498655,126
1_7463291,429
1_7742330,160
1_5100798,186
1_7555585,275
1_2405486,113
1_5451721,319
1_4504266,413
1_4341595,1
1_6637398,92
1_5687627,421
1_1907770,187
1_5096213,571
1_6778184,217
1_664256,74
1_1533353,18
1_689542,55
1_312884,360
1_4767120,202
1_3936519,171
1_2987462,1893
1_6490832,449
1_4661257,1155
1_2078912,15
1_3595771,197
1_6778636,143
1_3045978,225
1_536889,361
1_1407578,125
1_7968338,115
1_6509979,42
1_7796053,1152
1_3620562,339
1_359885,248
1_6679216,1894
1_979388,1294
1_5160486,1278
1_6898812,460
1_8034315,1895
1_6046283,220
1_1620207,1896
1_8055774,301
1_3175998,414
1_2813950,958
1_1213052,681
1_5179348,441
1_7354605,84
1_3843648,210
1_1685142,265
1_2504982,439
1_7562426,1897
1_1437923,62
1_1966251,474
1_5841695,199
1_3145094,222
1_2614513,118
1_417285,416
1_8174562,436
1_3838122,137
1_130949,738
1_5221014,516
1_349057,37
1_139778,135
1_4790280,1898
1_2545432,141
1_7707346,557
1_1852583,884
1_3369634,46
1_5800479,824
1_7451587,624
1_993218,145
1_3642309,65
1_6568866,1899
1_7681466,64
1_4926215,626
1_5801695,225
1_5224133,305
1_1113190,141
1_102258,187
1_6123901,1900
1_4694,201
1_4114495,30
1_4832884,278
1_4961614,727
1_2226189,1901
1_72562,373
1_7555543,212
1_4512145,554
1_3038829,693
1_3455190,420
1_1869653,225
1_226284,110
1_1649330,318
1_2178197,64
1_918678,3
1_5110937,135
1_2851396,502
1_6824546,589
1_3186582,387
1_6152806,66
1_2080897,278
1_2987861,254
1_6450390,6
1_7113506,1902
1_4176750,234
1_2795186,429
1_1614864,132
1_510699,511
1_954239,19
1_1406840,86
1_4630122,237
1_843113,1105
1_7584456,1903
1_7128942,624
1_5346413,1251
1_2107937,15
1_3776642,159
1_287629,1904
1_1413844,494
1_8059997,15
1_2824426,1905
1_238482,15
1_2646665,125
1_4799315,308
1_3194905,143
1_6417524,735
1_4478676,62
1_697740,24
1_387199,11
1_2950232,46
1_4969261,547
1_2564326,125
1_3577293,216
1_7273787,586
1_1643567,40
1_41640,292
1_1002655,1906
1_7088694,668
1_326091,157
1_6561206,558
1_4238414,749
1_5624775,577
1_1469326,227
1_6795397,288
1_1991710,345
1_7340768,516
1_7076756,145
1_5004643,846
1_6160174,472
1_3370309,301
1_2579783,566
1_7500154,11
1_7628925,579
1_6450804,6
1_5220569,188
1_383776,36
1_5871338,186
1_2671875,64
1_7987894,46
1_6962347,173
1_2669537,181
1_6957006,373
1_6449864,828
1_7180552,1907
1_6594774,149
1_5349252,661
1_463310,181
1_4420059,63
1_7694615,212
1_4397842,1908
1_8001867,1909
1_2649826,1047
1_1383770,18
1_3140378,1910
1_969470,8
1_4768730,190
