id,text_for_matching,pred_kmeans,pred_mst_or_sn,pred_louvain,pred_hclust,pred_pam,pred_gc,pred_comm_walktrap,pred_comm_infomap,pred_comm_fast_greedy,pred_comm_label_prop,cluster_id
1,", ibm almaden research center, 650 harry road, ca 95120, san jose, usa",76,0,1,1,1,1,13,1,2,1,3
2,", iit bombay",120,0,2,2,2,815,4,1,1,1,9794
3,", university of california, san diego, usa",169,0,3,3,3,2,10,1,2,1,6511
4,"28msec inc., zurich, switzerland",62,0,4,4,4,3,6,1,2,1,7795
5,"28msec, inc.",62,0,4,5,5,4,6,1,2,1,NA
6,"76 patision street, athens university of economics and business, athens, greece",58,0,5,6,6,5,7,1,2,1,268
7,aalborg univ.,139,0,6,7,7,818,7,1,2,1,8992
8,"aalborg univ., aalborg, the netherlands",139,0,6,7,7,6,7,1,2,1,8769
9,aalborg university,139,0,3,7,7,818,10,1,1,1,NA
10,"aalborg university, aalborg, denmark",139,0,7,7,7,819,4,1,6,1,NA
11,"aalborg university, denmark",139,0,2,7,7,819,4,1,1,1,6605
12,"aalborg university, denmark, ost, denmark",139,0,7,7,7,820,1,1,1,1,9237
13,"advanced data management technologies laboratory, department of computer science, university of pittsburgh, pittsburgh, pa",129,0,2,8,8,7,5,1,2,1,NA
14,agricultural univ. of athens,178,0,8,6,9,8,4,1,1,1,NA
15,"alma mater studiorum—università di bologna, bologna, italy",174,0,7,9,10,9,9,1,3,1,7927
16,almaden,46,0,9,1,1,10,4,1,1,1,NA
17,"almaden research center, san jose, ca, usa",76,0,3,1,1,11,5,1,6,1,NA
18,"amazon corp., seattle",144,0,9,10,11,680,5,1,6,1,9063
19,"amazon.com, seattle",144,0,10,10,11,680,4,1,6,1,NA
20,"applications research laboratory, corporate technology group, intel corporation, usa",13,0,8,11,12,12,4,1,3,1,2091
21,"aristotle university, thessaloniki, greece",58,0,1,6,6,13,4,1,2,1,NA
22,"arizona state univ., tempe, az",168,0,9,12,13,916,9,1,3,1,3
23,arizona state university,168,0,2,12,14,917,4,1,2,1,NA
24,"arizona state university, arizona",168,0,2,12,14,917,4,1,1,1,NA
25,"arizona state university, tempe, az",168,0,2,12,13,916,4,1,1,1,NA
26,"arizona state university, tempe, az, usa",168,0,2,12,14,916,4,1,1,1,7856
27,"arizona state university, tempe, usa",168,0,7,12,14,916,5,1,1,1,NA
28,aster data,101,0,2,13,15,918,3,1,3,1,NA
29,aster data systems,101,0,2,13,15,918,5,1,6,1,4422
30,"asu, tempe, az",146,0,2,12,13,14,1,1,1,1,9083
31,at & t labs-research,108,0,4,14,16,920,6,1,2,1,2091
32,"at & t labs-research, florham park, nj",108,0,4,14,17,921,6,1,2,1,9294
33,"at & t labs-research, florham park, usa 07932",108,0,4,14,17,921,10,1,2,1,NA
34,at&t,108,0,4,14,16,15,5,1,1,1,2091
35,at&t laboratories,108,0,11,14,16,16,5,1,6,1,NA
36,"at&t laboratories - research, florham park, nj, usa",108,0,2,14,17,17,4,1,2,1,NA
37,at&t labs,108,0,4,14,16,928,4,1,2,1,2131
38,at&t labs - research,108,0,4,14,16,920,6,1,2,1,7927
39,"at&t labs - research, florham park, nj",108,0,4,14,17,921,6,1,2,1,NA
40,"at&t labs - research, florham park, nj, usa",108,0,4,14,17,922,6,1,2,1,NA
41,at&t labs -- research,108,0,4,14,16,920,6,1,2,1,1810
42,"at&t labs &ndash;&#8211; research, 180 park avenue, bldg 103, florham park, nj 07932, usa; e-mail: divesh@research.att.com",66,0,4,14,17,18,6,1,2,1,9306
43,at&t labs inc.,108,0,7,5,16,928,9,1,6,1,NA
44,"at&t labs inc. - research, florham park, nj, usa",108,0,7,14,17,922,1,1,1,1,NA
45,at&t labs research,108,0,4,14,16,923,5,1,2,1,8356
46,"at&t labs research, 180 park avenue, room e243, florham park, nj 07932, usa; e-mail: mff@research.att.com",66,0,4,14,17,19,6,1,2,1,NA
47,"at&t labs research, florham park, n.j., usa; e-mail: divesh@research.att.com",108,0,4,14,17,924,10,1,2,1,NA
48,"at&t labs research, florham park, nj",108,0,4,14,17,925,6,1,2,1,3308
49,"at&t labs research, florham park, nj, usa",108,0,4,14,17,924,6,1,2,1,NA
50,at&t labs research; e-mail: suciu@research.att.com,108,0,4,14,16,20,6,1,2,1,6718
51,at&t labs---research,108,0,4,14,16,920,6,1,2,1,1810
52,"at&t labs---research, florham park, nj",108,0,4,14,17,925,6,1,2,1,8694
53,at&t labs--research,108,0,4,14,16,923,6,1,2,1,NA
54,"at&t labs--research, florham park, nj",108,0,4,14,17,925,6,1,2,1,NA
55,"at&t labs--research, nj",108,0,4,14,16,926,6,1,2,1,NA
56,"at&t labs--research, usa",108,0,1,14,16,927,13,1,2,1,1027
57,at&t labs-research,108,0,4,14,16,923,6,1,2,1,NA
58,"at&t labs-research, 180 park ave., room e 233, florham park, nj 07932-0971, usa; http://www.research.att.com/~suciu",66,0,4,14,17,21,6,1,2,1,NA
59,"at&t labs-research, 180 park avenue, bldg. 103, florham park, nj 07932, usa; e-mail: {sihem, divesh}@research.att.com",66,0,4,14,17,22,6,1,2,1,6562
60,"at&t labs-research, florham park nj",108,0,4,14,17,925,6,1,2,1,6775
61,"at&t labs-research, florham park, nj",108,0,4,14,17,925,6,1,2,1,NA
62,"at&t labs-research, new jersey, nj, usa",108,0,1,14,17,926,3,1,1,1,NA
63,"at&t labs-research, nj",108,0,4,14,16,926,6,1,2,1,4201
64,"at&t labs-research, usa",108,0,4,14,16,926,6,1,2,1,8435
65,"at&t labs, florham park, nj",108,0,7,14,17,681,5,1,2,1,NA
66,"at&t labs, florham park, nj, usa",108,0,6,14,17,681,14,1,2,1,2131
67,"at&t labs, research",108,0,4,14,16,923,6,1,2,1,NA
68,at&t labs?research,108,0,4,14,16,923,6,1,2,1,NA
69,"at&t labs&mdash;&#8212;research, florham park, nj",108,0,4,14,17,23,6,1,2,1,NA
70,at&t research,108,0,7,14,16,923,4,1,2,1,3308
71,"at&t research laboratory, florham park, nj",108,0,7,14,17,24,4,1,2,1,NA
72,athens univ. of economics and business,178,0,9,6,6,25,4,1,3,1,6468
73,"athens university of economics and business, athens, greece",58,0,9,6,6,682,5,1,1,1,NA
74,"athens university of economics and business, greece",58,0,9,6,6,682,5,1,1,1,NA
75,"att labs - research, florham park, nj",108,0,6,14,17,921,7,1,6,1,4814
76,"basic research unit, helsinki institute for information technology, department of computer science, university of helsinki, finland",109,0,6,15,18,26,4,1,1,1,2990
77,"bayerisches forschungszentrum für wissensbasierte systeme, orleansstrá, münchen, germany",92,0,5,16,19,27,5,1,2,1,NA
78,bea systems,19,0,5,17,20,930,7,1,2,1,7984
79,"bea systems inc, san jose, ca, usa",19,0,5,17,20,931,7,1,2,1,NA
80,"bea systems, inc, san jose",19,0,5,17,20,932,2,1,2,1,NA
81,"bea systems, inc.",19,0,5,17,20,930,7,1,2,1,8748
82,"bea systems, inc.,",19,0,5,17,20,933,7,1,2,1,NA
83,"bea systems, inc., burlington, ma",19,0,9,17,20,933,7,1,2,1,NA
84,"bea systems, inc., san francisco, ca",19,0,5,17,20,934,7,1,2,1,NA
85,"bea systems, inc., san jose, ca",19,0,5,17,20,931,7,1,2,1,NA
86,"bea systems, inc., san jose, ca and computer science department at the university of california, san diego",169,0,6,17,20,28,7,1,2,1,772
87,"bea systems, liberty corner, nj",19,0,5,17,20,29,7,1,2,1,NA
88,"bea systems, redwood shores, ca",19,0,10,17,20,30,8,1,2,1,NA
89,"bea systems, san francisco, ca",19,0,10,17,20,934,7,1,2,1,8125
90,"bea systems, san jose, ca",19,0,5,17,20,932,7,1,2,1,NA
91,"bea systems, san jose, ca and technical university of munich, munich, germany",92,0,6,17,20,31,9,1,2,1,NA
92,"bea systems, usa",19,0,5,17,20,930,7,1,2,1,8542
93,"bea systems. inc., san francisco, ca",19,0,5,17,20,934,7,1,2,1,NA
94,bell laboratories,69,0,6,18,21,683,4,1,2,1,NA
95,bell laboratories (india),69,0,7,19,21,683,3,1,2,1,NA
96,"bell laboratories, 600 mountain avenue, murray hill, nj",161,0,6,18,22,684,7,1,2,1,NA
97,"bell laboratories, 600 mountain avenue, murray hill, nj 07974, usa; e-mail: {minos,rastogi}@bell-labs.com",161,0,6,18,22,684,7,1,2,1,NA
98,"bell laboratories, alcatel-lucent, lisle, il, usa",161,0,6,18,22,32,5,1,2,1,NA
99,"bell laboratories, lucent technologies",69,0,6,18,22,935,7,1,2,1,NA
100,"bell laboratories, lucent technologies, 600 mountain ave., nj 07974, murray hill, usa",161,0,6,18,22,936,7,1,2,1,5591
101,"bell laboratories, lucent technologies, 600 mountain ave., nj 07974, usa; {cychan, pascal, minos, rastogi}@research.bell-labs.com",161,0,6,18,22,936,7,1,2,1,532
102,"bell laboratories, lucent technologies, murray hill, nj",69,0,6,18,22,935,7,1,2,1,NA
103,"bell laboratories, lucent technologies, usa",69,0,6,18,22,935,7,1,2,1,4046
104,"bell laboratories, murray hill, nj",69,0,6,18,22,686,7,1,2,1,NA
105,bell labs,68,0,6,19,23,939,3,1,2,1,NA
106,bell labs research,68,0,6,19,23,685,5,1,2,1,NA
107,"bell labs research india, india",143,0,7,19,24,685,4,1,2,1,8748
108,"bell labs research, bangalore, india",143,0,7,19,24,33,4,1,2,1,NA
109,"bell labs, alcatel-lucent",68,0,6,19,23,940,7,1,2,1,NA
110,"bell labs, lucent",68,0,6,19,23,940,7,1,2,1,4052
111,"bell labs, lucent technologies",68,0,6,18,23,941,7,1,2,1,7927
112,"bell labs, lucent technologies murray hill, nj",69,0,6,18,22,941,7,1,2,1,NA
113,"bell labs, lucent technologies, murray hill, new jersey",69,0,6,18,22,941,7,1,2,1,8338
114,"bell labs, lucent technologies, murray hill, nj",69,0,6,18,22,941,7,1,2,1,6682
115,"bell labs, murray hill, nj",69,0,6,18,23,686,3,1,3,1,NA
116,bell labs.,68,0,6,19,23,939,4,1,2,1,NA
117,berkeley,107,0,3,20,25,942,10,1,6,1,6779
118,berufsakademie stuttgart/ibm germany,8,0,6,21,26,34,4,1,2,1,NA
119,"bilkent university, ankara, turkey",149,0,7,22,27,687,4,1,2,1,6752
120,"bilkent university, bursa, turkey",149,0,3,22,27,687,9,1,3,1,8992
121,"biological data management and technology center, berkeley, ca",109,0,7,20,25,35,9,1,3,1,NA
122,boeing phantom works,66,0,6,10,11,36,4,1,1,1,1734
123,boston university,112,0,1,23,28,943,4,1,1,1,NA
124,"boston university, boston, ma",112,0,2,23,28,943,5,1,1,1,NA
125,"boston university, boston, ma, usa",112,0,1,23,28,944,4,1,1,1,NA
126,"boston university, boston, usa",112,0,3,23,28,943,10,1,6,1,NA
127,"boston university, boston, usa 02215",112,0,3,23,28,944,10,1,6,1,8125
128,brandeis university,149,0,3,22,27,952,10,1,6,1,6605
129,"brandeis university, waltham, ma",177,0,3,24,29,952,10,1,6,1,NA
130,"brandeis university, waltham, ma, usa",177,0,3,24,30,953,10,1,6,1,8170
131,brown u,102,0,3,25,31,37,4,1,1,1,NA
132,brown university,102,0,2,25,31,945,1,1,1,1,7930
133,"brown university, providence, ri",102,0,12,25,31,954,12,1,1,1,NA
134,"brown university, providence, ri, usa",162,0,12,25,31,954,5,1,1,1,NA
135,"brown university, providence, ri.",102,0,11,25,31,954,4,1,1,1,7987
136,c.m.u.,91,0,9,26,32,38,4,1,2,1,NA
137,"c&c research laboratories - silicon valley, nec usa, inc., cupertino, california",161,0,8,27,33,688,4,1,1,1,NA
138,"c&c research laboratories - silicon valley, nec usa, inc., suite, cupertino, california",161,0,7,27,33,688,4,1,1,1,NA
139,"c&c research laboratories, nec usa, 110 rio robles, m/s sj100, san jose, ca 95134, usa; e-mail: {wen,candan,hirata,hara}@ccrl.sj.nec.com",66,0,3,28,33,39,4,1,6,1,NA
140,"c&c research laboratories, nec, inc., 110 rio robles, san jose, ca",161,0,11,27,33,40,4,1,1,1,NA
141,carnegie mellon university,55,0,8,8,8,955,4,1,1,1,NA
142,"carnegie mellon university, 5000 forbes ave., pittsburgh, pa 15213, usa",55,0,8,8,8,41,4,1,1,1,NA
143,"carnegie mellon university, akamai technologies",55,0,12,8,8,955,5,1,1,1,NA
144,"carnegie mellon university, epfl",55,0,1,29,34,955,5,1,1,1,8338
145,"carnegie mellon university, intel research pittsburgh",55,0,7,8,8,956,4,1,1,1,NA
146,"carnegie mellon university, pittsburgh",55,0,5,8,8,955,4,1,6,1,8417
147,"carnegie mellon university, pittsburgh, pa",55,0,7,8,8,956,4,1,2,1,NA
148,"carnegie mellon university, pittsburgh, pa, usa",55,0,9,8,8,956,5,1,1,1,NA
149,"carnegie mellon university, pittsburgh, pennsylvania",55,0,8,8,8,956,4,1,2,1,NA
150,"carnegie mellon university, usa",55,0,8,8,8,955,11,1,2,1,NA
151,"case western reserve university, cleveland, oh",66,0,8,22,14,42,11,1,2,1,NA
152,cedric-cnam,82,0,7,30,35,43,4,1,1,1,NA
153,"cedric-cnam paris, france",82,0,2,30,35,689,4,1,2,1,2176
154,"cedric, cnam, paris, france",82,0,4,30,35,689,6,1,2,1,NA
155,"cedric/cnam paris, france; e-mail: vodislav&commat;cnam.fr",67,0,4,30,35,44,6,1,2,1,1009
156,"center for adv. compu. studies, univ. of louisiana at lafayette, lafayette, la",44,0,4,31,36,45,6,1,2,1,6750
157,"center for advanced computer studies, university of illinois at chicago, usa",116,0,5,32,37,46,7,1,2,1,NA
158,"center for comprehensive informatics, emory university, atlanta, usa 30322",66,0,6,33,38,47,7,1,2,1,NA
159,"center for research in biological system, university of california, san diego, ca",169,0,3,3,3,48,10,1,2,1,NA
160,"centrum voor wiskunde en informatica, amsterdam, the netherlands",121,0,7,34,39,957,9,1,1,1,NA
161,"centrum voor wiskunde en informatica, kruislaan 413, 1098 sj, amsterdam, the netherlands",121,0,8,34,39,957,4,1,2,1,NA
162,"centrum voor wiskunde en informatica, sj amsterdam, the netherlands",121,0,7,34,39,957,4,1,1,1,NA
163,"centrum wiskunde en informatica, amsterdam, netherlands",121,0,2,34,39,49,4,1,6,1,NA
164,"ceria lab., université paris dauphine, france",67,0,11,35,40,50,4,1,2,1,9625
165,"cerias and department of computer science, purdue university, west lafayette, usa",44,0,11,31,36,51,4,1,2,1,NA
166,cern,179,0,1,36,41,52,13,1,1,1,NA
167,"ces dept., uc riverside",130,0,9,37,42,53,1,1,6,1,8884
168,chinese academy of sciences,66,0,3,15,43,958,5,1,6,1,NA
169,"chinese academy of sciences, beijing, china",2,0,3,38,44,958,4,1,6,1,NA
170,"chinese academy of sciences, china",2,0,2,38,44,958,5,1,1,1,5697
171,chinese university of hong kong,52,0,2,39,45,959,1,1,1,1,6605
172,"chinese university of hong kong, hong kong, china",52,0,2,39,45,960,1,1,6,1,7872
173,"chinese university of hong kong, hong kong, hong kong",32,0,2,39,45,959,1,1,1,1,2990
174,"chinese university of hong kong, new territories, hong kong",52,0,7,39,45,960,9,1,6,1,NA
175,"chinese university of hong kong, sha tin, new territories, hong kong",73,0,2,39,45,960,1,1,1,1,NA
176,chutney technologies,21,0,7,40,46,962,4,1,6,1,8425
177,"chutney technologies, atlanta, ga",21,0,7,40,46,962,1,1,1,1,NA
178,"chutney technologies, inc., atlanta, ga",21,0,7,40,46,963,5,1,1,1,NA
179,"cimic and msis department, rutgers university, 180 university avenue, newark nj 07102, usa e-mail: adam@adam.rutgers.edu; atluri@andromeda.rutgers.edu",66,0,2,41,38,54,5,1,1,1,NA
180,"cis department, polytechnic university, brooklyn, ny",15,0,9,42,47,55,5,1,1,1,310
181,"cise department, university of florida, gainesville, fl",171,0,2,43,48,56,4,1,3,1,NA
182,city university of hong kong,73,0,2,39,45,964,4,1,1,1,1640
183,"city university of hong kong, hong kong",52,0,2,39,45,964,1,1,1,1,773
184,"city university of hong kong, hong kong, china",52,0,2,39,45,964,1,1,1,1,6684
185,"city university of hong kong, kowloon, hong kong",52,0,9,39,45,964,5,1,1,1,NA
186,"clausthal university of technology, clausthal-zellerfeld, germany",92,0,7,44,49,57,4,1,1,1,NA
187,clustra as,78,0,11,45,50,58,4,1,2,1,NA
188,"clustra, trondheim, norway",78,0,2,45,50,59,5,1,1,1,NA
189,cmu,135,0,9,46,51,60,5,1,1,1,8417
190,cnam,82,0,2,30,35,61,4,1,1,1,NA
191,cnam paris,82,0,11,30,35,62,4,1,1,1,NA
192,"cnam, france",82,0,2,30,35,63,5,1,4,1,8417
193,"college of business administration, university of cincinnati",85,0,7,47,52,64,9,1,1,1,7881
194,"college of computer and information science, northeastern university, boston, ma",34,0,7,23,28,690,9,1,2,1,NA
195,"college of computer and information science, northeastern university, usa",34,0,9,48,53,690,5,1,1,1,3308
196,"college of computing, georgia institute of technology",114,0,7,49,54,967,4,1,1,1,1027
197,"college of computing, georgia institute of technology, 801 atlantic drive, ga, 30332-0280, atlanta, usa",109,0,2,49,54,968,1,1,6,1,NA
198,"college of computing, georgia institute of technology, atlanta, usa",114,0,11,49,54,967,4,1,2,1,NA
199,"college of engineering, school of computer engineering, nanyang technological university, singapore",34,0,11,50,55,65,4,1,3,1,532
200,"college of information science and technology, drexel university, 3141 chestnut street, philadelphia, pa 19104-2875, usa",66,0,11,48,56,969,4,1,1,1,8694
201,"college of information science and technology, drexel university, philadelphia, pennsylvania",85,0,11,48,56,969,4,1,1,1,NA
202,"college of information science and technology, drexel university, philadelphia, usa 19104",85,0,2,48,56,969,1,1,6,1,7930
203,"college of information sciences and technology, the pennsylvania state university, university park, pa",129,0,2,51,57,66,4,1,1,1,NA
204,"college of information sciences and technology, the pennsylvania state university, university park, pa and department of computer science and engineering, the pennsylvania state university, university park, pa",129,0,2,51,57,67,1,1,1,1,NA
205,columbia university,127,0,2,52,58,970,4,1,1,1,8884
206,"columbia university, new york",113,0,8,53,59,970,13,1,2,1,NA
207,"columbia university, new york, new york",113,0,8,53,59,971,4,1,2,1,NA
208,"columbia university, new york, ny",113,0,8,53,59,970,4,1,2,1,NA
209,"columbia university, new york, ny, usa",113,0,8,53,59,971,3,1,2,1,NA
210,"columbia university, nyc, ny",127,0,1,52,58,970,3,1,3,1,NA
211,"comp. eng. dept, bilkent university, ankara, turkey",66,0,1,22,60,68,3,1,3,1,NA
212,"comp. sci. div, dept eecs, uc berkeley, berkeley, ca",28,0,1,37,42,69,3,1,1,1,7856
213,"compaq src, palo alto, ca",158,0,2,54,61,70,1,1,1,1,NA
214,compaq systems research center,13,0,7,55,20,71,4,1,6,1,NA
215,"compaq, il, usa",116,0,7,32,37,72,5,1,1,1,NA
216,"computer & information science department, university of pennsylvania, 200 south 33rd street, philadelphia, pa",34,0,6,48,60,73,5,1,2,1,NA
217,"computer and information science and engineering department, university of florida, gainesville, usa 32611",132,0,6,43,53,691,14,1,2,1,NA
218,"computer and information science and engineering, university of florida, gainesville, usa 32611",132,0,5,43,48,691,14,1,2,1,NA
219,"computer engineering and informatics, university of patras, greece",98,0,6,6,6,74,4,1,2,1,NA
220,"computer laboratory, university of cambridge",34,0,2,56,60,75,4,1,1,1,NA
221,"computer science & engineering department, university of california, riverside, riverside, ca",103,0,3,57,62,972,10,1,6,1,NA
222,"computer science & engineering, indian institute of technology, mumbai, india",35,0,7,58,63,76,5,1,1,1,763
223,"computer science and artificial intelligence lab., massachusetts institute of technology",109,0,9,59,18,77,5,1,2,1,NA
224,"computer science and engg. dept., i.i.t., bombay",34,0,11,2,2,78,4,1,2,1,NA
225,"computer science and engg., tndian institiue of technology, mumbai 400076,india",109,0,6,58,64,79,4,1,2,1,NA
226,"computer science and engineering department, arizona state university, tempe, az 85287-5406, usa; e-mail: candan@asu.edu",146,0,6,12,13,80,4,1,2,1,NA
227,"computer science and engineering department, state university of new york at buffalo, amherst, usa 14260",54,0,6,60,59,81,4,1,6,1,NA
228,"computer science and engineering department, university of california, riverside, ca",103,0,9,57,62,973,5,1,6,1,NA
229,"computer science and engineering, arizona state university, tempe, usa",146,0,5,12,13,82,2,1,6,1,NA
230,computer science department carnegie mellon university,55,0,5,8,8,974,2,1,6,1,2176
231,"computer science department, boston university, usa",34,0,5,23,28,975,4,1,6,1,NA
232,"computer science department, brown university",162,0,4,25,31,975,6,1,2,1,NA
233,"computer science department, carnegie mellon university, pittsburgh",55,0,8,8,8,974,5,1,1,1,9063
234,"computer science department, carnegie mellon university, pittsburgh, pa",55,0,6,8,8,974,5,1,2,1,8888
235,"computer science department, carnegie mellon university, usa",55,0,1,8,8,974,4,1,1,1,NA
236,"computer science department, center for automation research and institute for advanced computer studies, university of maryland at college park",85,0,12,48,56,692,4,1,1,1,NA
237,"computer science department, center for automation research, and institute for advanced computer studies, university of maryland, college park, maryland 20742, usa; e-mail: hjs&commat;cs.umd.edu",85,0,8,48,56,692,5,1,2,1,7930
238,"computer science department, columbia university",51,0,10,61,60,976,8,1,6,1,NA
239,"computer science department, duke university, usa",34,0,10,61,53,977,8,1,6,1,NA
240,"computer science department, hong kong univ. of science and technology, hong kong",86,0,10,39,43,693,8,1,6,1,2091
241,"computer science department, illinois institute of technology, chicago, usa",109,0,7,32,37,83,4,1,6,1,NA
242,"computer science department, indiana university, bloomington",34,0,6,61,60,975,9,1,2,1,8170
243,"computer science department, stanford university",49,0,2,62,65,977,4,1,1,1,NA
244,"computer science department, stanford university, stanford ca 94305, usa",49,0,9,62,65,978,1,1,1,1,NA
245,"computer science department, stanford university, stanford, ca",49,0,2,62,65,979,1,1,1,1,NA
246,"computer science department, stanford university, stanford, ca 94305, usa; e-mail: hector@db.stanford.edu",49,0,3,62,65,978,3,1,6,1,1698
247,"computer science department, stanford university, stanford, usa 94305",49,0,9,62,65,978,1,1,6,1,NA
248,"computer science department, stanford university, usa",49,0,12,62,65,980,4,1,1,1,NA
249,"computer science department, technion - israel institute of technology, technion city, haifa 32000, israel",151,0,6,63,66,981,5,1,2,1,NA
250,"computer science department, technion--israel institute of technology, haifa, israel",151,0,9,63,66,981,5,1,2,1,NA
251,"computer science department, tel aviv university, ramat aviv, tel aviv 69978, israel; e-mail: {anate, milo}@math.tau.ac.il",105,0,7,64,67,84,5,1,3,1,3894
252,"computer science department, university of arizona, usa",146,0,9,61,53,977,5,1,2,1,NA
253,"computer science department, university of california at santa barbara, usa",103,0,2,65,68,982,1,1,6,1,749
254,"computer science department, university of california, berkeley, ca",96,0,2,20,25,983,1,1,1,1,NA
255,"computer science department, university of california, los angeles, los angeles, usa 90095",96,0,3,66,69,984,4,1,6,1,8542
256,"computer science department, university of california, riverside, california 92521, usa; e-mail: tsotras@cs.ucr.edu",103,0,3,57,69,85,10,1,6,1,NA
257,"computer science department, university of california, usa",103,0,5,57,69,977,5,1,6,1,2331
258,"computer science department, university of illinois at urbana-champaign, urbana, il 61801, usa; e-mail: kcchang@cs.uiuc.edu",116,0,12,32,37,86,12,1,1,1,NA
259,"computer science department, university of illinois, chicago, usa 60607",116,0,2,32,37,985,1,1,1,1,NA
260,"computer science department, university of maryland, college park, maryland",156,0,9,47,52,983,5,1,1,1,NA
261,"computer science department, university of maryland, college park, md",156,0,4,47,52,986,4,1,1,1,NA
262,"computer science department, university of maryland, college park, usa 20742",85,0,1,47,52,983,1,1,1,1,NA
263,"computer science department, university of sao paulo at sao carlos - brazil",34,0,8,61,60,982,4,1,1,1,6718
264,"computer science department, university of southern california, los angeles, ca",96,0,3,66,69,985,5,1,6,1,7785
265,"computer science department, university of southern california, los angeles, usa 90089-0781",96,0,3,66,69,984,5,1,6,1,8259
266,"computer science department, university of southern california, usa",103,0,9,57,69,986,5,1,6,1,NA
267,"computer science department, university of stuttgart, stuttgart, germany",34,0,3,67,70,986,4,1,2,1,NA
268,"computer science department, university of twente, p.o. box 217, 7500 ae enschede, the netherlands; e-mail: {grefen,vonk,apers}@cs.utwente.nl",66,0,2,68,71,87,5,1,6,1,8558
269,"computer science department, virginia tech, blacksburg, usa 24060",123,0,2,69,72,88,4,1,6,1,NA
270,"computer science dept, ucla",40,0,3,70,73,987,4,1,6,1,NA
271,"computer science dept., columbia university",51,0,7,61,60,976,9,1,1,1,NA
272,"computer science dept., stanford university, stanford, ca",49,0,9,62,65,980,1,1,1,1,8769
273,"computer science dept., suny at binghamton",126,0,11,60,74,987,4,1,1,1,7788
274,"computer science dept., ucla, los angeles, ca",40,0,3,70,73,988,4,1,6,1,NA
275,"computer science dept., univ. of illinois at chicago",116,0,2,32,37,89,4,1,2,1,NA
276,"computer science division, national technical university of athens, 157 73 athens, greece",58,0,2,6,6,90,5,1,6,1,NA
277,"computer science division, uc berkeley",28,0,3,37,42,989,10,1,6,1,691
278,"computer science division, uc berkeley, berkeley, ca",28,0,3,37,42,989,10,1,6,1,NA
279,"computer science program, school of eecs, university of central florida, orlando, fl",132,0,3,43,48,91,10,1,6,1,NA
280,"computer science uc, san diego, la jolla, ca",169,0,3,3,3,988,10,1,6,1,NA
281,"computer science, department hong kong univ. of science and technology, hong kong",86,0,11,39,43,693,4,1,1,1,NA
282,"computer sciences department - icmc/usp, são carlos, sp, brazil",34,0,11,61,60,92,4,1,1,1,NA
283,"computer sciences department, university of wisconsin - madison, madison, wi",142,0,11,71,75,1038,4,1,1,1,NA
284,"computer sciences department, university of wisconsin-madison",142,0,12,71,75,1039,12,1,1,1,NA
285,"computer sciences department, university of wisconsin-madison, madison, usa 53706",142,0,11,71,75,1039,5,1,1,1,NA
286,"computer sciences department, university of wisconsin, madison, wi",142,0,9,71,75,1039,4,1,1,1,NA
287,"computer sciences dept., university of wisconsin",34,0,9,71,75,93,4,1,2,1,8125
288,"computer sciences, purdue university",44,0,2,31,36,94,4,1,1,1,NA
289,"computer technology institute, patras, greece",109,0,6,6,18,95,4,1,2,1,NA
290,"computer technology, institute, p.o.box 1122, gr-26110 patras, greece",109,0,11,6,6,96,4,1,6,1,NA
291,"computing science, university of aberdeen, aberdeen, uk",34,0,11,61,76,97,4,1,1,1,NA
292,"cornell theory center, ithaca, ny",25,0,8,72,77,98,4,1,1,1,NA
293,cornell university,25,0,8,72,77,1040,4,1,6,1,NA
294,"cornell university ithaca, ny",25,0,9,72,77,1040,4,1,1,1,NA
295,"cornell university, ithaca, new york",113,0,1,53,59,1041,5,1,1,1,NA
296,"cornell university, ithaca, ny",25,0,7,72,77,1040,5,1,1,1,7856
297,"cornell university, ithaca, ny, usa",25,0,5,72,77,1041,4,1,6,1,NA
298,"cornell university, ithaca, usa",25,0,8,72,77,1040,4,1,4,1,NA
299,"cornell university, ithaca, usa 14853",25,0,7,72,77,1041,4,1,2,1,4591
300,"courant institute of mathematical sciences, department of computer science, new york university",54,0,8,53,59,1042,11,1,2,1,532
301,"courant institute of mathematical sciences, new york university",54,0,8,53,59,1042,11,1,2,1,NA
302,"courant institute of mathematical sciences, new york, university, new york, ny",113,0,7,53,59,1043,4,1,1,1,NA
303,"courant institute, new york university",113,0,8,53,59,1044,4,1,1,1,NA
304,"courant institute, new york, ny",113,0,8,53,59,1044,4,1,2,1,NA
305,"courant institute, ny",114,0,4,49,54,1044,6,1,2,1,NA
306,"cs dept., ucla",40,0,4,70,73,99,6,1,2,1,NA
307,"cs storage systems dept., ibm almaden research center",76,0,5,1,1,100,13,1,2,1,NA
308,"cse, university of new south wales, sydney, australia",83,0,5,73,78,1045,7,1,2,1,1640
309,"csiro ict center/e-health research center, australia",11,0,6,73,79,101,7,1,2,1,NA
310,"csiro ict centre, north ryde, nsw, australia",11,0,1,73,79,102,4,1,1,1,180
311,"cti patras, greece",58,0,8,6,6,103,5,1,1,1,9756
312,"cto, quiq, and professor, uw-madison",142,0,8,71,75,104,4,1,4,1,NA
313,cwi,37,0,2,34,39,105,5,1,2,1,NA
314,"cwi amsterdam, the netherlands",37,0,2,34,39,1047,9,1,3,1,NA
315,"cwi, amsterdam, netherlands",37,0,1,34,39,1048,4,1,5,1,NA
316,"cwi, amsterdam, the netherlands",37,0,1,34,39,1047,9,1,3,1,NA
317,"cwi, amsterdam, the netherlands 1098 sj",37,0,9,34,39,1048,9,1,6,1,NA
318,"cwi, kruislaan 413, 1098 sj amsterdam, the netherlands; e-mail: {s.manegold,m.l.kersten}@cwi.nl",121,0,9,34,39,106,1,1,6,1,NA
319,"cwi, kruislaan, gb amsterdam, the netherlands",37,0,2,34,39,694,9,1,3,1,9756
320,"cwi, kruislaan, gb, amsterdam, the netherlands",37,0,9,34,39,694,9,1,6,1,805
321,"cwi, p.o. box 94079, 1090 gb amsterdam & microsoft corporation, one microsoft way, redmond, wa",42,0,12,74,80,107,4,1,1,1,543
322,"cwi, sj amsterdam, the netherlands",37,0,8,34,39,1047,9,1,3,1,NA
323,"d.e.i.s. - università della calabria, rende, italy",174,0,7,75,10,108,9,1,3,1,NA
324,"d.i.a., università di roma tre",153,0,7,75,81,109,9,1,3,1,NA
325,"d.i.f.a., università della basilicata",174,0,6,75,81,110,9,1,1,1,NA
326,"data distilleries b.v., kruislaan 402, 1098 sm amsterdam, the netherlands; e-mail: p.boncz@ddi.nl",121,0,9,34,71,111,5,1,1,1,NA
327,"data distilleries, the netherlands",121,0,9,34,15,112,5,1,1,1,NA
328,"data eng.lab, dept.of informatic, aristotic university, of thessaloniki, gr-54006 greece",66,0,2,13,15,113,5,1,1,1,NA
329,"data management department, ibm t. j. watson research center, p. o. box 704, yorktown heights, ny",31,0,9,76,82,114,5,1,1,1,NA
330,"data management, ibm t. j. watson research center, p. o.box, 704, yorktown heights, ny",31,0,3,76,82,115,3,1,3,1,NA
331,"data mining technologies, oracle",9,0,2,13,15,116,1,1,1,1,NA
332,"database and artificial intelligence group, technische universität, wien, vienna, austria",66,0,4,77,83,117,4,1,2,1,NA
333,"database research group, swiss federal institute of technology (eth), zurich, switzerland",114,0,9,4,4,118,5,1,2,1,NA
334,"database security oracle corp., redwood city, ca",163,0,10,78,84,119,8,1,6,1,NA
335,"database systems lab, indian institute of science, bangalore, india",147,0,7,58,64,1049,4,1,1,1,6605
336,"database systems lab, serc, indian institue of science, bangalore 560012,india, lucent bell labs, 600 mountain avenue, murray hill, nj",161,0,11,19,23,120,7,1,2,1,NA
337,"database systems lab, serc, indian institute of science, bangalore, india",147,0,7,58,64,1049,4,1,3,1,NA
338,"database systems lab, serc/csa, indian institute of science, bangalore, india",147,0,7,58,64,1049,4,1,3,1,NA
339,"database systems lab., serc, indian institute of science, bangalore, india",147,0,2,58,64,1049,5,1,1,1,NA
340,"database systems r& d center, university of florida, gainesville, fl 32611––6125, usa; e-mail: su@cise.ufl.edu",132,0,9,43,48,121,11,1,2,1,NA
341,"databases and distributed systems group, department of computer science, darmstadt university of technology - darmstadt, germany",34,0,12,67,70,122,12,1,1,1,8887
342,"david r. cheriton school of computer science, university of waterloo, waterloo, canada",51,0,9,79,85,695,5,1,6,1,NA
343,"david r. cheriton school of computer science, university of waterloo, waterloo, ontario, canada",51,0,9,79,85,695,5,1,6,1,347
344,"dei, politecnico di milano, italy",89,0,6,9,86,123,9,1,2,1,NA
345,deis unical,66,0,7,80,87,124,9,1,2,1,NA
346,"deis---csite--cnr, university of bologna, bologna, italy",174,0,3,80,87,125,5,1,1,1,NA
347,"deis, università della calabria, rende (cs), italy",174,0,7,75,10,126,5,1,1,1,3734
348,"department of anthropology, ucr, riverside, usa",103,0,3,57,62,127,5,1,1,1,NA
349,"department of anthropology, university of california - riverside, riverside, ca",20,0,3,66,62,128,10,1,6,1,NA
350,"department of biology, indiana university, usa",34,0,2,31,53,129,4,1,1,1,7927
351,"department of cofm, national university of singapore, singapore, singapore",180,0,9,50,55,699,5,1,2,1,NA
352,"department of computer and information science, moore school building, university of pennsylvania, usa",34,0,1,48,53,1050,5,1,1,1,6605
353,"department of computer and information science, the university of michigan - dearborn, dearborn, mi",141,0,2,81,88,1051,9,1,1,1,NA
354,"department of computer and information science, the university of michigan - dearborn, mi 48128, dearborn, usa",141,0,2,81,88,1051,1,1,1,1,NA
355,"department of computer and information science, university of michigan, dearborn, usa 48128",141,0,2,81,53,1051,1,1,1,1,NA
356,"department of computer and information sciences and engineering, university of florida, gainesville, fl",132,0,1,43,48,1050,13,1,1,1,NA
357,"department of computer and information sciences and engineering, university of florida, gainsville, usa",132,0,1,43,53,1050,13,1,1,1,NA
358,"department of computer and information sciences, university of pennsylvania, philadelphia, usa 19104",34,0,1,48,53,1052,4,1,2,1,NA
359,"department of computer engineering & maths, rovira i virgili university of tarragona, catalonia",34,0,9,61,60,130,5,1,1,1,NA
360,"department of computer engineering and information technology, city university of hong kong, tat chee avenue, kowloon, hong kong, china",38,0,1,39,43,131,1,1,1,1,NA
361,"department of computer engineering, bilkent university, 06800, bilkent, ankara, turkey",34,0,1,61,60,1053,5,1,1,1,NA
362,"department of computer engineering, bilkent university, ankara, turkey",34,0,1,61,60,1053,5,1,1,1,NA
363,"department of computer engineering, kyungpook national university, daegu, south korea 702-701",98,0,1,82,89,132,3,1,1,1,2038
364,"department of computer engineering, middle east technical university, turkey",34,0,1,61,60,1054,3,1,2,1,NA
365,"department of computer science & department of electrical and computer engineering, university of toronto",34,0,7,61,60,1055,5,1,1,1,NA
366,"department of computer science & electrical engineering, university of maryland, usa",34,0,7,48,53,990,5,1,1,1,8251
367,"department of computer science & engineering, university of california - riverside, riverside, ca",103,0,6,57,62,991,5,1,6,1,NA
368,"department of computer science & engineering, university of california riverside, usa",103,0,2,57,69,973,14,1,2,1,NA
369,"department of computer science & engineering, university of california, san diego",103,0,7,3,3,991,14,1,2,1,2597
370,"department of computer science and advanced information technology research center (aitrc), korea advanced institute of science and technology (kaist), daejeon, south korea 305-701",109,0,2,83,90,696,4,1,6,1,9756
371,"department of computer science and advanced information technology research center (aitrc), korea advanced institute of science and technology (kaist), taejon, korea",5,0,2,83,90,696,4,1,3,1,NA
372,"department of computer science and automation, indian institute of science, bangalore, india",109,0,7,58,64,992,4,1,6,1,NA
373,"department of computer science and automation, technical university of ilmenau, germany",34,0,1,67,70,993,4,1,6,1,NA
374,"department of computer science and computer engineering, la trobe university, australia",53,0,9,73,91,993,5,1,1,1,NA
375,"department of computer science and department of electrical and computer engineering, university of toronto",34,0,11,61,60,1055,4,1,1,1,NA
376,"department of computer science and engineering university of california, riverside, ca",103,0,6,57,62,973,5,1,2,1,NA
377,"department of computer science and engineering, arizona state university, az 85287-5406, tempe, usa",146,0,9,12,13,994,4,1,1,1,NA
378,"department of computer science and engineering, arizona state university,tempe, az",146,0,2,12,13,994,4,1,6,1,NA
379,"department of computer science and engineering, bourns college of engineering, university of california, riverside, usa",103,0,7,57,60,133,2,1,6,1,NA
380,"department of computer science and engineering, box 352350, university of washington, seattle, wa 98195-2350, usa; e-mail: {zives,alon,weld}@cs.washington.edu",34,0,5,10,11,134,2,1,6,1,NA
381,"department of computer science and engineering, chinese university of hong kong, hong kong, china",86,0,5,39,43,995,2,1,6,1,7021
382,"department of computer science and engineering, chinese university of hong kong, new territories, hong kong",38,0,5,39,43,996,7,1,2,1,NA
383,"department of computer science and engineering, chinese university of hong kong, sha tin, new territories, hong kong",38,0,4,39,43,996,4,1,2,1,NA
384,"department of computer science and engineering, helsinki university of technology, finland",34,0,9,15,60,996,5,1,2,1,NA
385,"department of computer science and engineering, indian institute of technology bombay, mumbai, india",35,0,7,58,63,992,4,1,2,1,NA
386,"department of computer science and engineering, indian institute of technology bombay, mumbai, india 400076",35,0,7,58,63,992,5,1,2,1,NA
387,"department of computer science and engineering, michigan state university, east lansing, mi",141,0,12,81,88,994,4,1,6,1,NA
388,"department of computer science and engineering, state university of new york at buffalo, buffalo, ny",126,0,10,60,74,997,5,1,6,1,1764
389,"department of computer science and engineering, the chinese university of hong kong, hong kong; e-mail: adafu@cse.cuhk.edu.hk",38,0,10,39,43,135,8,1,6,1,NA
390,"department of computer science and engineering, the hong kong university of science and technology, kowloon, hong kong",38,0,10,39,43,995,8,1,6,1,NA
391,"department of computer science and engineering, the hong kong university of science and technology, kowloon, hong kong, china",38,0,2,39,43,995,1,1,1,1,NA
392,"department of computer science and engineering, the ohio state university, usa",146,0,9,12,13,990,9,1,1,1,NA
393,"department of computer science and engineering, the pennsylvania state university, university park, pa",129,0,7,51,57,998,4,1,1,1,5491
394,"department of computer science and engineering, the pennsylvania state university, university park, pa 16802, usa; e-mail: &lcub;gurumurt,anand,vijay,kandemir,mji&rcub;&commat;cse.psu.edu",66,0,9,51,57,998,4,1,1,1,7815
395,"department of computer science and engineering, ucr, riverside, usa",103,0,8,57,53,990,4,1,3,1,NA
396,"department of computer science and engineering, university of california san diego",103,0,1,3,3,999,3,1,2,1,NA
397,"department of computer science and engineering, university of california, usa",103,0,3,57,53,993,5,1,6,1,1143
398,"department of computer science and engineering, university of minnesota-twin cities, minneapolis, usa 55455",34,0,12,61,53,1000,5,1,1,1,NA
399,"department of computer science and engineering, university of minnesota, minneapolis, mn",34,0,9,61,60,1000,5,1,1,1,NA
400,"department of computer science and engineering, university of minnesota, minneapolis, usa 55455",34,0,9,61,53,999,5,1,1,1,NA
401,"department of computer science and engineering, university of minnesota, minnesota, mn",34,0,9,61,60,1000,5,1,1,1,8417
402,"department of computer science and engineering, university of minnesota, usa",34,0,9,61,53,993,5,1,6,1,NA
403,"department of computer science and engineering, university of washington, seattle, usa",34,0,6,10,11,997,5,1,2,1,NA
404,"department of computer science and engineering, university of washington, seattle, wa",84,0,2,10,11,997,1,1,1,1,NA
405,"department of computer science and engineering, university of washington, seattle, wa, 98195; e-mail: alon@cs.washington.edu",34,0,11,10,11,1000,5,1,1,1,NA
406,"department of computer science and engineering, university of washington, usa",34,0,9,61,53,1000,5,1,1,1,1355
407,"department of computer science and engineering, university of washington, wa 98195, seattle, usa",84,0,5,10,11,994,5,1,1,1,1734
408,"department of computer science and engineering, wright state university, dayton, usa",146,0,7,12,13,997,5,1,6,1,NA
409,"department of computer science and information engineering, national taiwan university, taipei, taiwan, roc",34,0,9,61,91,136,4,1,1,1,NA
410,"department of computer science and information systems, university of hong kong, hong kong",38,0,2,39,43,137,1,1,1,1,NA
411,"department of computer science and software engineering, arc centre for perceptive and intelligent machines in complex environments, the university of melbourne, melbourne, australia",53,0,11,73,78,138,4,1,2,1,NA
412,"department of computer science northeastern university, liaoning, china",2,0,2,38,44,1001,4,1,1,1,NA
413,"department of computer science university of maryland, college park, also with the institute for advanced computer studies, university maryland",85,0,2,47,56,697,5,1,1,1,NA
414,"department of computer science university of maryland, college park, also with the institute for systems research, university of maryland",85,0,1,47,52,697,4,1,1,1,NA
415,"department of computer science, aalborg university 9220 aalborg øst, denmark; e-mail: {simas,csj}@cs.auc.dk",59,0,3,7,7,1002,3,1,3,1,NA
416,"department of computer science, aalborg university, aalborg ø, denmark",59,0,3,7,7,1002,3,1,3,1,NA
417,"department of computer science, aalborg university, aalborg, denmark",59,0,3,7,7,1002,4,1,3,1,NA
418,"department of computer science, aalborg university, denmark",59,0,1,7,7,1003,4,1,1,1,NA
419,"department of computer science, aalborg university, fredrik bajers vej 7e, 9220, aalborg øst, denmark",59,0,9,7,7,1003,10,1,6,1,NA
420,"department of computer science, boston university, boston, ma 02215, usa",112,0,7,23,28,1004,4,1,6,1,NA
421,"department of computer science, boston university, usa",34,0,9,23,28,1005,10,1,1,1,NA
422,"department of computer science, brandeis university",34,0,9,61,60,1005,5,1,1,1,NA
423,"department of computer science, brandeis university, ma 02254, waltham, usa",34,0,9,24,53,1005,5,1,1,1,NA
424,"department of computer science, brandeis university, usa",34,0,9,61,53,1005,5,1,1,1,651
425,"department of computer science, brandeis university, waltham, ma",34,0,2,24,60,1005,4,1,1,1,6866
426,"department of computer science, brown university",162,0,11,25,31,1006,4,1,5,1,1451
427,"department of computer science, brown university, ri 02912, providence, usa",162,0,3,25,31,1006,10,1,6,1,NA
428,"department of computer science, brown university, usa",162,0,3,25,31,1006,10,1,6,1,2091
429,"department of computer science, carnegie mellon university, pittsburgh, usa",55,0,9,8,8,1007,10,1,6,1,1853
430,"department of computer science, center for automation research institute for advanced computer studies, university of maryland, usa",34,0,3,48,56,139,10,1,6,1,8387
431,"department of computer science, city university of hong kong, 83 tat chee avenue, kowloon, hong kong",38,0,3,39,45,1008,5,1,6,1,8834
432,"department of computer science, city university of hong kong, hong kong",73,0,11,39,45,1008,4,1,1,1,NA
433,"department of computer science, city university of hong kong, kowloon tong, hong kong sar, china",86,0,7,39,43,1008,1,1,1,1,NA
434,"department of computer science, city university of hong kong, kowloon, hong kong",73,0,2,39,45,1008,1,1,6,1,NA
435,"department of computer science, cornell university",34,0,12,72,53,1009,12,1,1,1,NA
436,"department of computer science, darmstadt university of technology",34,0,11,15,60,1009,4,1,2,1,8769
437,"department of computer science, drop and statistics, university of são paulo at são carlos, são carlos, brazil",34,0,9,61,60,140,4,1,6,1,NA
438,"department of computer science, duke university",34,0,2,61,60,1010,5,1,1,1,763
439,"department of computer science, duke university, durham, nc",34,0,9,61,60,1009,5,1,1,1,NA
440,"department of computer science, fudan university, china",2,0,6,38,44,1011,4,1,2,1,NA
441,"department of computer science, global scientific information and computing center, tokyo institute of technology, tokyo, japan 152-8552",109,0,11,15,18,141,4,1,3,1,NA
442,"department of computer science, harbin institute of technology, harbin, china",109,0,8,15,18,1012,4,1,3,1,NA
443,"department of computer science, hong kong university of science and technology",38,0,8,39,43,1013,4,1,1,1,5136
444,"department of computer science, hong kong university of science and technology, clear water bay, hong kong",38,0,2,39,43,1013,5,1,6,1,NA
445,"department of computer science, hong kong university of science and technology, clear water bay, kowloon, china; e-mail: luhj&commat;cs.ust.hk",34,0,2,39,43,1013,5,1,1,1,NA
446,"department of computer science, hong kong university of science and technology, clearwater bay, hong kong",38,0,2,39,43,1013,5,1,1,1,NA
447,"department of computer science, hong kong university of science and technology, hong kong",38,0,2,39,43,1014,1,1,1,1,NA
448,"department of computer science, hong kong university of science and technology, kowloon, hong kong, china",86,0,2,39,43,1013,1,1,6,1,6718
449,"department of computer science, institute for advanced computer studies & institute for systems research, university of maryland, college park, md 20742, usa; e-mail: {elemar,vs}@cs.umd.edu",85,0,11,48,56,142,5,1,6,1,NA
450,"department of computer science, korea advanced institute of science and technology (kaist), daejeon, south korea",5,0,9,83,90,143,4,1,2,1,1640
451,"department of computer science, monmouth university, nj 07764, west long branch, usa",34,0,8,31,53,1004,11,1,2,1,NA
452,"department of computer science, national chengchi university, taipei, taiwan, roc",34,0,2,61,91,1012,5,1,1,1,NA
453,"department of computer science, national chiao tung university, hsinchu, taiwan, roc",34,0,9,61,91,1012,5,1,1,1,NA
454,"department of computer science, national tsing hua university, hsinchu, taiwan, roc",34,0,2,61,91,1012,5,1,1,1,4046
455,"department of computer science, national university of singapore",180,0,4,50,55,1001,6,1,2,1,3
456,"department of computer science, national university of singapore, 3 science drive 2, 117543, singapore",180,0,4,50,55,1015,6,1,2,1,NA
457,"department of computer science, national university of singapore, 3 science drive 2, singapore",180,0,4,50,55,1015,6,1,2,1,NA
458,"department of computer science, national university of singapore, 3 science drive 2, singapore 117543; e-mail: tankl@comp.nus.edu.sg",34,0,5,50,55,1015,7,1,2,1,705
459,"department of computer science, national university of singapore, singapore",180,0,6,50,55,1015,7,1,2,1,NA
460,"department of computer science, national university of singapore, singapore 117543",180,0,6,50,55,1015,5,1,2,1,8057
461,"department of computer science, national university of singapore, singapore, singapore",180,0,9,50,55,1015,5,1,1,1,1416
462,"department of computer science, national university of singapore,singapore",180,0,8,50,55,1001,5,1,2,1,4886
463,"department of computer science, purdue university, usa",44,0,2,31,36,1010,4,1,6,1,NA
464,"department of computer science, purdue university, west lafayette, in",44,0,9,31,36,1007,4,1,2,1,NA
465,"department of computer science, purdue university, west lafayette, usa 47907",44,0,11,31,36,1016,4,1,2,1,NA
466,"department of computer science, southwest texas state university, san marcos, tx 78666 usa; e-mail: angu@swt.edu",66,0,1,84,92,144,5,1,1,1,2224
467,"department of computer science, stanford university, usa",49,0,2,62,65,1007,4,1,6,1,1143
468,"department of computer science, stanford, ca",49,0,9,62,65,1017,5,1,6,1,NA
469,"department of computer science, state university of new york at stony brook, stony brook, ny",54,0,9,53,59,145,1,1,6,1,NA
470,"department of computer science, suny at binghamton, usa",126,0,3,60,74,1017,5,1,6,1,NA
471,"department of computer science, swiss federal institute of technology (ethz), eth zentrum, zürich, switzerland",109,0,3,85,4,146,4,1,6,1,NA
472,"department of computer science, the technion, haifa, israel",151,0,9,63,66,1017,4,1,1,1,462
473,"department of computer science, tokyo institute of technology, tokyo, japan 152-8552",109,0,1,15,18,147,5,1,2,1,NA
474,"department of computer science, university of arizona, az",146,0,2,12,13,1018,9,1,3,1,NA
475,"department of computer science, university of arizona, tucson, az",146,0,2,12,13,1019,4,1,2,1,2222
476,"department of computer science, university of british columbia",51,0,3,61,58,1011,5,1,6,1,2095
477,"department of computer science, university of british columbia, vancouver, bc v6t 1z4 canada",51,0,9,52,58,1020,5,1,6,1,NA
478,"department of computer science, university of british columbia, vancouver, canada",51,0,9,52,58,1021,5,1,6,1,NA
479,"department of computer science, university of calgary, calgary, canada",51,0,2,79,85,1019,5,1,1,1,12
480,"department of computer science, university of calgary, canada",51,0,9,79,85,1019,5,1,6,1,NA
481,"department of computer science, university of california at davis, usa",103,0,9,57,69,1022,5,1,6,1,NA
482,"department of computer science, university of california santa barbara, santa barbara, ca",4,0,2,65,68,1019,10,1,6,1,NA
483,"department of computer science, university of california santa cruz, santa cruz, ca",4,0,3,65,68,1019,10,1,6,1,NA
484,"department of computer science, university of california, los angeles, california 90095, usa; e-mail: &lcub;csy,zaniolo&rcub;@cs.ucla.edu",96,0,3,66,69,148,5,1,6,1,NA
485,"department of computer science, university of california, riverside",103,0,3,57,62,1019,5,1,6,1,NA
486,"department of computer science, university of california, santa barbara",103,0,9,65,68,1019,5,1,6,1,NA
487,"department of computer science, university of california, santa barbara, ca",103,0,9,65,68,1023,5,1,1,1,NA
488,"department of computer science, university of chile, blanco encalada 2120, santiago, chile; e-mail: gnavarro@dcc.uchile.cl",115,0,9,86,93,149,4,1,6,1,NA
489,"department of computer science, university of helsinki, finland",34,0,2,61,60,1011,5,1,1,1,NA
490,"department of computer science, university of helsinki, helsinki, finland",34,0,9,61,60,1024,5,1,1,1,NA
491,"department of computer science, university of hong kong, hong kong",73,0,2,39,45,1024,1,1,1,1,8134
492,"department of computer science, university of hong kong, hong kong, china",86,0,2,39,43,1014,1,1,6,1,NA
493,"department of computer science, university of hong kong, hong kong, hong kong",52,0,2,39,45,1014,5,1,6,1,NA
494,"department of computer science, university of illinois at chicago, chicago, usa",116,0,9,32,37,1024,9,1,6,1,2341
495,"department of computer science, university of illinois at chicago, usa",116,0,9,32,37,1024,9,1,1,1,NA
496,"department of computer science, university of illinois at urbana-champaign, il 61801, urbana, usa",116,0,12,32,37,1020,12,1,1,1,NA
497,"department of computer science, university of illinois at urbana-champaign, urbana, il",116,0,7,32,37,1021,5,1,1,1,NA
498,"department of computer science, university of magdeburg, germany",34,0,7,67,70,1025,5,1,1,1,NA
499,"department of computer science, university of magdeburg, magdeburg, germany",34,0,7,67,70,1025,4,1,1,1,NA
500,"department of computer science, university of maryland",85,0,2,48,56,1011,4,1,3,1,NA
501,"department of computer science, university of maryland, college park",85,0,2,47,56,1025,5,1,1,1,NA
502,"department of computer science, university of maryland, usa",85,0,2,48,56,1009,4,1,1,1,NA
503,"department of computer science, university of massachusetts, amherst, ma",177,0,7,59,29,1025,4,1,6,1,NA
504,"department of computer science, university of massachusetts, usa",34,0,2,61,53,1017,1,1,1,1,NA
505,"department of computer science, university of minnesota, minneapolis, mn",34,0,2,61,60,1001,1,1,1,1,685
506,"department of computer science, university of pittsburgh",34,0,2,8,60,1024,1,1,1,1,NA
507,"department of computer science, university of pittsburgh, usa",34,0,1,8,53,1007,13,1,6,1,NA
508,"department of computer science, university of southern california, ca 90088, los angeles, usa",96,0,8,66,69,1022,13,1,4,1,NA
509,"department of computer science, university of southern california, los angeles, ca",96,0,8,66,69,1021,10,1,6,1,NA
510,"department of computer science, university of southern maine, portland, usa",34,0,9,61,53,1007,3,1,6,1,8151
511,"department of computer science, university of texas at dallas, tx 75083-0688, richardson, usa",34,0,8,84,92,1022,4,1,2,1,NA
512,"department of computer science, university of toronto",170,0,1,61,94,1026,3,1,6,1,NA
513,"department of computer science, university of toronto, 10 king's college road, toronto, on, m5s 1a4, canada",170,0,1,87,94,1027,3,1,1,1,NA
514,"department of computer science, university of toronto, bahen center for information technology, toronto, canada m5s 2e4",170,0,1,87,94,150,3,1,1,1,3219
515,"department of computer science, university of toronto, canada",170,0,1,87,94,1027,5,1,1,1,8992
516,"department of computer science, university of toronto, toronto, canada",170,0,11,87,94,1027,5,1,1,1,1810
517,"department of computer science, university of toronto, toronto, canada m5s 3g4",170,0,11,87,94,1027,5,1,1,1,NA
518,"department of computer science, university of toronto, toronto, canada; e-mail: mendel@cs.toronto.edu",170,0,11,87,94,1026,5,1,6,1,NA
519,"department of computer science, university of toronto, toronto, on, canada",170,0,11,87,94,1027,14,1,6,1,NA
520,"department of computer science, university of waterloo, 200 university avenue west, waterloo, ontario n2l 3g1, canada e-mail: {apmarathe,kmsalem}@uwaterloo.ca",51,0,9,79,85,151,5,1,3,1,NA
521,"department of computer science, university of wisconsin-madison, 1210 west dayton street, madison, wi 53706-1685, usa; e-mail: &lcub;dewitt, markhill&rcub;&commat;cs.wisc.edu",66,0,9,71,75,152,5,1,6,1,NA
522,"department of computer science, virginia tech, 7054 haycock road, falls church, va 22043 usa; e-mail: {brahim,athman}@vt.edu",66,0,7,69,72,698,4,1,1,1,NA
523,"department of computer science, virginia tech, 7054 haycock road, va 22043, falls church, usa",123,0,7,69,72,698,4,1,2,1,NA
524,"department of computer science, virginia tech, blacksburg, usa 24061",123,0,9,69,72,153,5,1,1,1,NA
525,"department of computer science, wichita state university, wichita, ks",146,0,9,12,13,1028,5,1,1,1,NA
526,"department of computer science, worcester polytechnic institute, ma 01609-2280, worcester, usa",15,0,7,42,47,1029,4,1,2,1,NA
527,"department of computer science, worcester polytechnic institute, usa",15,0,6,42,47,1029,7,1,2,1,NA
528,"department of computer science, worcester polytechnic institute, worcester, ma",15,0,7,42,47,1030,4,1,2,1,855
529,"department of computer science, wright state university, dayton, oh",146,0,7,12,13,1028,5,1,6,1,NA
530,"department of computer science, zhejiang university, hangzhou, p.r.china",34,0,7,61,60,1018,5,1,6,1,1487
531,"department of computer sciences, purdue university, 250 n. university street, in 47907, west lafayette, usa",44,0,5,31,36,1031,2,1,6,1,NA
532,"department of computer sciences, purdue university, 250 n. university street, west lafayette, in 47907 usa; e-mail: ake@cs.purdue.edu",44,0,5,31,36,1031,4,1,6,1,1720
533,"department of computer sciences, purdue university, usa",44,0,4,31,36,1010,7,1,2,1,NA
534,"department of computer sciences, purdue university, west lafayette in",44,0,9,31,36,1010,4,1,2,1,NA
535,"department of computer sciences, purdue university, west lafayette, in",44,0,6,31,36,1016,4,1,2,1,NA
536,"department of computer sciences, purdue university, west lafayette, in 47907-1398, usa",44,0,11,31,36,1016,4,1,2,1,6231
537,"department of computer sciences, purdue university, west lafayette, indiana",44,0,2,31,36,1016,4,1,2,1,NA
538,"department of computer sciences, purdue university, west lafayette, usa",44,0,9,31,36,1016,4,1,1,1,1734
539,"department of computer sciences, purdue university, west lafayette, usa 47907-2107",44,0,10,31,36,1016,8,1,2,1,NA
540,"department of computer sciences, university of wisconsin-madison",142,0,10,71,75,1032,8,1,6,1,3308
541,"department of computer sciences, university of wisconsin-madison, 1210 w. dayton street, wi 53706, madison, usa",142,0,10,71,75,1032,8,1,6,1,NA
542,"department of computer sciences, university of wisconsin, madison",142,0,11,71,75,1011,4,1,3,1,8338
543,"department of computer sciences, university of wisconsin, madison, madison, wi",142,0,11,71,75,1032,4,1,2,1,321
544,"department of computer, science, worcester polytechnic institute, worcester, ma",15,0,2,42,47,1030,4,1,2,1,NA
545,"department of computing science, university of alberta, alberta, canada; e-mail: drafiei@cs.ualberta.ca",51,0,9,79,85,1023,5,1,1,1,8674
546,"department of computing science, university of alberta, edmonton, alberta, canada",51,0,4,79,85,1033,4,1,2,1,NA
547,"department of computing science, university of glasgow, glasgow, g12 8qq, uk; e-mail: &lcub;ela,mpa,rwi&rcub;&commat;dcs.gla.ac.uk",66,0,1,61,60,154,4,1,2,1,543
548,"department of computing science, university of illinois at urbana-champaign, 1304 west springfield ave, il 61801 usa; e-mail: hanj&commat;cs.uiuc.edu",116,0,12,32,37,155,12,1,1,1,543
549,"department of cs, ethz, zürich, switzerland",34,0,6,85,4,156,5,1,2,1,NA
550,"department of cs, national university of singapore, singapore, singapore",180,0,9,50,55,699,5,1,2,1,NA
551,"department of cs, portland state university",168,0,9,88,14,157,4,1,2,1,NA
552,"department of eecs and laboratory of computer science, m.i.t., ma 02139, cambridge, usa",34,0,9,89,95,158,5,1,3,1,NA
553,"department of eecs and laboratory of computer science, massachussetts institute of technology, usa",109,0,5,15,18,159,7,1,2,1,NA
554,"department of eecs, university of michigan",141,0,2,81,88,1057,1,1,1,1,1027
555,"department of eecs, university of michigan, ann arbor, mi",100,0,2,81,88,1057,5,1,1,1,6718
556,"department of eecs, university of michigan, ann arbor, usa",100,0,7,81,88,1057,5,1,1,1,NA
557,"department of eecs, university of michigan, ann arbor, usa 48109",100,0,7,81,88,1057,5,1,1,1,NA
558,"department of electrical and computer engineering and department of computer science, univerity of toronto, ontario, canada",170,0,9,61,94,1056,5,1,1,1,NA
559,"department of electrical and computer engineering and department of computer science, university of toronto, canada",170,0,7,61,60,1056,1,1,2,1,NA
560,"department of electrical and computer engineering, carnegie mellon university, usa",34,0,9,8,8,1058,4,1,1,1,NA
561,"department of electrical engineering and computer science, case western reserve university, cleveland, usa 44106",34,0,2,61,53,1059,5,1,1,1,NA
562,"department of electrical engineering and computer science, northwestern university, usa",34,0,9,61,53,1058,5,1,1,1,NA
563,"department of electrical engineering and computer science, university of michigan",141,0,2,81,60,1058,4,1,1,1,1853
564,"department of electrical engineering and computer science, university of michigan, ann arbor, mi",141,0,2,81,88,1060,5,1,1,1,NA
565,"department of electrical engineering and computer sciences, university of california at berkeley, ca 94720, berkeley, usa",96,0,3,20,25,1059,10,1,6,1,NA
566,"department of electrical engineering, national taiwan university, roc",34,0,3,61,91,700,5,1,1,1,NA
567,"department of electrical engineering, national taiwan university, taipei, taiwan, roc",34,0,3,61,91,700,3,1,1,1,8125
568,"department of electronic and computer engineering, national technical university of athens, hellas, greece; e-mail: timos@cs.ntua.gr",98,0,2,6,6,160,4,1,6,1,NA
569,"department of electronic engineering, national taiwan university of science and technology, taipei, taiwan and institute of information science, academia sinica, taipei, taiwan",109,0,1,15,91,161,5,1,1,1,NA
570,"department of informatics and telecommunications, university of athens, athens, greece",58,0,4,6,6,162,4,1,2,1,7856
571,"department of informatics, aristotle university of thessaloniki, greece; e-mail: &lcub;alex,manolopo&rcub;&commat;delab.csd.auth.gr",66,0,7,6,6,163,4,1,1,1,NA
572,"department of informatics, athens university of economics and business, hellas, greece; e-mail: mvazirg@aueb.gr",98,0,9,6,6,164,5,1,2,1,NA
573,"department of information and communication technology, university of trento, italy",109,0,7,90,96,165,9,1,3,1,NA
574,"department of information and computer engineering, chung yuan christian university, chung li, taiwan, roc",34,0,9,61,91,166,5,1,1,1,NA
575,"department of information and computer science, university of california, irvine, california",103,0,9,57,69,167,5,1,6,1,NA
576,"department of information and software engineering, george mason university, fairfax, virginia, usa; e-mail: xywang@gmu.edu",66,0,2,69,72,701,4,1,1,1,NA
577,"department of information and software engineering, george mason university, usa",34,0,1,91,97,701,4,1,1,1,NA
578,"department of information management, national sun yat-sen university, kaohsiung, taiwan",66,0,3,61,91,168,10,1,6,1,NA
579,"department of mathematics and computer science, emory university, atlanta, ga and institute of information science, academia sinica, taipei, taiwan",109,0,3,15,53,169,10,1,6,1,NA
580,"department of mathematics and computer science, university of mannheim",34,0,3,61,60,702,10,1,6,1,2095
581,"department of mathematics and computer science, university of marburg, 35032 marburg, germany",34,0,3,92,98,702,10,1,6,1,1411
582,"department of mathematics and cs, university of marburg, marburg, germany",63,0,3,92,98,170,4,1,6,1,NA
583,"department of mechanical engineering, massachusetts inst. of technology, cambridge, ma",177,0,6,59,30,171,4,1,2,1,NA
584,"department of statistics, carnegie mellon university, pittsburgh, pa",55,0,11,8,8,703,5,1,1,1,NA
585,"department of statistics, carnegie mellon university, usa",55,0,12,8,8,703,12,1,1,1,NA
586,"department of statistics, the pennsylvania state university, university park, pa and department of computer science and engineering, the pennsylvania state university, university park, pa",129,0,11,51,57,172,4,1,1,1,NA
587,"department of system engineering and engineering management, the chinese univ. of hong kong, hong kong, china",86,0,11,39,43,704,4,1,1,1,NA
588,"department of systems engineering and engineering management, chinese university of hong kong, shatin, n.t., china; e-mail: yu&commat;se.cuhk.edu.hk",66,0,9,39,43,173,4,1,3,1,NA
589,"department of systems engineering and engineering management, the chinese univ. of hong kong, hong kong, china",86,0,2,39,43,704,4,1,1,1,NA
590,"dept of computer science, university of massachusetts, amherst, ma",177,0,5,59,29,1061,5,1,3,1,NA
591,"dept of eecs, uc berkeley",28,0,3,37,42,708,4,1,6,1,NA
592,"dept. de computação, inst. de ciências matemáticas e de computação, universidade de são paulo, são carlos, sp, brazil",115,0,11,86,93,174,4,1,1,1,NA
593,"dept. of cis, njit, nj",66,0,4,41,99,175,4,1,2,1,NA
594,"dept. of computer science & engineering, university of, washington, seattle, wa",84,0,8,10,11,176,4,1,1,1,NA
595,"dept. of computer science and engg., i.i.t., bombay",34,0,7,2,2,177,5,1,1,1,NA
596,"dept. of computer science and engineering, chinese university of hong kong, new territories, hong kong",38,0,7,39,43,178,5,1,1,1,NA
597,"dept. of computer science and engineering, hong kong univ. of science and technology, clear water bay, hong kong sar, china",86,0,2,39,43,179,1,1,1,1,8748
598,"dept. of computer science and engineering, university of california, san diego, la jolla, ca",169,0,7,3,3,180,4,1,6,1,NA
599,"dept. of computer science, cornell university",34,0,5,72,77,1062,4,1,6,1,393
600,"dept. of computer science, duke university, durham, nc",34,0,2,61,60,1063,4,1,1,1,NA
601,"dept. of computer science, hong kong univ. of sci. & tech., hong kong, china",86,0,8,39,43,181,11,1,2,1,NA
602,"dept. of computer science, suny at binghamton, binghamton, ny",126,0,8,60,74,182,11,1,2,1,NA
603,"dept. of computer science, the hong kong univ. of science and technology, hong kong, china",86,0,12,39,43,183,4,1,1,1,NA
604,"dept. of computer science, tufts university",34,0,11,61,60,1062,5,1,6,1,8151
605,"dept. of computer science, u. of illinois at chicago, chicago, il",116,0,4,32,37,705,3,1,2,1,NA
606,"dept. of computer science, uiuc",132,0,4,93,100,1062,6,1,2,1,NA
607,"dept. of computer science, univ. of illinois at chicago, chicago, il",116,0,4,32,37,705,6,1,2,1,1640
608,"dept. of computer science, univ. of manchester, united kingdom",34,0,4,61,9,1063,7,1,2,1,NA
609,"dept. of computer science, university of arizona, tucson, az",146,0,5,12,13,1061,7,1,2,1,NA
610,"dept. of computer science, university of illinois at urbana-champaign",116,0,6,32,37,1064,7,1,2,1,NA
611,"dept. of computer science, university of maryland",85,0,6,48,56,1061,5,1,1,1,NA
612,"dept. of computer science, university of toronto",170,0,9,61,94,1061,5,1,1,1,699
613,"dept. of computer science, university of waterloo",51,0,8,79,60,1061,4,1,1,1,NA
614,"dept. of cs, suny at binghamton, binghamton, ny",126,0,9,60,74,184,4,1,6,1,629
615,"dept. of cs, u. of illinois at chicago, chicago, il",116,0,2,32,37,185,4,1,2,1,NA
616,"dept. of electrical and computer eng., national technical university of athens, greece",98,0,9,6,6,186,5,1,1,1,8125
617,"dept. of electrical engineering & computer science, korea advanced institute of science and technology (kaist)",5,0,2,83,90,187,4,1,5,1,NA
618,"dept. of info. & software eng., george mason university",66,0,2,91,97,188,5,1,2,1,NA
619,"dept. of informatics and telecommunications, university of athens, athens, hellas",58,0,9,6,6,189,5,1,1,1,NA
620,"dept. of information and computer science, university of california, irvine",103,0,9,57,69,190,5,1,6,1,NA
621,"dept. of mechanical & aerospace engineering, cornell university",149,0,9,72,77,191,4,1,1,1,8417
622,"dept. of physics and astronomy, the johns hopkins university, baltimore, md",85,0,5,68,52,192,4,1,3,1,6684
623,"dept. of systems engineering and engineering management, the chinese univ. of hong kong, hong kong, china",86,0,7,39,43,193,4,1,2,1,NA
624,"dia - università roma tre, roma, italy",153,0,11,75,81,194,9,1,3,1,NA
625,"dii, univ. di modena e reggio emilia, modena, italy",16,0,3,9,86,195,9,1,3,1,7856
626,"dimet department, university """"""""mediterranea"""""""" of reggio calabria, reggio calabria, italy",66,0,11,90,96,196,4,1,3,1,NA
627,"dip. di informatica, univ. di torino, torino, italy",89,0,2,9,86,197,5,1,1,1,6718
628,"dipartimento di elettronica e informazione, politecnico di milano, piazza leonardo da vinci 32, 20133 milan, italy; e-mail: {bonifati,ceri,parabosc}@elet.polimi.it",16,0,6,9,86,1065,9,1,2,1,NA
629,"dipartimento di informatica e sistemistica, università di roma """"""""la sapienza"""""""", italy",174,0,9,75,81,706,9,1,6,1,9261
630,"dipartimento di informatica e sistemistica, università di roma """"""""la sapienza"""""""", via salaria, 113, roma, italy",174,0,9,75,81,706,9,1,1,1,8338
631,"dipartimento di matematica pure ed applicata, universita, degli studi di l'aquila, l'aquila, italy",16,0,9,9,86,198,9,1,6,1,NA
632,"dipartimento di scienze dell'informazione, università degli studi di milano, via comelico 39/41, 20135 milano, italy e-mail: bertino@dsi.unimi.it, ugo_capuozzo@rcm.inet.it",16,0,7,9,86,199,9,1,1,1,2485
633,"distributed information systems laboratory, school of computer and communication sciences, epfl, epfl-ic-lsir, lausanne, switzerland 1015",115,0,2,29,34,200,5,1,1,1,1027
634,"division of computer science, department of mathematical sciences, university of north carolina at greensboro, bryan 383, nc 27402-6170, greensboro, usa",66,0,9,61,53,201,4,1,2,1,NA
635,"division of computer science, korea advanced institute of science and technology",109,0,3,83,18,202,5,1,1,1,NA
636,"domaine de voluceau, inria, 78153, le chesnay, france",18,0,12,94,101,203,4,1,6,1,NA
637,dortmund university,149,0,1,95,27,1067,2,1,6,1,NA
638,"dresden technical university, dresden, germany",12,0,7,96,102,204,9,1,1,1,NA
639,dresden university of technology,12,0,7,96,102,1069,9,1,2,1,NA
640,"dresden university of technology, database technology group",114,0,7,96,102,1069,9,1,1,1,NA
641,"dresden university of technology, database technology group, dresden, germany",12,0,9,96,102,1070,9,1,1,1,NA
642,"dresden university of technology, dresden, germany",12,0,7,96,102,1069,9,1,6,1,NA
643,"dresden university of technology, software engineering group, dresden, germany",12,0,1,96,102,1070,5,1,1,1,NA
644,drexel university,149,0,9,22,27,712,5,1,1,1,NA
645,"dsi-università di milano, via comelico, 39/41, 20135 milano italy",16,0,7,9,86,707,9,1,1,1,2176
646,"dsi-università di milano, via comelico, 39/41, 20135 milano, italy",16,0,7,9,86,707,9,1,1,1,NA
647,"dsi, università di milano, italy",16,0,7,9,86,205,9,1,3,1,NA
648,duke university,149,0,2,22,27,1071,5,1,1,1,NA
649,"duke university, durham, nc",149,0,8,22,27,1071,4,1,1,1,NA
650,"duke university, durham, nc, usa",95,0,11,33,38,1072,4,1,2,1,NA
651,"duke university, durham, north carolina",149,0,7,22,27,1072,4,1,1,1,1422
652,"e-health research centre/csiro ict, australia",11,0,9,73,79,206,4,1,1,1,NA
653,"e.piphany, inc.",62,0,6,5,5,207,4,1,2,1,NA
654,"ecole nationale superieure, de telecommunications, paris, france",67,0,7,35,40,208,4,1,1,1,NA
655,"école normale supérieure de paris, france",67,0,2,35,40,209,1,1,1,1,4923
656,"ecole polytechnique fédéral de lausanne & google, ltaa, lausanne, switzerland",115,0,2,29,34,1075,1,1,1,1,NA
657,"ecole polytechnique fédéral de lausanne, ltaa, lausanne, switzerland",115,0,7,29,34,1076,1,1,1,1,4923
658,"ecole polytechnique fédérale de lausanne (epfl), lausanne, switzerland",115,0,7,29,34,1075,13,1,1,1,NA
659,"école polytechnique fédérale de lausanne, lausanne, switzerland",115,0,7,29,34,1076,1,1,1,1,NA
660,"école polytechnique fédérale de lausanne, switzerland",115,0,1,29,34,1076,3,1,2,1,NA
661,"eecs computer science division, uc berkeley",28,0,3,37,42,210,10,1,6,1,NA
662,"eecs computer science division, university of california berkeley, berkeley, ca",122,0,3,20,25,211,10,1,6,1,NA
663,"eecs department, tufts university, medford, ma",34,0,1,24,28,212,3,1,2,1,543
664,"eecs department, uc berkeley",28,0,1,37,42,213,3,1,1,1,NA
665,"eecs dept, case western reserve university, cleveland, ohio",66,0,1,22,14,214,3,1,2,1,NA
666,"eecs dept., uc berkeley",28,0,3,37,42,708,3,1,2,1,NA
667,"eindhoven technical university, eindhoven, the netherlands",121,0,7,34,71,215,4,1,3,1,NA
668,"electrical engineering and computer science, university of michigan, ann arbor, mi",100,0,6,81,88,709,4,1,2,1,NA
669,"electrical engineering and computer science, university of michigan, ann arbor, usa 48109",141,0,6,81,88,709,14,1,2,1,NA
670,"electrical engineering department, national taiwan university, taipei, taiwan, roc",98,0,7,61,91,216,14,1,2,1,NA
671,"electrical engineering department, national taiwan university, taipei, taiwan, roc and department of engineering science, national cheng kung university, tainen city, taiwan, roc 701",34,0,9,61,91,217,5,1,1,1,NA
672,"embedded system technology group, information technology lab., lg electronics institute of technology, seocho-gu, seoul, korea",109,0,1,49,54,218,4,1,1,1,8128
673,"embrapa - brazilian agricultural research corporation, av. dr. andre torsello, 209, sp, 13083-886, campinas, brazil",66,0,7,11,12,219,4,1,2,1,NA
674,"emory university, atlanta, ga",66,0,7,40,46,220,4,1,2,1,NA
675,epfl,57,0,2,29,34,221,5,1,2,1,NA
676,"epfl, lausanne, switzerland",57,0,7,29,34,222,4,1,1,1,NA
677,"epfl, switzerland",57,0,6,29,34,223,5,1,2,1,8356
678,"epiphany inc., palo alto, ca",158,0,6,54,61,224,4,1,2,1,NA
679,"epiphany, usa",95,0,6,33,38,225,4,1,2,1,5136
680,eth zurich,80,0,7,4,4,1077,2,1,6,1,NA
681,"eth zurich, ch",80,0,5,4,4,1077,2,1,6,1,7927
682,"eth zürich, ch 8092 zürich, switzerland",114,0,5,4,4,1078,2,1,6,1,6718
683,"eth zurich, switzerland",80,0,5,4,4,1079,2,1,6,1,NA
684,"eth zurich, zurich",80,0,8,4,4,1077,7,1,2,1,NA
685,"eth zurich, zurich, switzerland",80,0,7,4,4,1078,4,1,2,1,505
686,"eth zurich, zurich, switzerland 8092",80,0,9,4,4,1080,5,1,2,1,NA
687,"european organization for nuclear research (cern), geneva, switzerland",66,0,7,36,41,226,4,1,2,1,8694
688,facebook data infrastructure team,121,0,1,13,15,227,4,1,1,1,9351
689,"facebook, palo alto, ca, usa",158,0,2,54,61,228,4,1,1,1,8170
690,fachbereich mathematik und informatik universität marburg - germany,92,0,10,92,98,229,8,1,6,1,NA
691,faculty at the university of wisconsin-madison,142,0,10,71,75,230,8,1,6,1,8176
692,"faculty of computer science, free university of bozen-bolzano, bolzano, italy",34,0,3,90,96,231,5,1,3,1,NA
693,"faculty of eemcs, university of twente, enschede, the netherlands 7500ae",121,0,7,34,71,232,5,1,6,1,NA
694,"faculty of mathematics and computer science, university of hagen, hagen, germany 58084",34,0,6,97,103,233,9,1,2,1,3308
695,"fakultät für mathematik und informatik, university of mannheim, germany",92,0,11,44,49,234,4,1,2,1,NA
696,fernuniv. hagen,117,0,7,97,103,235,4,1,1,1,NA
697,"fernuniversität hagen, hagen, germany",117,0,4,97,103,236,4,1,2,1,NA
698,fiu,131,0,7,98,51,237,4,1,3,1,NA
699,florida international university,125,0,2,43,48,1081,4,1,1,1,612
700,"florida international university, miami, fl",125,0,11,43,48,1081,4,1,2,1,NA
701,"florida international university, miami, fl, usa",125,0,9,43,48,1081,4,1,2,1,NA
702,"florida international university, university park, miami, fl, usa",171,0,11,43,48,1082,4,1,2,1,NA
703,"florida state university, tallahassee, fl",125,0,5,43,48,1083,4,1,6,1,8057
704,"florida state university, tallahassee, fl, usa",125,0,6,43,48,1083,5,1,2,1,NA
705,"florida state university, tallahassee, usa",125,0,2,43,48,1083,1,1,2,1,8055
706,"forschungszentrum informatik (fzi), university of karlsruhe, 76131, karlsruhe, germany",92,0,9,44,49,238,5,1,1,1,NA
707,forwiss,176,0,9,46,51,239,4,1,1,1,NA
708,"france telecom r&d , france",67,0,6,35,40,240,4,1,2,1,NA
709,"free university of bozen-bolzano, bozen-bolzano bz, italy",174,0,11,90,96,1084,4,1,1,1,NA
710,"free university of bozen-bolzano, bozen-bolzano, italy",174,0,5,90,96,1084,2,1,6,1,NA
711,"free university of bozen-bolzano, bozen, italy",174,0,4,90,96,1084,4,1,1,1,NA
712,"free university of bozen-bolzano, faculty of computer science, italy",34,0,4,90,96,241,1,1,2,1,NA
713,fudan university,2,0,7,38,44,1067,4,1,1,1,NA
714,"fudan university, china",99,0,2,38,44,1068,4,1,1,1,8652
715,"fudan university, shanghai, china",99,0,8,38,44,1068,4,1,3,1,NA
716,"george mason univ., fairfax. va",178,0,6,99,9,1085,4,1,6,1,NA
717,george mason university,149,0,3,33,27,1086,10,1,2,1,NA
718,"george mason university, fairfax, va",66,0,3,33,27,1085,5,1,6,1,6866
719,"george mason university, fairfax, virginia",123,0,8,69,72,1085,4,1,1,1,NA
720,"george mason university, fairfax, vt, usa",95,0,3,33,38,1085,5,1,6,1,NA
721,"george washington university, washington d.c., dc, usa",84,0,7,10,11,710,4,1,6,1,393
722,"george washington university, washington, d.c., dc, usa",84,0,11,10,11,710,4,1,6,1,NA
723,georgia institute of technology,114,0,7,49,54,1087,4,1,1,1,8756
724,"georgia institute of technology, 30332 atlanta, ga, usa",114,0,4,49,54,1088,4,1,2,1,NA
725,"georgia institute of technology, atlanta, ga",114,0,11,49,54,1088,4,1,1,1,9487
726,"georgia institute of technology, atlanta, ga, usa",114,0,2,49,54,1088,4,1,6,1,NA
727,"georgia institute of technology, college of computing",114,0,9,49,54,1087,4,1,1,1,8769
728,"georgia state university, atlanta, ga",168,0,1,40,14,242,10,1,1,1,9625
729,georgia tech,123,0,3,69,72,243,10,1,6,1,NA
730,"gigabeat, inc. palo alto ca",158,0,3,54,61,244,10,1,6,1,NA
731,"global scientific information and computing center, tokyo institute of technology, tokyo, japan 152-8552",109,0,3,15,18,245,10,1,6,1,NA
732,google,133,0,3,100,104,1092,10,1,6,1,8769
733,google inc.,133,0,2,100,104,1092,4,1,1,1,8769
734,"google inc., mountain view, ca",134,0,2,100,104,1094,4,1,1,1,NA
735,"google inc., mountain view, ca, usa",134,0,12,100,104,1095,4,1,1,1,NA
736,"google inc., mountain view, california",134,0,12,100,104,1094,12,1,1,1,9625
737,"google inc., mountain view, usa",134,0,2,100,104,1094,4,1,1,1,NA
738,"google inc., mountain view, usa 94043",134,0,9,100,104,1094,4,1,6,1,8694
739,"google, inc.",133,0,9,100,104,1093,4,1,3,1,NA
740,"google, inc., mountain view, ca",134,0,11,100,104,1096,4,1,1,1,NA
741,"google, inc., mountain view, ca, usa",134,0,2,100,104,1096,4,1,1,1,5840
742,"google, inc., mountain view, usa 94043",134,0,11,100,104,1096,4,1,6,1,8542
743,"google, inc., new york, ny",113,0,11,100,59,246,4,1,3,1,7856
744,"google, mountain view, ca, usa",134,0,3,100,104,1095,4,1,2,1,NA
745,greenplum,17,0,8,101,105,247,4,1,1,1,NA
746,"greenplum inc., san mateo, ca, usa",169,0,1,101,105,248,5,1,1,1,2990
747,haifa university,75,0,7,102,106,249,4,1,1,1,NA
748,"haifa university, haifa, israel",75,0,7,102,106,250,4,1,6,1,NA
749,"haifa, israel",75,0,5,102,106,251,5,1,6,1,253
750,harbin institute of tech.,114,0,7,69,54,1089,4,1,2,1,NA
751,harbin institute of technology,114,0,7,49,54,1090,4,1,2,1,NA
752,"harbin institute of technology, china",114,0,8,15,54,1089,11,1,2,1,543
753,"harbin institute of technology, harbin, china",114,0,8,15,54,1091,11,1,2,1,NA
754,"hasso-plattner-institut, potsdam",29,0,8,44,107,711,5,1,3,1,NA
755,"hasso-plattner-institut, potsdam, germany",29,0,7,44,107,711,5,1,2,1,1027
756,hebrew university,149,0,4,68,27,712,4,1,2,1,NA
757,"hebrew university of jerusalem, jerusalem, israel",121,0,4,102,106,713,6,1,2,1,NA
758,"hebrew university, jerusalem, israel",121,0,4,102,106,713,6,1,2,1,1027
759,"helixense pte ltd, singapore",180,0,5,50,55,714,7,1,2,1,NA
760,"helixense pte ltd., singapore",180,0,6,50,55,714,7,1,2,1,1810
761,"helsinki university of technology, hut, finland",109,0,6,15,18,252,7,1,2,1,NA
762,"hewlett packard laboratories, palo alto, ca",158,0,7,54,61,1097,4,1,1,1,4814
763,"hewlett packard laboratories, palo alto, ca, usa",158,0,2,54,61,1097,1,1,1,1,9267
764,"hewlett packard, palo alto, ca",158,0,2,54,61,1098,1,1,1,1,NA
765,"hewlett-packard company, 1501 page mill road, palo alto, ca",158,0,2,54,61,253,1,1,1,1,NA
766,"hewlett-packard company, houston, tx",110,0,4,54,61,715,4,1,2,1,NA
767,"hewlett-packard company, tomball parkway, houston, tx",110,0,1,54,61,715,4,1,1,1,6605
768,"hewlett-packard laboratories, palo alto, ca",158,0,2,54,61,1099,1,1,1,1,NA
769,"hewlett-packard laboratories, palo alto, california",158,0,7,54,61,1099,4,1,1,1,NA
770,hewlett-packard labs,158,0,2,54,61,1100,5,1,1,1,530
771,"hewlett-packard labs, palo alto, ca",158,0,9,54,61,1100,5,1,1,1,8417
772,"hewlett-packard, palo alto, ca",158,0,2,54,61,1098,1,1,1,1,8530
773,"highbridge capital management llc, usa",95,0,7,33,38,716,4,1,1,1,2382
774,"highbridge capital management llc, usa, usa",95,0,8,33,38,716,4,1,2,1,NA
775,hkust,79,0,9,103,108,254,9,1,3,1,NA
776,"hkust, clear water bay, hong kong",138,0,7,103,108,255,4,1,2,1,2551
777,"hkust, hong kong, china",138,0,4,103,108,256,6,1,2,1,NA
778,hong kong baptist university,52,0,2,39,45,717,1,1,1,1,NA
779,"hong kong baptist university, hong kong",32,0,2,39,45,717,1,1,1,1,7930
780,"hong kong polytechnic university, hung hom, hong kong",52,0,9,39,45,718,5,1,1,1,6686
781,"hong kong polytechnic university, kowloon, hong kong",32,0,9,39,45,718,5,1,2,1,NA
782,"hong kong univ. of science and technology, hong kong, china",86,0,2,39,43,1101,9,1,1,1,NA
783,hong kong university of science & technology,73,0,2,39,43,1102,1,1,6,1,5531
784,"hong kong university of science & technology, hong kong, china",73,0,2,39,43,1101,1,1,1,1,NA
785,hong kong university of science and technology,38,0,9,39,43,1102,5,1,2,1,NA
786,"hong kong university of science and technology, china",86,0,3,39,43,1102,10,1,6,1,NA
787,"hong kong university of science and technology, clear water bay, hong kong",73,0,2,39,45,1103,1,1,1,1,8057
788,"hong kong university of science and technology, clear water bay, kowloon, hong kong",73,0,2,39,45,1103,1,1,1,1,7856
789,"hong kong university of science and technology, hong kong",73,0,2,39,45,1101,1,1,1,1,7927
790,"hong kong university of science and technology, hong kong, china",73,0,2,39,43,1101,1,1,1,1,NA
791,"hong kong university of science and technology, hong kong, hong kong",52,0,12,39,45,1102,5,1,1,1,6718
792,"hong kong university of science and technology, kowloon, hong kong",73,0,2,39,45,1102,1,1,1,1,9756
793,"hong kong university, hong kong, hong kong",32,0,2,39,45,257,1,1,1,1,NA
794,"hp laboratories, palo alto, ca",158,0,2,54,61,258,1,1,1,1,NA
795,"hp labs, palo alto, ca",158,0,2,54,61,719,5,1,2,1,NA
796,"hp labs, palo alto, ca, usa",158,0,7,54,61,719,5,1,1,1,NA
797,"hp, palo alto, ca, usa",158,0,7,54,61,259,4,1,1,1,NA
798,"huazhong university of science and technology, hong kong",38,0,2,39,43,1105,5,1,1,1,NA
799,"huazhong university of science and technology, wuhan, china",109,0,2,15,44,1105,4,1,1,1,3653
800,"humboldt universität zu berlin, berlin, germany",140,0,1,77,83,1106,4,1,2,1,NA
801,"humboldt-universität und fachhochschule für technik und wirtschaft, germany",92,0,11,104,109,260,4,1,3,1,NA
802,humboldt-universität zu berlin,140,0,7,77,83,1107,4,1,1,1,NA
803,"humboldt-universität zu berlin, berlin, germany",140,0,2,77,83,1106,4,1,1,1,NA
804,"humboldt-universität zu berlin, germany",140,0,7,77,83,1107,4,1,2,1,3653
805,"humboldt-universität zu berlin, kelman gmbh, berlin, germany",140,0,2,77,83,1108,1,1,1,1,320
806,"humboldt-university zu berlin, berlin, germany",140,0,2,77,83,1106,1,1,1,1,9756
807,"i-tv-t ag, germany",92,0,2,105,49,261,1,1,1,1,5136
808,"i-tv-t ag, unterföhring",66,0,1,105,16,262,13,1,2,1,NA
809,i.i.t. bombay,120,0,1,2,2,816,13,1,1,1,4592
810,"i.n.r.i.a. rocquencourt, cedex, france",67,0,1,94,101,1109,3,1,1,1,809
811,"i.n.r.i.a., rocquencourt, france; e-mail: &lcub;vincent.aguilera,pierangelo.veltri&rcub;&commat;inria.fr",66,0,8,94,101,263,3,1,2,1,4889
812,ibm,124,0,1,21,110,264,3,1,3,1,NA
813,ibm almaden,46,0,1,1,1,1112,3,1,1,1,NA
814,"ibm almaden rc, san jose, ca",76,0,1,1,1,1113,3,1,2,1,NA
815,ibm almaden res. ctr.,76,0,1,1,1,1112,3,1,1,1,NA
816,ibm almaden research center,76,0,1,1,1,1114,3,1,1,1,6718
817,"ibm almaden research center san jose , ca",76,0,1,1,1,1115,13,1,2,1,NA
818,"ibm almaden research center, 650 harry road, san jose, ca",76,0,7,1,1,1116,13,1,1,1,NA
819,"ibm almaden research center, 650 harry road, san jose, ca 95120, usa; e-mail: {shanmuga, shekita, bgl, pirahesh, reinwald}@almaden.ibm.com; barr@cs.cornell.edu; carey@propel.com",66,0,1,1,1,265,13,1,4,1,NA
820,"ibm almaden research center, san jos, ca, usa",76,0,1,1,1,1115,13,1,2,1,NA
821,"ibm almaden research center, san jose , ca, usa",76,0,1,1,1,1116,13,1,2,1,NA
822,"ibm almaden research center, san jose ca",76,0,1,1,1,1115,13,1,3,1,NA
823,"ibm almaden research center, san jose, ca",76,0,1,1,1,1115,13,1,3,1,955
824,"ibm almaden research center, san jose, ca, usa",76,0,8,1,1,1115,13,1,1,1,5840
825,"ibm almaden research center, san jose, california",76,0,1,1,1,1115,4,1,1,1,NA
826,"ibm almaden research center, san jose, usa",76,0,1,1,1,1115,13,1,1,1,NA
827,"ibm almaden research center, san jose, usa 95120",76,0,1,1,1,1117,13,1,6,1,NA
828,"ibm almaden research center, usa",76,0,6,1,1,1114,5,1,2,1,NA
829,"ibm almaden research lab, san jose, ca",76,0,1,1,1,1115,4,1,1,1,NA
830,"ibm almaden research, almaden, ca",76,0,1,1,1,1114,4,1,6,1,NA
831,"ibm almaden research, center",76,0,5,1,1,1114,2,1,6,1,7945
832,"ibm almaden research, san jose, ca",76,0,5,1,1,1113,2,1,6,1,NA
833,"ibm almaden, research center, san jose, ca",76,0,1,1,1,1118,2,1,6,1,NA
834,"ibm almaden, san jose, ca, usa",76,0,5,1,1,266,7,1,2,1,NA
835,"ibm boeblingen lab, böblingen, germany",8,0,7,21,26,720,3,1,2,1,NA
836,"ibm boeblingen laboratory, boeblingen, germany",8,0,1,21,26,720,3,1,2,1,NA
837,"ibm canada ltd., 1150 eglinton ave. e., toronto, ontario m3c 1h7, canada",170,0,1,87,111,267,3,1,2,1,NA
838,"ibm canada, toronto, on, canada",22,0,1,87,111,268,3,1,2,1,NA
839,"ibm china research lab, beijing, china",99,0,1,38,44,1119,4,1,2,1,NA
840,"ibm china research lab, china",99,0,1,38,44,1119,4,1,2,1,3308
841,"ibm china research laboratory, beijing, china",99,0,10,38,44,1119,8,1,6,1,NA
842,"ibm china research laboratory, shangdi, beijing, china",99,0,10,38,44,1120,8,1,6,1,8237
843,"ibm corporation, san jose, ca",167,0,11,28,112,269,4,1,1,1,842
844,"ibm database tech. inst., austin, tx",110,0,8,84,92,270,9,1,6,1,8338
845,"ibm deutschland, böblingen, germany",8,0,6,21,26,271,7,1,2,1,NA
846,"ibm entwicklung gmbh, böblingen, germany",8,0,1,21,26,272,4,1,1,1,NA
847,ibm germany,8,0,8,21,26,721,4,1,1,1,NA
848,"ibm germany, boeblingen",8,0,8,21,26,273,4,1,2,1,NA
849,"ibm germany, germany",8,0,3,21,26,721,4,1,2,1,NA
850,"ibm haifa labs, israel",75,0,2,102,106,274,4,1,1,1,NA
851,"ibm haifa research lab, haifa, israel",75,0,2,102,106,275,4,1,2,1,6521
852,"ibm india research lab, india",147,0,6,106,24,1121,7,1,2,1,NA
853,"ibm india research lab, new delhi, india",147,0,6,106,24,1121,4,1,2,1,NA
854,"ibm india research lab, sirc",147,0,1,106,24,1122,3,1,2,1,NA
855,"ibm india research lab., hauz khas, new delhi, india",147,0,7,106,24,1121,3,1,2,1,3067
856,ibm indian research laboratory,13,0,2,21,110,1122,1,1,1,1,NA
857,ibm portland,124,0,1,21,110,276,3,1,1,1,NA
858,ibm research,124,0,3,21,110,277,4,1,6,1,NA
859,"ibm research laboratory, haifa, israel",75,0,7,102,106,278,5,1,2,1,861
860,"ibm research, haifa, israel",75,0,7,102,106,279,4,1,1,1,NA
861,"ibm research, new delhi, india",147,0,7,106,24,280,4,1,1,1,865
862,"ibm research, yorktown heights, ny",48,0,1,76,82,281,1,1,1,1,NA
863,ibm san jose ca usa,167,0,3,28,112,1123,1,1,2,1,NA
864,ibm silicon valley lab,167,0,1,28,112,1127,3,1,2,1,861
865,"ibm silicon valley lab, san jose ca",167,0,1,28,112,1128,4,1,4,1,861
866,"ibm silicon valley lab, san jose, ca",167,0,1,28,112,1128,3,1,2,1,NA
867,"ibm silicon valley lab, san jose, usa 95141",167,0,7,28,112,1128,4,1,1,1,NA
868,"ibm silicon valley lab, usa",167,0,3,28,112,1127,3,1,6,1,6605
869,"ibm silicon valley lab., san jose, ca",167,0,3,28,112,1128,3,1,6,1,4246
870,ibm silicon valley laboratory,167,0,1,28,112,1129,3,1,2,1,NA
871,"ibm silicon valley laboratory, san jose, ca",167,0,1,28,112,1129,3,1,6,1,NA
872,"ibm silicon valley laboratory, san jose, california",167,0,5,28,112,1129,4,1,6,1,NA
873,ibm silicon valley labs,167,0,11,28,112,1127,4,1,2,1,NA
874,"ibm silicon valley, laboratory",167,0,1,28,112,1127,3,1,2,1,NA
875,"ibm sillicon valley lab, san jose, ca, usa",167,0,6,28,112,1128,4,1,3,1,NA
876,ibm software group,65,0,4,91,97,1130,4,1,2,1,NA
877,"ibm software group, canada",65,0,2,91,97,1130,4,1,1,1,NA
878,"ibm software group, india",65,0,1,106,97,1130,4,1,1,1,5062
879,"ibm software lab, india, golden enclave, bangalore 560017 india",147,0,3,106,24,282,10,1,6,1,NA
880,ibm t. j. watson res. center,31,0,3,76,82,1131,10,1,6,1,NA
881,ibm t. j. watson research center,31,0,3,76,82,1131,3,1,6,1,NA
882,"ibm t. j. watson research center, hawhorne, ny",31,0,3,76,82,1132,10,1,6,1,7987
883,"ibm t. j. watson research center, hawthorne ny",31,0,1,76,82,1132,3,1,6,1,7987
884,"ibm t. j. watson research center, hawthorne, new york",31,0,11,76,82,1133,4,1,3,1,NA
885,"ibm t. j. watson research center, hawthorne, ny",31,0,1,76,82,1132,3,1,3,1,NA
886,"ibm t. j. watson research center, hawthorne, ny, usa",31,0,1,76,82,1132,3,1,1,1,NA
887,"ibm t. j. watson research center, p.o. box 704, yorktown heights, ny",31,0,1,76,82,1132,3,1,1,1,5677
888,"ibm t. j. watson research center, road, hawthorne, ny",31,0,1,76,82,1133,3,1,1,1,NA
889,"ibm t. j. watson research center, westchester, ny, usa",31,0,1,76,82,1133,3,1,3,1,NA
890,"ibm t. j. watson research center, yorktown heights, ny",31,0,1,76,82,1132,3,1,1,1,NA
891,"ibm t. j. watson research center, yorktown heights, ny, usa",31,0,1,76,82,1132,4,1,1,1,NA
892,"ibm t. j. watson research center, yorktown, ny",31,0,1,76,82,1132,4,1,3,1,772
893,"ibm t. j. watson research, hawthorne, ny",31,0,1,76,82,1134,3,1,3,1,NA
894,"ibm t. j. watson, research center",31,0,1,76,82,1131,4,1,3,1,NA
895,ibm t.j. watson research center,48,0,1,76,82,1135,3,1,2,1,6521
896,"ibm t.j. watson research center hawthorne, ny",48,0,1,76,82,1136,3,1,2,1,9063
897,"ibm t.j. watson research center, hawthorne, new york",48,0,12,76,82,1137,5,1,1,1,NA
898,"ibm t.j. watson research center, hawthorne, ny",48,0,1,76,82,1136,3,1,1,1,NA
899,"ibm t.j. watson research center, hawthorne, usa",48,0,1,76,82,1136,3,1,1,1,NA
900,"ibm t.j. watson research center, new york",48,0,5,76,82,1135,4,1,3,1,NA
901,"ibm t.j. watson research center, usa",48,0,1,76,82,1135,4,1,2,1,NA
902,"ibm t.j. watson research center, yorktown heights, ny",48,0,1,76,82,1137,3,1,2,1,NA
903,"ibm t.j. watson research center, yorktown heights, usa",48,0,1,76,82,1136,11,1,2,1,543
904,"ibm t.j. watson research ctr., hawthorne, ny",48,0,1,76,82,1136,3,1,2,1,NA
905,"ibm t.j. watson research labs, yorktown heights, usa 10598",31,0,3,76,82,283,3,1,3,1,NA
906,"ibm t.j. watson research, hawthorne, ny",48,0,1,76,82,1136,3,1,2,1,NA
907,"ibm t.j. watson research, hawthorne, ny, usa",48,0,1,76,82,1136,6,1,2,1,7984
908,"ibm thomas j. watson research center, hawthorne, ny",48,0,1,76,82,1138,3,1,2,1,NA
909,"ibm thomas j. watson research center, hawthorne, ny, usa",48,0,4,76,82,1138,3,1,2,1,NA
910,"ibm thomas j. watson research centre, yorktown, usa 10598",31,0,5,76,82,1138,7,1,2,1,NA
911,ibm tj watson research center,48,0,6,76,82,1135,3,1,2,1,NA
912,"ibm tokyo research lab, tokyo, japan",13,0,6,21,110,722,3,1,2,1,NA
913,ibm tokyo research laboratory,13,0,7,21,110,722,3,1,2,1,NA
914,ibm toronto,22,0,1,87,111,1140,3,1,1,1,NA
915,"ibm toronto development lab, markham, on, canada",22,0,1,87,111,1146,3,1,1,1,1178
916,"ibm toronto development laboratory, markham, on, canada",22,0,1,87,111,1146,3,1,2,1,NA
917,"ibm toronto development laboratory, on, canada",22,0,1,87,111,1146,3,1,1,1,NA
918,ibm toronto lab,22,0,1,87,111,1141,3,1,1,1,NA
919,"ibm toronto lab, markham, on",22,0,1,87,111,1142,3,1,2,1,6468
920,"ibm toronto lab, markham, on, canada",22,0,1,87,111,1142,3,1,1,1,6969
921,"ibm toronto lab, markham, ontario, canada",22,0,1,87,111,1142,3,1,1,1,923
922,"ibm toronto lab, toronto, canada",22,0,1,87,111,1143,3,1,1,1,9428
923,"ibm toronto lab, toronto, on, canada",22,0,1,87,111,1143,3,1,1,1,921
924,ibm toronto laboratories,22,0,1,87,111,1141,3,1,1,1,NA
925,"ibm toronto laboratories, markham, ontario, canada",22,0,1,87,111,1144,3,1,1,1,NA
926,ibm toronto laboratory,22,0,1,87,111,1141,3,1,5,1,NA
927,"ibm toronto laboratory, markham, ontario, canada",22,0,1,87,111,1144,3,1,2,1,NA
928,"ibm toronto labs, markham, ontario, canada",22,0,1,87,111,1144,5,1,1,1,NA
929,"ibm toronto software lab., markham, ontario, canada",22,0,1,87,111,1145,5,1,1,1,NA
930,"ibm toronto software laboratory, markham, ontario, canada",22,0,2,87,111,1145,5,1,1,1,NA
931,ibm watson,124,0,9,21,82,284,4,1,1,1,NA
932,ibm watson research center,48,0,1,76,82,1139,3,1,1,1,NA
933,"ibm watson research center, hawthorne, ny",48,0,1,76,82,1139,3,1,1,1,6752
934,"ibm watson, hawthorne, ny",48,0,2,76,82,285,5,1,1,1,NA
935,ibm yamato software laboratory,65,0,9,91,97,286,4,1,2,1,NA
936,"ibm, beijing, china",99,0,8,38,44,287,4,1,1,1,NA
937,"ibm, hawthorne",124,0,3,21,110,288,3,1,2,1,NA
938,"ibm, san jose, ca",167,0,1,28,112,1123,4,1,1,1,NA
939,"ibm, san jose, ca, usa",167,0,1,28,112,1124,4,1,1,1,NA
940,"ibm, san jose, california",167,0,7,28,112,1125,4,1,2,1,NA
941,"ibm, toronto, canada",22,0,1,87,111,1140,3,1,1,1,NA
942,"icar - cnr, rende, italy",111,0,9,80,87,289,9,1,1,1,NA
943,icar cnr,111,0,9,80,87,723,5,1,1,1,9063
944,"icar cnr, italy",111,0,7,80,87,723,1,1,6,1,NA
945,"icar-cnr, rende (cs), italy",111,0,7,80,87,290,5,1,6,1,NA
946,"iiit-h: hyderabad, hyderabad, india",147,0,7,106,24,291,7,1,2,1,7569
947,iit bombay,120,0,7,2,2,815,9,1,1,1,NA
948,"iit bombay, india",120,0,7,2,2,817,5,1,2,1,NA
949,"iit bombay, mumbaî, india",120,0,1,2,2,817,5,1,2,1,8266
950,iit-bombay,120,0,7,2,2,815,1,1,1,1,NA
951,"iit, bombay",120,0,1,2,2,815,4,1,2,1,NA
952,"indian institute of science, bangalore, india",147,0,11,58,64,292,4,1,2,1,NA
953,indian institute of technology bombay,35,0,7,58,63,1147,4,1,1,1,5136
954,"indian institute of technology bombay, mumbai, india",35,0,7,58,63,1147,13,1,1,1,NA
955,"indian institute of technology---mumbai, mumbai, india",35,0,7,58,63,1148,5,1,2,1,976
956,"indian institute of technology-bombay, powai, mumbai, india",35,0,7,58,63,1148,5,1,1,1,NA
957,"indian institute of technology, bombay",35,0,7,58,63,1147,5,1,1,1,NA
958,"indian institute of technology, bombay, india",35,0,7,58,63,1149,5,1,1,1,NA
959,"indian institute of technology, bombay, india; e-mail: sunita@it.iitb.ac.in",35,0,7,58,63,1149,13,1,1,1,NA
960,"indian institute of technology, bombay, powai, mumbai",35,0,1,58,63,1148,13,1,3,1,9487
961,"indian institute of technology, mumbai, india",35,0,7,58,63,1147,5,1,2,1,685
962,"indian institute of technology, new delhi, india",35,0,1,58,63,1147,3,1,1,1,NA
963,indiana university at bloomington,66,0,1,31,92,724,3,1,1,1,9522
964,"indiana university, bloomington, in",44,0,1,31,36,724,3,1,2,1,NA
965,"infobright inc., canada",62,0,1,5,5,1150,3,1,2,1,NA
966,"infobright inc., poland",62,0,1,5,5,1150,3,1,1,1,32
967,"infobright inc., toronto, canada",106,0,1,5,5,1150,3,1,2,1,NA
968,"infobright inc., warsaw, poland",62,0,7,5,5,1150,5,1,2,1,8106
969,"infolab, department of information systems and management, tilburg university, po box 90153, 5000 le tilburg, the netherlands; e-mail: ling&commat;kub.nl",66,0,8,68,71,293,5,1,2,1,NA
970,"infolab, tilburg university, tilburg, the netherlands 5000 le",121,0,3,34,71,294,4,1,6,1,NA
971,infomix software,65,0,6,91,97,295,14,1,2,1,NA
972,"informatics laboratory, agricultural university of athens, greece",58,0,4,6,6,296,4,1,2,1,NA
973,"informatik v, rwth aachen, germany",118,0,7,107,113,297,3,1,3,1,NA
974,"information management & system, group microsoft research asia, beijing, china",2,0,3,38,44,298,4,1,6,1,NA
975,"information school, renmin university of china, beijing, china",2,0,7,38,44,299,5,1,6,1,NA
976,"information sciences institute, university of southern california, ca 90292, marina del rey, usa",96,0,9,66,114,725,4,1,1,1,955
977,"information sciences institute, university of southern california, usa",96,0,6,66,69,725,4,1,2,1,8542
978,"information sciences institute, usc, marina del rey, california, ca",96,0,6,108,114,300,4,1,2,1,NA
979,"information sciences research center, bell laboratories, 600 mountain avenue, murray hill nj",161,0,6,18,22,726,7,1,2,1,3751
980,"information sciences research center, bell laboratories, murray hill, nj",161,0,6,18,22,726,7,1,2,1,NA
981,"information systems department, university of maryland baltimore county, usa",85,0,5,47,52,301,2,1,6,1,NA
982,"information technology lab., lg electronics institute of technology",114,0,5,49,54,302,4,1,6,1,NA
983,"informix software inc, los gatos, usa",95,0,5,91,97,727,2,1,6,1,3
984,"informix software, los gatos, ca, usa",95,0,5,91,97,727,2,1,2,1,NA
985,"informix, menlo park, ca, usa",95,0,3,108,52,303,4,1,2,1,NA
986,inria,145,0,6,94,101,304,14,1,2,1,NA
987,inria rocquencourt,145,0,6,94,101,1110,14,1,2,1,NA
988,inria - cnam,82,0,1,30,35,305,3,1,2,1,3961
989,inria futurs,145,0,8,94,101,728,14,1,2,1,NA
990,"inria futurs, france",18,0,7,94,101,728,14,1,2,1,NA
991,inria lorraine,145,0,10,94,101,306,8,1,6,1,NA
992,inria rocquencourt,145,0,10,94,101,1110,8,1,6,1,NA
993,"inria rocquencourt, 78153 le chesnay, france",18,0,10,94,101,1111,8,1,2,1,NA
994,"inria rocquencourt, domaine de voluceau, le chesnay - france",18,0,11,94,101,307,4,1,2,1,NA
995,"inria rocquencourt, france",18,0,6,94,101,1109,14,1,2,1,NA
996,"inria rocquencourt, le chesnay, france",18,0,6,94,101,1111,14,1,2,1,NA
997,"inria rooquencourt, bp 105,78153, le chesnay cedex, france",18,0,7,94,101,308,14,1,2,1,NA
998,inria roquencourt; e-mail: dana@rodin.inria.fr,66,0,2,94,101,309,4,1,2,1,7021
999,"inria-futurs, orsay, orsay cedex, france",18,0,7,94,101,310,14,1,2,1,NA
1000,"inria-orsay, france",18,0,3,94,101,311,14,1,2,1,NA
1001,"inria-rocquencourt, le chesnay cedex, france",18,0,6,94,101,312,14,1,2,1,NA
1002,"inria, bp 105, 78153 le chesnay, france",18,0,9,94,101,313,14,1,2,1,2224
1003,"inria, domaine de voluceau bp 105, 78153 le chesnay cedex, france",66,0,6,94,101,314,5,1,2,1,NA
1004,"inria, france",18,0,6,94,101,315,14,1,2,1,NA
1005,"inria, nantes, france",18,0,6,94,101,316,5,1,2,1,543
1006,"inria, orsay cedex, france",18,0,2,94,101,317,14,1,2,1,NA
1007,inria&tel-aviv u.,105,0,2,64,67,318,1,1,1,1,NA
1008,"institut förmatik, tu-münchen, orleansstraße, münchen, germany",87,0,3,16,19,319,4,1,6,1,NA
1009,"institut für informatik, ludwig-maximilians-universität münchen",154,0,7,16,19,320,4,1,2,1,155
1010,"institut fur informatik, technical university of munich, orleanstr. 34, munich, d-81667, germany",92,0,5,44,115,321,5,1,3,1,NA
1011,"institut für informatik, tu münchen, germany",154,0,7,16,19,322,4,1,1,1,NA
1012,"institut für informatik, universität freiburg, freiburg, germany",92,0,7,104,109,729,4,1,6,1,NA
1013,"institut für informatik, university of tübingen, tübingen, germany",92,0,2,44,107,729,1,1,2,1,2176
1014,"institut télécom, télécom paristech, cnrs ltci, paris, france",67,0,3,35,40,323,4,1,6,1,NA
1015,"institute aifb, universität karlsruhe, karlsruhe, germany",92,0,4,104,109,324,4,1,2,1,NA
1016,"institute for advanced computer studies and department of computer science, university of maryland, college park",85,0,9,47,56,325,5,1,6,1,7987
1017,"institute for computer science, university of munich, oettingenstr. 67, d-80538 münchen, germany",92,0,3,44,115,730,4,1,2,1,7987
1018,"institute for computer science, university of munich, oettingenstr. 67, d-80538 munich, germany",92,0,3,44,115,730,4,1,6,1,NA
1019,"institute for program structures and data organisation, universität karlsruhe (th), karlsruhe, germany",92,0,3,104,109,326,10,1,6,1,8125
1020,"institute of communication and computer systems and department of electrical and computer engineering, national technical university of athens, zographou, athens, hellas",98,0,3,6,6,1151,4,1,6,1,3
1021,"institute of communication and computer systems and school of electrical and computer engineering, national technical university of athens, athens, greece 15773",98,0,7,6,6,1151,4,1,6,1,NA
1022,"institute of communication and computer systems and school of electrical and computer engineering, national technical university of athens, zographou, athens, hellas",98,0,9,6,6,1151,4,1,6,1,8170
1023,"institute of computer science and information engineering, national chiayi university, chiayi, taiwan; e-mail: ychen@sun11.ncytc.edu.tw",34,0,5,15,91,327,5,1,1,1,NA
1024,"institute of computer science, forth, p.o, box 1385, heraldion, greece",109,0,12,6,18,328,4,1,1,1,NA
1025,"institute of computer science, university of augsburg, augsburg, germany",109,0,6,67,70,329,9,1,2,1,NA
1026,"institute of computing technology, chinese academy of sciences and graduate school, chinese academy of sciences, zhongguancun, beijing, p.r.china",109,0,7,15,18,330,4,1,1,1,8888
1027,"institute of computing, university of campinas, caixa postal 6176, sp, 13081-970, campinas, brazil",66,0,11,15,18,331,4,1,6,1,2075
1028,"institute of industrial science, university of tokyo, japan",109,0,7,15,18,731,4,1,2,1,NA
1029,"institute of industrial science, university of tokyo, komaba, meguro-ku, tokyo",109,0,1,15,18,731,4,1,1,1,NA
1030,"institute of information engineering, national cheng kung university, tainan, taiwan; e-mail: leec@dblab.iie.ncku.edu.tw",66,0,3,15,91,332,10,1,6,1,NA
1031,"institute of information science, academia sinica, taipei, taiwan",109,0,3,15,18,333,10,1,6,1,NA
1032,"institute of information science, academia sinica, taipei, taiwan and department of computer science and information engineering, national taiwan university of science and technology, taipei, taiwan",34,0,3,15,91,334,10,1,6,1,NA
1033,"institute of information systems, eth zurich, switzerland",114,0,3,4,4,1152,4,1,6,1,NA
1034,"institute of information systems, eth zurich, zurich, switzerland",80,0,3,4,4,1152,4,1,3,1,1810
1035,"institute of information systems, faculty of economics, humboldt university berlin, 10178 berlin, germany; e-mail: myra@wiwi.hu-berlin.de",66,0,11,77,83,335,4,1,2,1,NA
1036,"institute of information systems, switzerland",114,0,11,85,4,1152,4,1,1,1,NA
1037,"institute of parallel and distributed systems, university of stuttgart, stuttgart, germany",109,0,12,67,70,802,12,1,1,1,6673
1038,"institute of pedagogy and informatics, faculty of philosophy iv, humboldt university berlin, 10117 berlin, germany; e-mail: berendt@educat.hu-berlin.de",66,0,12,77,83,336,4,1,1,1,NA
1039,"institute of remote sensing applications, chinese academy of sciences, beijing",109,0,1,15,44,337,4,1,1,1,1640
1040,"institute of technical medicine, faculty of science and technology, university of twente, enschede, the netherlands 7500ae",109,0,9,15,71,338,4,1,6,1,NA
1041,"instituto de informática, universidade federal do rio grande do sul - ufrgs, brazil",66,0,3,86,93,339,4,1,3,1,3546
1042,"integrated data system department, siemens corporate research, princeton, usa 08540",95,0,6,41,99,340,4,1,2,1,NA
1043,"integrated media systems center & computer science department, university of southern california, los angeles, ca",96,0,1,66,69,341,4,1,1,1,9505
1044,intel corporation,157,0,11,11,12,342,4,1,3,1,NA
1045,"intel corporation, santa clara, ca",47,0,3,65,68,343,4,1,3,1,NA
1046,intel research berkeley,137,0,8,20,116,1153,4,1,6,1,NA
1047,"intel research berkeley, berkeley, ca",137,0,7,20,116,1153,5,1,2,1,NA
1048,"intel research laboratory, berkeley, ca",137,0,12,20,116,344,5,1,6,1,NA
1049,intel research pittsburgh,55,0,7,8,8,1155,5,1,6,1,NA
1050,"intel research pittsburgh, pittsburgh, pa",55,0,7,8,8,1156,4,1,6,1,NA
1051,"intel research pittsburgh, pittsburgh, pa, usa",55,0,7,8,8,1156,4,1,6,1,NA
1052,"intel research, berkeley",137,0,7,20,116,1154,4,1,2,1,NA
1053,"intel research, berkeley, ca",137,0,8,20,116,1153,11,1,2,1,6772
1054,"intel research, berkeley, ca, usa",137,0,8,20,116,1154,11,1,2,1,NA
1055,"intel research, pittsburgh, pennsylvania, pa",55,0,8,8,8,1155,5,1,3,1,6866
1056,"international institute of information technology, 5000019, gachhilbowli, hyderabad, india",35,0,7,58,63,345,5,1,1,1,NA
1057,"isla, universiteit van amsterdam, the netherlands",121,0,2,34,39,732,4,1,2,1,NA
1058,"isla, university of amsterdam, the netherlands",121,0,4,34,71,732,4,1,2,1,NA
1059,"isti-cnr, pisa, italy",111,0,4,80,87,346,6,1,2,1,NA
1060,itr-rescue.org,23,0,4,109,117,733,6,1,2,1,NA
1061,itr-rescue.org (uc irvine),23,0,5,109,117,733,7,1,2,1,1027
1062,japan advanced institute of science and technology,109,0,6,15,18,1157,7,1,2,1,NA
1063,"japan advanced institute of science and technology, asahidai, tatsunokuchi, ishikawa, japan",109,0,6,15,18,1157,5,1,2,1,NA
1064,"japan advanced institute of science and technology, ishikawa, japan",109,0,7,15,18,1157,4,1,2,1,8125
1065,johns hopkins university,149,0,8,68,27,1160,4,1,3,1,NA
1066,"johns hopkins university, baltimore, md",85,0,9,47,52,1160,9,1,1,1,NA
1067,kaist,155,0,2,83,90,347,1,1,1,1,8151
1068,"kaist, taejon, korea",5,0,6,83,90,348,4,1,3,1,6718
1069,"kelman gmbh berlin, berlin, germany",140,0,2,77,83,349,1,1,1,1,NA
1070,"kent state university, kent, oh",168,0,7,88,14,734,5,1,2,1,NA
1071,"kent state university, kent, oh, usa",168,0,2,88,14,734,5,1,1,1,NA
1072,"key labs of data engineering and knowledge engineering, moe, renmin university of china, beijing, people's republic of china",2,0,2,38,44,350,5,1,6,1,4046
1073,"kickfire, santa clara, , ca, usa",47,0,3,65,68,351,10,1,2,1,NA
1074,"king abdullah university of science and technology, jedah, saudi arabia",109,0,3,15,18,735,5,1,6,1,NA
1075,"king abdullah university of science and technology, soudi arabia, saudi arabia",109,0,7,15,18,735,4,1,1,1,NA
1076,korea advanced institute of science and technology,109,0,9,83,18,1158,5,1,6,1,8125
1077,"korea advanced institute of science and technology (kaist), daejeon, korea",5,0,9,83,90,1158,5,1,6,1,NA
1078,"korea advanced institute of science and technology (kaist), daejeon, south korea",5,0,9,83,90,1158,5,1,2,1,7856
1079,"korea advanced institute of science and technology (kaist), taejon, korea",5,0,9,83,90,1158,5,1,1,1,NA
1080,"korea advanced institute of science and technology and advanced information technology research center at kaist, taejon, korea",5,0,9,83,90,352,5,1,6,1,1734
1081,"korea advanced institute of science and technology, 373-1, gusong-dong, yusong-gu, daejeon 305-701, south korea",109,0,9,83,90,1159,5,1,6,1,532
1082,"korea advanced institute of science and technology, daejeon-city, korea",109,0,9,83,90,1158,5,1,6,1,6873
1083,"korea advanced institute of science and technology, daejeon, south korea",109,0,9,83,90,1159,5,1,1,1,NA
1084,"korea advanced institute of science and technology, taejon, korea",5,0,9,83,90,1158,5,1,1,1,NA
1085,"korea advanced institute of science and technology, yusong-gu, taejon, korea",109,0,9,83,90,1159,5,1,1,1,NA
1086,"kyoto university, school of informatics, yoshida-honmachi, sakyo-ku, kyoto, japan",66,0,9,15,118,353,5,1,2,1,7794
1087,"kyoto university, yoshida-honmachi, sakyo-ku, kyoto, japan",66,0,7,15,118,354,5,1,6,1,7785
1088,"kyungpook national university, daegu, south korea",98,0,6,82,89,736,5,1,1,1,NA
1089,"kyungpook national university, republic of korea",98,0,1,82,89,736,5,1,6,1,NA
1090,"l3s research center, hanover, germany",92,0,9,55,109,355,5,1,3,1,8888
1091,"l3s, university of hannover",149,0,11,95,118,356,4,1,6,1,NA
1092,"l3s/university of hannover, hannover, germany",92,0,11,44,49,357,4,1,6,1,7930
1093,"la trobe university, australia",11,0,9,73,79,358,5,1,1,1,NA
1094,"laboratoire de recherche en informatique, université de paris-sud, france",67,0,8,35,40,359,5,1,1,1,6912
1095,"laboratoire limos, isima, clermont-ferrand, france",67,0,6,35,40,360,4,1,2,1,NA
1096,"laboratory for foundations of computer science, school of informatics, university of edinburgh, uk",34,0,9,110,76,737,4,1,1,1,1451
1097,"laboratory for foundations of computer science, university of edinburgh, edinburgh, uk",60,0,7,110,76,737,9,1,3,1,NA
1098,"lamsade, university of paris-dauphine, paris, france",67,0,11,35,40,361,4,1,3,1,1244
1099,"large scale distributed information systems (lsdis) lab, computer science department, university of georgia, athens, ga",66,0,2,6,6,362,5,1,6,1,NA
1100,"large scale distributed information systems lab, computer science department, university of georgia, athens, ga 30602-7404, usa; e-mail: amit@cs.uga.edu",66,0,2,6,53,363,1,1,1,1,NA
1101,"lawrence berkeley national laboratory, berkeley, ca",122,0,3,20,25,738,10,1,6,1,NA
1102,"lawrence berkeley national laboratory, berkeley, ca, usa",122,0,3,20,25,738,10,1,2,1,NA
1103,"lehrstuhl für informationssysteme, universität des saarlandes, saarbrücken, germany",92,0,9,104,109,364,4,1,1,1,1284
1104,"lehrstuhl für praktische informatik iii, universität mannheim, 68131, mannheim, germany",92,0,9,104,109,365,4,1,1,1,NA
1105,"leibniz university hanover, hanover, germany",92,0,3,44,49,366,4,1,2,1,4923
1106,"lg datenbanksysteme für neue anwendungen, fernuniversität hagen, germany",92,0,7,97,103,367,1,1,1,1,NA
1107,"lg electronics, inc., gangnam-gu, seoul, korea",98,0,7,5,5,368,5,1,1,1,NA
1108,"limos, université blaise pascal, france",67,0,2,35,40,369,4,1,1,1,NA
1109,"lincoln labs, massachusetts institute of technology, cambridge , ma, usa",177,0,11,59,30,370,4,1,2,1,2091
1110,lndian institute of science,109,0,1,15,18,371,13,1,1,1,NA
1111,loria-inria,145,0,1,94,101,372,13,1,2,1,NA
1112,"lri - univ. paris-sud, france",67,0,1,35,40,373,4,1,1,1,NA
1113,"lri, université paris-sud, orsay, france",67,0,1,35,40,374,4,1,2,1,7875
1114,"lucent bell labs, 600 mountain avenue, murray hill, nj, computer science and engg., tndian institiue of technology, mumbai 400076,india",161,0,6,19,23,375,7,1,2,1,NA
1115,"lucent bell labs, murray hill, nj",69,0,6,18,23,376,7,1,2,1,1640
1116,"lucent technologies - bell laboratories, murray hill, nj",69,0,6,18,22,937,7,1,2,1,NA
1117,lucent technologies-bell laboratories,69,0,6,18,22,937,7,1,2,1,532
1118,"lucent technologies, bell laboratories",69,0,6,18,22,938,7,1,2,1,NA
1119,"lucent technologies, bell laboratories, murray hill, nj",69,0,6,18,22,937,7,1,2,1,532
1120,"lucent technologies, bell labs",68,0,6,18,23,938,7,1,2,1,NA
1121,"lucent technologies, murray hill, nj",69,0,6,18,22,377,4,1,2,1,7930
1122,"ludwig-maximilians-university, munich, germany",92,0,5,44,115,378,14,1,2,1,NA
1123,m.i.t,172,0,9,89,95,739,4,1,1,1,NA
1124,m.i.t.,172,0,5,89,95,739,4,1,6,1,7987
1125,"management information systems department, haifa university, haifa, israel",75,0,7,102,106,379,4,1,2,1,NA
1126,martin-luther-university of halle,149,0,2,95,118,380,4,1,6,1,7930
1127,massachusetts institute of technology,114,0,9,59,30,1162,4,1,2,1,7021
1128,"massachusetts institute of technology, cambridge, ma",177,0,11,59,30,1162,4,1,2,1,8155
1129,"massachusetts institute of technology, cambridge, ma, usa",177,0,6,59,30,1162,4,1,2,1,773
1130,"massachusetts institute of technology, canbridge, ma, usa",177,0,6,59,30,1162,4,1,1,1,6583
1131,"mathematics & computing technology, boeing phantom works, seattle, washington",84,0,5,10,11,381,4,1,6,1,NA
1132,"mathematics and computing technology, phantom works, the boeing company, bellevue, washington, usa; e-mail: changzhou.wang@boeing.com",66,0,5,10,11,382,2,1,6,1,NA
1133,"max planck institut fur informatik, saarbrücken, germany",29,0,5,44,107,1163,2,1,6,1,NA
1134,"max planck institute for informatics campus, saarbrücken, germany",29,0,5,44,107,1163,2,1,6,1,NA
1135,"max planck institute for informatics, saarbrücken, germany",29,0,5,44,107,1163,2,1,2,1,7572
1136,"max planck institute, saarbruecken, germany",29,0,6,44,107,383,4,1,2,1,NA
1137,"max-planck institute for computer science, saarbrücken, germany",29,0,6,44,107,1164,4,1,2,1,NA
1138,"max-planck institute for computer science, saarbruecken, germany",29,0,6,44,107,1164,5,1,2,1,3536
1139,"max-planck institute for informatics, saarbrücken, germany",29,0,6,44,107,1164,4,1,2,1,NA
1140,"max-planck institute for informatics, saarbruecken, germany",29,0,8,44,107,1164,4,1,2,1,3532
1141,"max-planck institute of computer science, saarbruecken, germany",29,0,6,44,107,1165,4,1,2,1,NA
1142,"max-planck-institut fü informatik, saarbrücken, germany",29,0,10,44,107,1166,4,1,6,1,NA
1143,"max-planck-institut für informatik, germany",29,0,10,44,107,1166,8,1,6,1,7593
1144,"max-planck-institut für informatik, saarbrücken, germany",29,0,10,44,107,1166,8,1,6,1,8542
1145,mcgill univ. montreal,27,0,11,99,9,384,4,1,3,1,NA
1146,"mcgill university, canada",71,0,9,79,85,385,4,1,3,1,1640
1147,"mcgill university, montreal, quebec, canada",71,0,6,79,85,386,4,1,2,1,NA
1148,"michigan state university, east lansing, mi",100,0,9,81,88,387,4,1,2,1,1640
1149,micorsoft research,13,0,8,55,116,1167,4,1,2,1,NA
1150,"microarchitecture research lab, intel corp., usa",13,0,9,10,116,388,5,1,6,1,NA
1151,microsoft,104,0,5,74,119,1168,2,1,6,1,NA
1152,microsoft audience intelligence,104,0,5,74,119,389,2,1,2,1,NA
1153,"microsoft corp, redmond, usa",77,0,9,74,119,1169,5,1,2,1,NA
1154,microsoft corp.,77,0,7,74,119,1170,5,1,6,1,NA
1155,"microsoft corp., one microsoft way, redmond, wa",77,0,7,74,119,390,5,1,6,1,1734
1156,"microsoft corp., redmond, wa",77,0,3,74,119,1170,5,1,2,1,6468
1157,"microsoft corp., redmond, wa, usa",77,0,2,74,119,1169,1,1,1,1,7856
1158,microsoft corporation,50,0,5,74,80,1171,1,1,6,1,8542
1159,"microsoft corporation, one microsoft way, redmond, wa",50,0,5,74,80,740,2,1,6,1,NA
1160,"microsoft corporation, one microsoft way, redmond, wa 98052-6399, usa; e-mail: {philbe,shankarp,dshutt}@microsoft.com",42,0,5,74,80,391,2,1,6,1,NA
1161,"microsoft corporation, one microsoft way, redmond, washington",50,0,5,74,80,740,4,1,6,1,7880
1162,"microsoft corporation, redmond",50,0,5,74,80,1171,2,1,6,1,NA
1163,"microsoft corporation, redmond, usa",50,0,7,74,80,1171,2,1,6,1,NA
1164,"microsoft corporation, redmond, wa",50,0,2,74,80,1171,1,1,6,1,NA
1165,"microsoft corporation, redmond, wa, usa",50,0,7,74,80,1171,7,1,3,1,NA
1166,"microsoft corporation, usa",50,0,5,74,80,1171,4,1,6,1,NA
1167,microsoft research,104,0,5,74,119,1167,4,1,6,1,NA
1168,microsoft research asia,104,0,5,74,119,1172,2,1,6,1,NA
1169,"microsoft research asia, beijing, china",2,0,3,38,44,1172,4,1,3,1,NA
1170,"microsoft research india, bangalore, india",143,0,8,106,24,743,3,1,2,1,NA
1171,"microsoft research one microsoft way red mond, wa",104,0,5,74,119,1173,2,1,6,1,NA
1172,"microsoft research one microsoft way redmond, wa",104,0,5,74,119,1173,2,1,6,1,NA
1173,"microsoft research redmond, wa",104,0,5,74,119,1167,2,1,6,1,NA
1174,"microsoft research silicon valley, mountain view, ca",42,0,5,111,120,392,2,1,6,1,NA
1175,"microsoft research, 301 howard st., suite 830, san francisco, ca",42,0,5,74,120,393,9,1,6,1,NA
1176,"microsoft research, cambridge, uk cb3 0fb",42,0,7,74,119,741,4,1,1,1,NA
1177,"microsoft research, cambridge, united kingdom",42,0,11,74,119,741,4,1,1,1,NA
1178,"microsoft research, mountain view, ca",42,0,5,111,120,1174,4,1,6,1,4516
1179,"microsoft research, mountain view, ca, usa",42,0,5,111,120,1174,4,1,6,1,NA
1180,"microsoft research, mountain view, usa",42,0,5,111,120,1174,10,1,6,1,7023
1181,"microsoft research, one microsoft way, redmond, wa",104,0,5,74,119,1175,2,1,6,1,NA
1182,"microsoft research, one microsoft way, wa 98052, redmond, usa",104,0,5,74,119,1175,2,1,6,1,8338
1183,"microsoft research, one microsoftway, redmond, wa",104,0,5,74,119,1175,2,1,6,1,NA
1184,"microsoft research, redmond",104,0,5,74,119,1167,2,1,6,1,6904
1185,"microsoft research, redmond wa, usa",104,0,5,74,119,1176,2,1,6,1,5198
1186,"microsoft research, redmond, usa",104,0,5,74,119,1176,2,1,6,1,NA
1187,"microsoft research, redmond, wa",104,0,5,74,119,1167,2,1,6,1,NA
1188,"microsoft research, redmond, wa 98052-6399, usa; (e-mail: philbe@microsoft.com)",42,0,5,74,119,394,2,1,6,1,NA
1189,"microsoft research, redmond, wa, usa",104,0,5,74,119,1174,2,1,6,1,NA
1190,"microsoft research, redmond, washington, wa",104,0,5,74,119,1176,2,1,6,1,7575
1191,"microsoft research, san francisco, ca",42,0,5,74,120,1177,2,1,6,1,NA
1192,"microsoft research, usa",104,0,5,74,119,1177,2,1,6,1,NA
1193,"microsoft search labs, mountain view, ca",42,0,5,111,120,1178,2,1,6,1,NA
1194,"microsoft search labs, mountain view, california",42,0,5,111,120,1178,4,1,6,1,7428
1195,"microsoft search labs, mountain view, usa 94043",42,0,5,111,120,1178,4,1,6,1,NA
1196,microsoft sql server,104,0,5,74,119,395,2,1,2,1,NA
1197,"microsoft sql server, one microsoft way, redmond, wa",104,0,5,74,119,1179,2,1,6,1,NA
1198,"microsoft, redmond, wa",104,0,5,74,119,1180,2,1,6,1,7156
1199,"microsoft, redmond, wa, usa",104,0,5,74,119,1180,2,1,6,1,NA
1200,"microsoft, usa",104,0,5,74,119,1168,2,1,6,1,NA
1201,middle east technical university,149,0,5,6,6,742,4,1,3,1,NA
1202,"middle east technical university (metu), 06531 ankara turkiye",66,0,5,6,6,742,7,1,2,1,NA
1203,"mirosoft research india, bangalore, india",143,0,6,106,24,743,7,1,2,1,NA
1204,mit,33,0,8,56,121,396,11,1,2,1,NA
1205,"mit computer science and artificial intelligence laboratory (csail), cambridge, ma",177,0,8,56,121,744,11,1,2,1,NA
1206,"mit computer science and artificial intelligence laboratory, cambridge, ma",177,0,5,56,121,744,2,1,2,1,NA
1207,mit csail,33,0,5,56,121,397,7,1,2,1,NA
1208,"mit csail, cambridge, ma",33,0,4,56,121,745,6,1,2,1,NA
1209,"mit csail, cambridge, ma, usa",33,0,4,56,121,745,6,1,2,1,NA
1210,"mit, boston, ma",112,0,4,56,121,398,4,1,2,1,1212
1211,"mit, cambridge, ma",33,0,5,56,121,1181,7,1,2,1,9492
1212,"mit, cambridge, ma, usa",33,0,5,56,121,1181,7,1,2,1,1210
1213,"mit, cambridge, usa",33,0,6,56,121,1181,7,1,2,1,NA
1214,mitre corporation,157,0,7,11,12,399,4,1,3,1,NA
1215,"monmouth university, west long branch, nj",66,0,5,41,36,400,4,1,1,1,NA
1216,"motorola labs, schaumburg, il",116,0,8,19,23,401,4,1,3,1,8769
1217,"mpi informatik, saarbruecken, germany",29,0,6,44,107,402,4,1,2,1,NA
1218,"msis department, rutgers university, usa",95,0,2,33,38,403,1,1,1,1,5198
1219,"n4 02a-07, division of information systems, school of computer engineering, nanyang technological university, singapore, singapore 639798",66,0,9,50,55,404,5,1,1,1,9756
1220,"nanyang technological university, singapore",180,0,7,50,55,746,4,1,2,1,NA
1221,"nanyang technological university, singapore, singapore",43,0,7,50,55,746,5,1,2,1,2224
1222,nara institute of science and technology,109,0,7,15,18,747,5,1,6,1,6605
1223,"nara institute of science and technology, 8916-5 takayama, ikoma, nara 630-0101, japan; e-mail: &rcub;yosikawa, uemura&rcub;&commat;is.aist-nara.ac.jp",66,0,3,15,18,405,5,1,3,1,2224
1224,"nara institute of science and technology, japan",109,0,8,15,18,747,5,1,6,1,3653
1225,nasa ames,66,0,9,55,21,406,5,1,1,1,7953
1226,"nasa ames research center, moffett field, ca",13,0,8,55,1,407,9,1,2,1,NA
1227,"nasa goddard space flight center greenbelt, md, usa",66,0,5,33,52,408,9,1,6,1,NA
1228,nat'l university of singapore,180,0,9,50,55,1182,4,1,3,1,NA
1229,national biomedical computing resource,98,0,7,82,89,409,5,1,6,1,NA
1230,"national center for biomedical research, university of california san diego",169,0,9,3,3,410,5,1,6,1,NA
1231,"national ict australia, australian technology park, eveleigh, australia nsw 1430",11,0,7,73,79,411,5,1,1,1,NA
1232,"national taiwan university, taipei, taiwan",98,0,9,82,89,412,5,1,6,1,NA
1233,"national technical university of athens, athens, gr",58,0,7,6,6,748,4,1,2,1,NA
1234,"national technical university of athens, athens, greece",58,0,1,6,6,748,5,1,2,1,NA
1235,"national technical university of athens, athens, greece 15772 and ibm almaden research center, san jose, usa",58,0,2,6,6,413,1,1,6,1,NA
1236,"national tsing hua university, hsinchu, taiwan roc",98,0,9,82,89,414,5,1,3,1,NA
1237,national u. of singapore,180,0,9,50,55,1034,4,1,6,1,NA
1238,national univ. of singapore,180,0,9,50,55,1034,5,1,6,1,NA
1239,"national univ. of singapore, republic of singapore",180,0,2,50,55,1035,7,1,1,1,4246
1240,"national univeristy of singapore, singapore, singapore",43,0,6,50,55,1036,5,1,2,1,9332
1241,national university of singapor,98,0,2,82,89,1036,5,1,1,1,NA
1242,national university of singapore,180,0,9,50,55,1036,5,1,2,1,NA
1243,"national university of singapore, department of computer science, singapore",180,0,2,50,55,1037,5,1,2,1,NA
1244,"national university of singapore, kent ridge, singapore",180,0,7,50,55,1036,5,1,2,1,1098
1245,"national university of singapore, law link, singapore",180,0,6,50,55,1036,5,1,2,1,NA
1246,"national university of singapore, singapore",43,0,6,50,55,1036,5,1,2,1,NA
1247,"national university of singapore, singapore, singapore",43,0,7,50,55,1037,4,1,2,1,NA
1248,"natl university of singapore, s'pore, singapore",180,0,6,50,55,1182,5,1,2,1,NA
1249,natl. university of singapore,180,0,7,50,55,1182,5,1,2,1,NA
1250,ncr advance development lab,66,0,2,28,112,415,5,1,1,1,NA
1251,"ncr corporation, teradata research and development, san diego, california",169,0,5,112,122,416,1,1,6,1,NA
1252,"ncr, el segundo, ca, usa",95,0,7,108,122,417,4,1,1,1,NA
1253,"ncr, san diego, ca, usa",169,0,3,3,3,1126,5,1,2,1,8550
1254,"nec laboratories america inc., princeton, nj",160,0,1,27,99,1183,4,1,3,1,NA
1255,"nec laboratories america, cupertino, ca",161,0,1,27,21,1183,4,1,1,1,6605
1256,"nec laboratories america, cupertino, ca, usa",161,0,7,27,21,1183,4,1,2,1,NA
1257,"nec laboratories america, inc., cupertino, california",161,0,7,27,33,1183,4,1,1,1,7575
1258,nec labs america,161,0,2,19,23,418,1,1,6,1,NA
1259,"nec research institute, princeton, nj",160,0,2,41,99,749,4,1,1,1,NA
1260,"nec research institute, princeton, nj, usa",160,0,1,41,99,749,13,1,2,1,NA
1261,"nec, san jose, ca, usa",169,0,1,28,3,1124,13,1,2,1,2131
1262,new jersey inst. of technology,54,0,1,49,59,1184,4,1,2,1,NA
1263,new jersey institute of technology,114,0,1,49,54,1184,3,1,2,1,NA
1264,"new jersey institute of technology, newark, usa",114,0,1,49,54,1185,3,1,1,1,NA
1265,new york university,113,0,1,53,59,945,4,1,2,1,NA
1266,"new york university, new york",113,0,1,53,59,946,4,1,2,1,NA
1267,"new york university, new york city, ny",113,0,1,53,59,946,4,1,2,1,NA
1268,"new york university, new york, ny",113,0,1,53,59,946,4,1,2,1,8694
1269,"new york university, new york, ny, usa",113,0,7,53,59,946,4,1,2,1,NA
1270,"nicta victoria laboratory, department of computer science and software engineering, university of melbourne, australia",53,0,7,73,78,419,5,1,1,1,NA
1271,"nicta, university of melbourne, parkville, australia",83,0,4,73,79,420,4,1,2,1,NA
1272,north carolina state university,168,0,2,88,14,1186,4,1,2,1,NA
1273,"north carolina state university, raleigh, nc, usa",146,0,11,88,14,1186,4,1,2,1,NA
1274,"north carolina state university, usa",168,0,6,88,14,1186,4,1,2,1,4814
1275,northeastern university,149,0,8,23,27,1187,4,1,3,1,NA
1276,northeastern university boston,112,0,3,23,28,1187,5,1,2,1,7930
1277,"northeastern university, boston, ma",112,0,1,23,28,1187,5,1,1,1,1279
1278,"northeastern university, liaoning, china",2,0,2,38,44,1188,5,1,1,1,1764
1279,"northeastern university, shenyang, china",2,0,11,38,44,1188,4,1,6,1,1277
1280,"northwestern university, evanston, il",116,0,6,32,37,1187,7,1,2,1,NA
1281,ntt cyber solutions laboratories,161,0,6,27,21,421,4,1,2,1,NA
1282,ntt cyber space laboratories,161,0,6,27,21,422,4,1,2,1,NA
1283,"ntt cyber space laboratories, 1-1 hikari-no-oka, yokosuka, kanagawa 239-0847, japan; e-mail: sakurai.yasushi&commat;lab.ntt.co.jp, kojima&commat;aether.hil.ntt.co.jp",66,0,5,27,21,423,2,1,6,1,NA
1284,"ntt cyber space laboratories, ntt corporation, kanagawa, japan",161,0,5,27,21,424,2,1,6,1,1103
1285,"ntt cyber space labs., kanagawa, japan",66,0,5,19,23,425,2,1,2,1,NA
1286,nus,159,0,5,113,6,426,4,1,2,1,NA
1287,"nus, singapore, singapore",43,0,6,113,55,427,7,1,2,1,7987
1288,nyu,61,0,7,26,32,428,5,1,2,1,7987
1289,"ogi school of science & engineering at, oregon health & science university, beaverton, oregon",34,0,6,114,123,429,5,1,2,1,NA
1290,ogi/ohsu,90,0,8,114,123,430,4,1,2,1,NA
1291,ohio state university,168,0,6,88,14,750,4,1,2,1,NA
1292,"ohio state university, columbus, oh",168,0,10,88,14,750,5,1,2,1,7930
1293,ohsu/ogi,90,0,10,114,123,431,8,1,6,1,543
1294,"one microsoft way, redmond wa",104,0,5,74,119,432,2,1,6,1,NA
1295,oracle,165,0,10,115,124,751,8,1,2,1,NA
1296,oracle,165,0,10,115,124,751,8,1,6,1,2051
1297,"oracle +corp., redwood shores, ca",163,0,10,78,84,1189,8,1,2,1,NA
1298,oracle corp.,165,0,1,78,84,1190,4,1,2,1,NA
1299,oracle corp.,165,0,11,78,84,1190,4,1,6,1,NA
1300,"oracle corp., redwood shores, ca",163,0,10,78,84,1189,8,1,2,1,7953
1301,oracle corporation,9,0,10,115,124,1190,8,1,6,1,NA
1302,oracle corporation,9,0,10,115,124,1190,8,1,6,1,NA
1303,"oracle corporation, ca",9,0,10,115,124,1191,8,1,6,1,1640
1304,"oracle corporation, nashua nh",9,0,10,115,124,1191,8,1,2,1,3
1305,"oracle corporation, nashua, nh",9,0,10,115,124,1191,8,1,6,1,NA
1306,"oracle corporation, nashua, nh, usa",9,0,10,115,124,1191,8,1,2,1,7021
1307,"oracle corporation, nedc, nashua nh",9,0,10,115,124,1191,8,1,6,1,NA
1308,"oracle corporation, new england development center, one oracle driv e, nashua, nh",9,0,10,115,124,433,8,1,6,1,NA
1309,"oracle corporation, one oracle drive, nashua, nh 03062, usa; e-mail: ning.an&commat;oracle.com",9,0,10,115,124,434,8,1,6,1,7930
1310,"oracle corporation, oracle parway, redwood shores, ca",163,0,10,78,84,435,8,1,6,1,NA
1311,"oracle corporation, redwood city, ca",163,0,10,78,84,1192,8,1,6,1,NA
1312,"oracle corporation, redwood city, ca, usa",163,0,10,78,84,1192,8,1,6,1,2051
1313,"oracle corporation, redwood shores",163,0,10,78,84,1192,8,1,6,1,NA
1314,"oracle corporation, redwood shores ca",163,0,10,78,84,1192,8,1,6,1,2154
1315,"oracle corporation, redwood shores, ca",163,0,10,78,84,1192,8,1,6,1,NA
1316,"oracle corporation, redwood shores, ca, usa",163,0,10,78,84,1192,8,1,6,1,NA
1317,"oracle corporation, usa",9,0,10,115,124,1191,8,1,6,1,NA
1318,"oracle usa 400, oracle parkway, redwood shores, ca",163,0,10,78,84,436,8,1,6,1,NA
1319,"oracle usa inc, redwood shores, ca",163,0,6,78,84,1189,8,1,2,1,NA
1320,"oracle usa, nashua, nh, usa",9,0,3,115,124,1195,8,1,6,1,NA
1321,"oracle usa, redwood city, ca",163,0,10,78,84,1193,8,1,6,1,NA
1322,"oracle usa, redwood city, ca, usa",163,0,10,78,84,1193,8,1,6,1,2091
1323,"oracle usa, redwood shores, ca",163,0,10,78,84,1193,8,1,6,1,NA
1324,"oracle, nashua, nh",9,0,10,115,124,1196,4,1,6,1,NA
1325,"oracle, nashua, nh, usa",9,0,10,115,124,1195,8,1,6,1,NA
1326,"oracle, one oracle drive, nashua, nh",9,0,10,115,124,437,4,1,6,1,393
1327,"oracle, redwood shores, ca",163,0,10,78,84,1194,8,1,6,1,NA
1328,"oracle, redwood shores, ca, usa",163,0,10,78,84,1194,8,1,6,1,NA
1329,"oracle, redwood, ca, switzerland",163,0,10,78,84,438,8,1,6,1,NA
1330,"oracle, st. louis, usa",163,0,10,115,124,439,8,1,6,1,7930
1331,"oregon graduate institue of science technology, cse, 20000 n.w. walker road, p.o.box 91000, portland",66,0,3,15,18,440,10,1,6,1,NA
1332,oregon graduate institute of science and technology,109,0,9,15,18,441,5,1,6,1,NA
1333,oxford university,88,0,3,116,125,821,10,1,6,1,NA
1334,"oxford university, oxford, uk",88,0,3,116,125,822,10,1,6,1,NA
1335,"oxford university, oxford, united kingdom",88,0,3,116,125,822,10,1,6,1,NA
1336,"oxford university, oxford, united kngdm",88,0,11,116,125,822,4,1,3,1,6718
1337,"peking university, beijing, china",99,0,11,38,44,442,4,1,1,1,NA
1338,pennsylvania state university,152,0,12,51,57,1197,12,1,1,1,NA
1339,"pennsylvania state university, pa",152,0,12,51,57,1197,12,1,1,1,NA
1340,"pennsylvania state university, university park, pa",152,0,11,51,57,1197,4,1,6,1,6969
1341,"pennsylvania state university, university park, usa",152,0,9,51,57,1197,4,1,6,1,NA
1342,"pennsylvania state, university park, pa, usa",152,0,11,51,57,1198,4,1,3,1,6718
1343,"persistent systems private limited, bhageerath, pune, india",147,0,11,17,64,443,4,1,1,1,NA
1344,"persistent systems pvt. ltd., pune",66,0,5,17,20,444,7,1,2,1,NA
1345,"persistent systems, pune, india",147,0,9,17,64,445,4,1,6,1,8057
1346,"philipps universität marburg, germany",63,0,10,92,98,1199,8,1,6,1,NA
1347,philipps university marburg,63,0,8,92,98,1199,4,1,6,1,705
1348,"philipps university, marburg, germany",63,0,3,92,98,1199,4,1,6,1,6597
1349,"philipps-university marburg, marburg, germany",63,0,11,92,98,446,9,1,1,1,NA
1350,"piazza leonardo da vinci, milano, italy",16,0,7,9,86,447,5,1,1,1,1853
1351,"pisa kdd laboratory, computer science department, university of pisa, pisa, italy 56127",174,0,10,80,96,448,4,1,6,1,NA
1352,"pisa kdd laboratory, isti---cnr, pisa, italy 56124",174,0,5,80,87,449,4,1,2,1,NA
1353,"pisa kdd laboratory, isti---cnr, pisa, italy 56124 and pisa kdd laboratory, computer science department, university of pisa, pisa, italy 56127",174,0,7,80,87,450,4,1,2,1,1625
1354,ploytechnic univ.,27,0,6,99,9,752,4,1,2,1,NA
1355,pohang university of science and technology,109,0,8,15,18,1105,11,1,2,1,1621
1356,"pohang university of science and technology, gyungbuk, korea",109,0,8,83,18,1105,4,1,1,1,7078
1357,politecnico di milano,89,0,7,9,86,1200,4,1,3,1,NA
1358,"politecnico di milano, dipartimento di elettronica e informazione, piazza l. da vinci, 32, 20133 milano, italy; e-mail: pozzi@elet.polimi.it",16,0,2,9,86,1066,4,1,2,1,NA
1359,"politecnico di milano, dipartimento di elettronica e informazione, piazza leonardo da vinci 32, 20133 milano, italy; e-mail: barbara.pernici@polimi.it",16,0,4,9,86,1065,9,1,2,1,NA
1360,"politecnico di milano, milan, italy",89,0,7,9,86,1200,9,1,2,1,7987
1361,"politecnico di milano, milano, italy",89,0,4,9,86,1201,9,1,2,1,NA
1362,"politecnico di milano, milano, italy; e-mail: pernici@elet.polimi.it",16,0,5,9,86,1201,7,1,2,1,NA
1363,"politecnico di milano, piazza leonardo da vinci, milano, italy",16,0,6,9,86,451,7,1,2,1,NA
1364,"politecnico di torino, torino, italy",89,0,6,9,86,1202,7,1,2,1,NA
1365,"politecnico di torino, turin, italy",89,0,5,9,86,1202,9,1,1,1,7987
1366,"polytechnic institute of new york university, brooklyn, usa 11201",54,0,8,53,59,452,4,1,3,1,NA
1367,polytechnic university,15,0,2,42,47,752,9,1,3,1,NA
1368,pontificia universidad católica de chile,97,0,7,86,93,753,1,1,1,1,NA
1369,"pontificia universidad católica de chile, chile",97,0,11,86,93,753,4,1,1,1,8125
1370,portland state university,168,0,7,88,14,1203,4,1,6,1,NA
1371,"portland state university, portand, or",168,0,2,88,14,1203,5,1,2,1,NA
1372,"portland state university, portland, or",168,0,2,88,14,1203,5,1,1,1,NA
1373,"portland state university, portland, or, usa",168,0,8,88,14,1203,4,1,6,1,NA
1374,"praktische informatik iv, fernuniversitäit hagen, d-58084, hagen, germany",92,0,9,97,103,453,4,1,6,1,NA
1375,princeton university,160,0,2,41,99,1204,4,1,3,1,NA
1376,"princeton university, princeton, nj",160,0,11,41,99,1204,4,1,2,1,NA
1377,"princeton university, princeton, nj, usa",160,0,1,41,99,1205,4,1,2,1,NA
1378,"prism laboratory, university of versailles, france",67,0,7,35,40,454,4,1,3,1,NA
1379,"prism laboratory, versailles, france",67,0,7,35,40,455,4,1,1,1,NA
1380,"procom technology inc., irvine, california, ca",36,0,7,66,114,456,5,1,1,1,NA
1381,"procom technology, irvine, ca, usa",96,0,9,108,114,457,5,1,6,1,NA
1382,pspl ltd. pune,66,0,2,17,64,458,5,1,1,1,NA
1383,psu,91,0,7,26,32,459,5,1,1,1,NA
1384,"ptu netweaver as trex, sap ag, walldorf, germany",150,0,2,105,50,460,5,1,2,1,NA
1385,puc chile,97,0,9,86,93,461,5,1,1,1,543
1386,purdue university,56,0,7,31,36,1073,4,1,1,1,NA
1387,"purdue university west lafayette, in",56,0,9,31,36,1074,4,1,2,1,1810
1388,"purdue university, lafayette, in",56,0,9,31,36,1073,5,1,1,1,NA
1389,"purdue university, usa",44,0,3,31,36,1073,10,1,6,1,NA
1390,"purdue university, west lafayette",56,0,9,31,36,1074,12,1,1,1,3308
1391,"purdue university, west lafayette, in",56,0,8,31,36,1074,4,1,1,1,8125
1392,"purdue university, west lafayette, in, usa",56,0,9,31,36,1074,4,1,2,1,NA
1393,"purdue university, west lafayette, indiana",56,0,9,31,36,1074,5,1,1,1,NA
1394,"purdue university, west lafayette, usa",56,0,12,31,36,1074,5,1,1,1,8769
1395,"queen mary, university of london, london, uk e1 4ns",66,0,11,116,76,462,4,1,6,1,NA
1396,"r.a. computer technology institute and computer engineering and informatics department, university of patras, rio, greece",109,0,9,6,18,463,5,1,1,1,NA
1397,"ra computer technology institute, athens, greece",58,0,9,6,6,464,4,1,1,1,NA
1398,renmin university of china,2,0,9,38,44,754,4,1,3,1,NA
1399,"renmin university of china, beijing, china",99,0,1,38,44,754,4,1,2,1,NA
1400,"rensselaer polytechnic institute, troy, new york",54,0,2,53,59,755,4,1,2,1,NA
1401,"rensselaer polytechnic institute, troy, ny",15,0,9,42,47,755,5,1,1,1,NA
1402,"retail solutions group, ncr corporation",66,0,7,11,12,465,4,1,1,1,2176
1403,"rmit university, melbourne, australia",83,0,8,73,79,466,4,1,2,1,543
1404,"rmit university, victoria, australia",83,0,11,73,79,467,4,1,3,1,NA
1405,"robert h. smith school of business and umiacs, university of maryland, college park, md 20742, usa",85,0,9,47,52,468,4,1,6,1,NA
1406,"robotics institute, carnegie-mellon university",55,0,8,8,8,469,4,1,3,1,NA
1407,"room 511b, william m.w. mong engineering building, the chinese university of hong kong, shatin, hong kong",38,0,7,39,45,756,4,1,1,1,NA
1408,"room 609, william m.w. mong engineering building, the chinese university of hong kong, shatin, hong kong",38,0,2,39,45,756,1,1,1,1,NA
1409,"room 707, sir run run shaw building, hong kong baptist university, kowloon tong, hong kong",38,0,2,39,45,470,1,1,1,1,8125
1410,rutgers university,149,0,7,41,38,1206,4,1,2,1,NA
1411,"rutgers university, murray hill, nj",161,0,1,41,99,471,4,1,2,1,581
1412,"rutgers university, newark, usa",95,0,1,33,38,1207,13,1,2,1,1053
1413,"rutgers university, newark, usa 07102",95,0,7,33,38,1207,4,1,2,1,NA
1414,"rutgers university, piscataway, nj",95,0,1,41,99,1206,3,1,2,1,NA
1415,"rutgers university, piscataway, nj, usa",95,0,1,41,38,1208,4,1,2,1,8057
1416,rwth aachen,118,0,1,107,113,758,3,1,3,1,461
1417,"rwth aachen university, aachen, germany",118,0,1,107,113,757,3,1,1,1,8151
1418,"rwth aachen university, germany",118,0,1,107,113,757,3,1,2,1,NA
1419,"rwth aachen, informatik v (information systems), aachen, germany",118,0,1,107,113,472,4,1,2,1,NA
1420,"rwth, aachen, germany",118,0,7,107,113,758,5,1,2,1,NA
1421,"saarland university database group, saarbrücken, germany",92,0,7,44,49,473,4,1,2,1,NA
1422,"saarland university, saarbrücken, germany",92,0,8,44,49,474,4,1,2,1,651
1423,"samsung electronics co., ltd., hwang, south korea",66,0,7,83,90,759,14,1,6,1,1451
1424,"samsung electronics co., ltd., hwasung-city, south korea",66,0,10,83,90,759,14,1,2,1,NA
1425,"samsung electronics, hwasung, gyeonggi-do, korea",66,0,3,83,90,475,5,1,6,1,NA
1426,san diego supercomputer center,169,0,3,3,3,476,10,1,6,1,NA
1427,"san diego supercomputer center, university of california san diego",169,0,3,3,3,1209,10,1,6,1,NA
1428,"san diego supercomputer center, university of california san diego, la jolla, ca",169,0,3,3,3,1209,5,1,6,1,3362
1429,"san diego supercomputer center, university of california, san diego",169,0,3,3,3,1209,10,1,6,1,NA
1430,"san diego supercomputer center, university of california, san diego, ca",169,0,3,3,3,1209,10,1,6,1,NA
1431,santa clara university,47,0,6,65,68,760,5,1,2,1,8823
1432,"santa clara university, santa clara, ca",47,0,8,65,68,760,11,1,2,1,NA
1433,sap,175,0,5,105,50,477,4,1,2,1,NA
1434,"sap ag, dietmar-hopp-allee, walldorf, germany",150,0,5,105,50,478,2,1,6,1,7788
1435,"sap ag, hidelberg, germany",150,0,5,105,50,479,2,1,6,1,NA
1436,"sap ag, walldorf, germany",150,0,5,105,50,761,2,1,6,1,NA
1437,"sap ag, walldorf, germany 69190",150,0,4,105,50,761,4,1,2,1,NA
1438,"sap labs, palo alto, ca",158,0,7,54,61,480,5,1,2,1,NA
1439,"sap research center palo alto, llc, palo alto, ca",158,0,6,54,61,481,5,1,2,1,NA
1440,"sapienza università di roma, roma, italy",153,0,6,75,81,482,9,1,2,1,NA
1441,"school of comp. sci., florida intl. university, miami, fl",171,0,8,43,48,483,4,1,2,1,NA
1442,"school of computer and communication sciences epfl, lausanne, switzerland 1010",115,0,2,29,34,762,5,1,2,1,NA
1443,"school of computer and communication sciences, école polytechnique fédérale de lausanne, (epfl), switzerland",115,0,10,29,34,484,8,1,6,1,NA
1444,"school of computer and communication sciences, switzerland",34,0,10,85,91,762,8,1,6,1,1314
1445,"school of computer engineering, nanyang technological university",34,0,10,61,60,1210,8,1,6,1,NA
1446,"school of computer engineering, nanyang technological university, singapore, singapore",180,0,9,50,55,1210,5,1,2,1,NA
1447,"school of computer engineering, nanyang technological university, singapore, singapore 639798",180,0,9,50,55,1210,5,1,3,1,NA
1448,"school of computer engr, seoul national university, seoul, korea",98,0,9,82,89,485,4,1,2,1,8748
1449,"school of computer science & engineering, the university of new south wales, sydney, nsw, australia",53,0,5,73,78,1211,4,1,2,1,NA
1450,"school of computer science and engineering university of new south wales, australia",53,0,12,73,78,1212,4,1,3,1,1451
1451,"school of computer science and engineering, the hebrew university of jerusalem, israel",34,0,6,102,106,1213,4,1,3,1,7805
1452,"school of computer science and engineering, the hebrew university of jerusalem, jerusalem, israel",34,0,6,102,106,1213,4,1,2,1,8314
1453,"school of computer science and engineering, the university of new south wales, sydney 2052 nsw, australia; e-mail: anne@cse.unsw.edu.au",53,0,6,73,78,1214,4,1,2,1,7023
1454,"school of computer science and engineering, university of new south wales, nicta, sydney, australia nsw 2052",53,0,8,73,78,1211,4,1,2,1,7872
1455,"school of computer science and engineering, university of new south wales, sydney, nsw 2052 australia; e-mail: boualem@cse.unsw.edu.au",53,0,6,73,78,1214,4,1,2,1,NA
1456,"school of computer science and engineering, university of nsw, australia and nicta, australia",53,0,7,73,78,1212,4,1,1,1,4046
1457,"school of computer science and information technology, rmit university, australia",53,0,6,73,78,763,5,1,2,1,NA
1458,"school of computer science and information technology, rmit university, melbourne, australia",53,0,9,73,78,763,5,1,2,1,1053
1459,"school of computer science, carnegie mellon university, 5000 forbes avenue, pittsburg, pa 15213-3891, usa; e-mail: natassa&commat;cmu.edu",66,0,2,8,8,486,1,1,1,1,6682
1460,"school of computer science, carnegie mellon university, pittsburgh, pa",55,0,1,8,8,1215,5,1,6,1,NA
1461,"school of computer science, florida international university, miami, fl",171,0,3,43,48,487,4,1,6,1,NA
1462,"school of computer science, the university of oklahoma, norman, usa 73019",34,0,7,68,53,488,4,1,3,1,9063
1463,"school of computer science, university of manchester, manchester, uk",34,0,11,61,60,1215,4,1,2,1,9063
1464,"school of computer science, university of manchester, manchester, uk m13 9pl",34,0,3,61,60,1216,10,1,6,1,NA
1465,"school of computer science, university of waterloo",51,0,7,79,85,1216,4,1,6,1,8170
1466,"school of computer science, university of waterloo, canada",51,0,7,79,85,1217,4,1,2,1,NA
1467,"school of computer science, university of waterloo, waterloo, canada",51,0,9,79,85,1217,5,1,6,1,NA
1468,"school of computer science, university of waterloo, waterloo, canada n2l 3g1",51,0,9,79,85,1217,4,1,6,1,NA
1469,"school of computing science, simon fraser university",166,0,9,79,126,1218,5,1,2,1,NA
1470,"school of computing science, simon fraser university, b.c., canada",166,0,3,79,126,1218,5,1,2,1,NA
1471,"school of computing science, simon fraser university, burnaby, bc, canada",166,0,3,79,126,1219,5,1,2,1,NA
1472,"school of computing science, simon fraser university, canada",166,0,3,79,126,1218,5,1,2,1,2057
1473,"school of computing, national university of singapore",180,0,1,50,55,1220,3,1,2,1,NA
1474,"school of computing, national university of singapore, lower kent ridge road, singapore",180,0,6,50,55,1220,5,1,2,1,8694
1475,"school of computing, national university of singapore, singapore",180,0,9,50,55,1220,5,1,2,1,NA
1476,"school of computing, national university of singapore, singapore and school of electronics engineering and computer science, peking university, p.r. china",34,0,11,50,55,489,9,1,6,1,7569
1477,"school of computing, national university of singapore, singapore, singapore",180,0,6,50,55,1220,9,1,2,1,NA
1478,"school of electrical engineering and computer science, seoul national university",98,0,9,61,91,764,4,1,2,1,NA
1479,"school of electrical engineering and computer science, seoul national university, seoul, south korea 151-742",98,0,2,82,89,764,4,1,2,1,8310
1480,"school of informatics, indiana university, bloomington",149,0,2,95,118,490,4,1,3,1,8019
1481,"school of information and computer science, university of california, ca 92697-3425, irvine, usa",96,0,1,57,69,765,5,1,6,1,NA
1482,"school of information and computer sciences university of california, irvine, ca",96,0,3,57,69,765,10,1,6,1,NA
1483,"school of information systems, singapore management university, singapore",180,0,3,50,55,491,10,1,6,1,6775
1484,"school of information technology and electrical engineering, the university of queensland, australia",53,0,3,73,78,1221,10,1,6,1,NA
1485,"school of information technology and electrical engineering, the university of queensland, brisbane, australia",53,0,3,73,78,1221,10,1,6,1,7572
1486,"school of information technology and electrical engineering, the university of queensland, brisbane, australia 4072",53,0,3,73,78,1221,4,1,2,1,NA
1487,"school of information technology and electrical engineering, the university of queensland, brisbane, australia qld 4072",53,0,9,73,78,1221,4,1,2,1,530
1488,"school of information technology and engineering, university of ottawa, ottawa, canada",51,0,11,79,85,492,4,1,6,1,NA
1489,"school of information technology, iit bombay, india",35,0,12,2,2,493,12,1,1,1,NA
1490,"school of mechanical engineering, purdue university, west lafayette, indiana",44,0,12,31,36,494,12,1,3,1,NA
1491,seoul national univ.,178,0,11,99,9,1222,4,1,6,1,NA
1492,seoul national university,98,0,5,82,89,1222,4,1,2,1,8356
1493,"seoul national university, school of electrical eng. and computer science, seoul, korea",98,0,6,82,89,495,4,1,2,1,NA
1494,"seoul national university, seoul, korea",98,0,6,82,89,1223,4,1,2,1,NA
1495,"seoul national university, seoul, south korea",98,0,6,82,89,1223,4,1,2,1,NA
1496,"serc/csa, indian institute of science, bangalore, india",147,0,7,58,64,496,4,1,2,1,7953
1497,"server manageability, oracle, redwood shores, usa 94065",163,0,10,78,84,497,8,1,6,1,NA
1498,"shanghai jiao tong university, china",2,0,8,38,44,1224,4,1,6,1,NA
1499,"shanghai jiao tong university, shanghai, china",2,0,11,38,44,1224,4,1,3,1,NA
1500,"shanghai jiaotong university, shang hai, china",2,0,11,38,44,1225,4,1,3,1,NA
1501,"shanghai jiaotong university, shanghai, china",99,0,7,38,44,1225,4,1,1,1,NA
1502,shibaura institute of technology,114,0,7,49,54,1090,4,1,2,1,NA
1503,"shibaura institute of technology, saitama-city, saitama, japan",114,0,5,49,54,498,4,1,6,1,543
1504,"siebel systems, san mateo ca",169,0,4,17,20,766,7,1,2,1,NA
1505,"siebel systems, san mateo, ca, usa",169,0,5,17,20,766,7,1,2,1,NA
1506,siemens corporate research,13,0,8,55,99,767,11,1,2,1,NA
1507,"siemens corporate research, princeton, nj",160,0,1,41,99,767,4,1,1,1,6605
1508,"siemens technology-to-business center, 1995 university ave, suite 375, berkeley, california",66,0,3,20,25,499,10,1,6,1,8338
1509,simon fraser u.,148,0,4,25,126,1226,6,1,2,1,NA
1510,simon fraser university,166,0,4,79,126,1226,6,1,2,1,NA
1511,"simon fraser university, burnaby, bc, canada",166,0,4,79,126,1227,6,1,2,1,NA
1512,"simon fraser university, burnaby, canada",166,0,4,79,126,1227,7,1,2,1,8769
1513,"simon fraser university, canada",166,0,6,79,126,1227,7,1,2,1,NA
1514,"simon fraser university, school of computing science, burnaby bc, canada",166,0,6,79,126,1219,5,1,2,1,NA
1515,"simon fraser university, vancouver, canada",166,0,6,79,126,1227,5,1,2,1,NA
1516,singapore management university,180,0,6,50,55,1228,4,1,2,1,NA
1517,"singapore management university, singapore",43,0,8,50,55,1228,5,1,2,1,NA
1518,"singapore management university, singapore, singapore",43,0,6,50,55,1228,5,1,2,1,1027
1519,slac,26,0,8,98,51,500,4,1,1,1,NA
1520,"soc, national university of singapore",180,0,9,50,55,501,5,1,2,1,NA
1521,"software ag, darmstadt, germany",65,0,8,91,97,502,4,1,2,1,NA
1522,software ag; e-mail: thorsten.fiebig@softwareag.com,66,0,6,91,97,503,5,1,3,1,4814
1523,"software laboratories, samsung electronics co., ltd., suwon-city, gyeonggi-do, korea",66,0,1,91,97,504,5,1,2,1,NA
1524,"southwest texas state university, san marcos, texas",173,0,2,84,92,505,1,1,1,1,NA
1525,"spatial technologies, oracle corporation, nashua, new hampshire",9,0,10,115,124,506,8,1,6,1,1810
1526,stanford,136,0,2,62,65,507,1,1,6,1,NA
1527,"stanford univ., stanford, ca",136,0,8,62,65,947,4,1,1,1,8992
1528,stanford university,136,0,2,62,65,948,1,1,2,1,NA
1529,stanford university infolab,49,0,7,62,65,948,1,1,1,1,2131
1530,"stanford university, computer science department, stanford, ca",49,0,9,62,65,979,1,1,6,1,NA
1531,"stanford university, palo alto",158,0,2,54,61,948,5,1,6,1,NA
1532,"stanford university, palo alto, ca",158,0,9,54,61,949,5,1,6,1,8508
1533,"stanford university, palo alto, usa",158,0,2,54,61,949,1,1,6,1,1009
1534,"stanford university, stanford",136,0,2,62,65,950,1,1,1,1,NA
1535,"stanford university, stanford, ca",136,0,2,62,65,947,1,1,1,1,NA
1536,"stanford university, stanford, ca 94305, usa; e-mail: rada&commat;cs.stanford.edu",49,0,2,62,65,508,1,1,1,1,NA
1537,"stanford university, stanford, ca, usa",136,0,2,62,65,950,1,1,1,1,NA
1538,"stanford university, stanford, california",136,0,2,62,65,950,1,1,2,1,NA
1539,"stanford university, stanford, california, usa",136,0,2,62,65,950,1,1,6,1,1009
1540,"stanford university, stanford, usa",136,0,2,62,65,947,1,1,1,1,NA
1541,"stanford university, usa",49,0,9,62,65,948,1,1,1,1,NA
1542,"stata labs, inc.",62,0,8,5,5,929,5,1,1,1,NA
1543,"stata labs, inc., uc santa cruz",30,0,11,65,68,509,4,1,3,1,NA
1544,state university of new york at buffalo,54,0,9,60,59,1229,5,1,2,1,NA
1545,state university of new york at stony brook,54,0,9,53,59,1229,5,1,1,1,NA
1546,"state university of new york, at buffalo",54,0,9,60,59,1229,1,1,1,1,8125
1547,"statistics group, rovira i virgili university of tarragona, catalonia",66,0,1,91,97,510,5,1,1,1,NA
1548,steven institute of technology,114,0,6,49,54,768,4,1,1,1,NA
1549,stevens institute of technology,114,0,7,49,54,768,4,1,3,1,NA
1550,"stevens institute of technology, castle point on hudson, hoboken, nj 07030, usa; e-mail: scho@puma.mt.att.com",66,0,4,49,54,511,4,1,2,1,763
1551,stony brook university,149,0,11,22,27,951,4,1,3,1,NA
1552,"stony brook university, stony brook, ny",149,0,3,72,77,951,4,1,1,1,NA
1553,sun yat-sen university,149,0,7,22,27,512,5,1,1,1,NA
1554,suny at binghamton,126,0,3,60,74,769,4,1,6,1,NA
1555,"suny at binghamton, binghamton, ny",126,0,9,60,74,769,5,1,1,1,NA
1556,suny buffalo,41,0,2,60,74,513,4,1,6,1,NA
1557,"suny buffalo, buffalo, ny",41,0,6,60,74,770,4,1,6,1,NA
1558,"suny buffalo, buffalo, ny, usa",41,0,2,60,74,770,4,1,1,1,NA
1559,surromed inc,62,0,2,5,5,514,1,1,1,1,NA
1560,"surromed, palo alto, ca, usa",158,0,2,54,61,515,1,1,1,1,NA
1561,"swiss federal institute of technology (eth) zurich, institute of information systems, eth zentrum, 8092 zurich, switzerland; e-mail: tuerker@inf.ethz.ch",114,0,7,4,4,516,4,1,1,1,347
1562,"swiss federal institute of technology (eth), zürich, switzerland",114,0,1,85,4,1230,13,1,4,1,NA
1563,"swiss federal institute of technology (ethz), zürich, switzerland",114,0,7,85,54,1230,13,1,1,1,NA
1564,"swiss federal institute of technology, zürich, switzerland",114,0,6,85,54,1230,4,1,2,1,NA
1565,"swiss federal institute of technology, eth zentrum, zurich, switzerland",114,0,7,4,4,1230,4,1,3,1,NA
1566,"swiss federal institute of technology, eth zentrum, zurich, switzerlandswiss federal institute of technology, eth zentrum, zurich, switzerland",114,0,1,4,4,517,4,1,3,1,NA
1567,sybase france,67,0,1,35,40,518,3,1,2,1,NA
1568,"sybase, inc., paris, france",67,0,1,35,40,519,3,1,1,1,NA
1569,"syracuse university, syracuse, ny",25,0,1,72,77,771,3,1,1,1,NA
1570,"syracuse university, syracuse, ny, usa",25,0,7,72,77,771,3,1,1,1,NA
1571,t. j. watson resch. ctr.,31,0,7,76,82,520,5,1,1,1,NA
1572,"t. j. watson research center, ibm",31,0,1,76,82,1135,4,1,2,1,6904
1573,tavant,94,0,6,117,127,521,14,1,2,1,NA
1574,tavant technologies,94,0,6,117,127,522,14,1,2,1,NA
1575,"tcs lab for internet research, department of computer science and engineering, indian institute of technology bombay, mumbai, india",109,0,7,58,63,772,4,1,1,1,NA
1576,"tcs lab for internet research, dept of comp science and engg, indian institute of technology bombay, mumbai, india",35,0,7,58,63,772,4,1,1,1,NA
1577,technical university of crete,149,0,3,6,6,1231,4,1,6,1,9135
1578,"technical university of crete, chania, greece",58,0,2,6,6,1232,4,1,3,1,NA
1579,"technical university of crete, crete, greece",58,0,9,6,6,1232,5,1,2,1,7927
1580,"technical university of dortmund, dortmund, germany",92,0,11,44,49,523,4,1,3,1,NA
1581,"technical university of munich, munich, germany",92,0,6,44,115,524,4,1,2,1,NA
1582,technical university of wien,149,0,5,6,118,1231,2,1,2,1,NA
1583,technion,7,0,2,63,66,525,4,1,2,1,3653
1584,"technion - iit, haifa, israel",151,0,5,63,66,774,2,1,6,1,NA
1585,"technion - israel institute of technology, israel",151,0,5,63,66,526,2,1,6,1,3653
1586,"technion---israel institute of technology, haifa, israel",151,0,5,63,66,773,2,1,6,1,NA
1587,"technion---israel institute of technology, technion city, haifa, israel",151,0,5,63,66,773,2,1,6,1,NA
1588,"technion, haifa, israel",151,0,4,63,66,774,4,1,2,1,NA
1589,"technische universität dresden, dresden, germany",12,0,6,96,102,1233,4,1,2,1,NA
1590,"technische universität dresden, dresden, germany 01062",12,0,9,96,102,1233,5,1,2,1,NA
1591,"technische universität münchen, garching, germany",154,0,7,16,19,1234,7,1,2,1,8338
1592,"technische universität münchen, germany",154,0,5,16,19,1234,4,1,2,1,9756
1593,"technische universität münchen, institut für informatik, 81667 münchen, germany; e-mail: kossmann@in.tum.de",154,0,6,16,19,527,4,1,2,1,NA
1594,"technische universität münchen, munich, germany",154,0,10,16,19,1234,8,1,6,1,NA
1595,"technische universität wien, vienna, austria",66,0,10,77,83,775,8,1,6,1,7569
1596,"technische universität wien, wien, austria",66,0,10,77,83,775,4,1,3,1,NA
1597,tel aviv university,105,0,5,64,67,1235,7,1,2,1,NA
1598,"tel aviv university, israel",105,0,11,64,67,1236,4,1,1,1,NA
1599,"tel aviv university, tel aviv, israel",105,0,2,64,67,1236,4,1,2,1,6605
1600,tel-aviv university,105,0,7,64,67,1235,4,1,2,1,878
1601,"tel-aviv university, tel-aviv, israel",105,0,7,64,67,1237,4,1,1,1,7703
1602,telcordia technologies,21,0,12,40,46,776,4,1,1,1,NA
1603,"telcordia technologies, morristown, nj",21,0,3,40,46,776,4,1,2,1,6839
1604,"telcordia, morristown, nj, usa",95,0,9,40,46,528,4,1,2,1,NA
1605,telecom paristech,66,0,9,35,40,529,5,1,3,1,NA
1606,teradata,164,0,7,112,122,919,4,1,1,1,NA
1607,"teradata corporation, elsegundo, ca, usa",164,0,7,112,122,530,4,1,2,1,9485
1608,"teradata division, ncr corporation, los angeles, usa 90245",96,0,6,112,122,531,4,1,2,1,NA
1609,"teradata, el segundo, ca",164,0,9,112,122,1238,4,1,1,1,NA
1610,"teradata, elsegundo, ca, usa",164,0,7,112,122,1238,4,1,1,1,NA
1611,"teradata, ncr, san diego, ca",164,0,7,112,122,1239,4,1,6,1,NA
1612,"teradata, san diego, ca",164,0,7,112,122,1239,4,1,2,1,NA
1613,"teradata, san diego, ca, usa",164,0,7,112,122,1240,4,1,1,1,NA
1614,texas state university,173,0,3,84,14,532,4,1,3,1,NA
1615,"texas state university-san marcos, san marcos, tx, usa",173,0,2,84,92,533,4,1,1,1,NA
1616,"the boeing company, seattle, wa",84,0,7,10,11,534,4,1,6,1,NA
1617,the chinese university of hong kong,73,0,5,39,45,961,4,1,3,1,NA
1618,"the chinese university of hong kong, china",86,0,8,39,43,961,1,1,1,1,NA
1619,"the chinese university of hong kong, hong kong",52,0,2,39,45,961,1,1,1,1,NA
1620,"the chinese university of hong kong, hong kong, china",52,0,7,39,45,961,5,1,2,1,NA
1621,"the chinese university of hong kong, new territories, hong kong",52,0,3,39,45,961,10,1,6,1,1355
1622,"the chinese university of hong kong, shatin, hong kong",52,0,3,39,45,961,1,1,6,1,NA
1623,"the chinese university of hong kong, shatin, hong kong, china",52,0,2,39,45,961,5,1,1,1,NA
1624,"the college of william and mary, usa",85,0,3,68,52,777,4,1,6,1,NA
1625,"the college of william and mary, williamsburg, va",85,0,6,68,52,777,4,1,2,1,1353
1626,the hebrew university,121,0,5,68,71,1241,4,1,6,1,NA
1627,"the hebrew university of jerusalem, edmond j. safra campus jerusalem, israel",121,0,11,102,106,1242,4,1,3,1,NA
1628,"the hebrew university of jerusalem, jerusalem, israel",121,0,6,102,106,1242,4,1,2,1,NA
1629,"the hebrew university, jerusalem, israel",121,0,6,102,106,1241,4,1,1,1,NA
1630,the hong kong polytechnic university,52,0,11,39,45,1243,5,1,1,1,NA
1631,"the hong kong polytechnic university, hong kong, hong kong",32,0,2,39,45,1243,4,1,1,1,NA
1632,"the hong kong polytechnic university, hung hom, kowloon, hong kong",52,0,3,39,45,1243,4,1,6,1,NA
1633,the hong kong university of science and technology,38,0,3,39,43,1104,10,1,6,1,NA
1634,"the hong kong university of science and technology, clear water bay, hong kong",73,0,3,39,45,1104,1,1,6,1,NA
1635,"the hong kong university of science and technology, clearwater bay, hong kong",73,0,3,39,45,1104,10,1,6,1,4046
1636,"the hong kong university of science and technology, hong kong",73,0,3,39,45,1104,10,1,6,1,NA
1637,"the hong kong university of science and technology, hong kong, china",73,0,2,39,43,1104,1,1,1,1,NA
1638,"the hong kong university of science and technology, hong kong, hong kong",52,0,11,39,45,1104,4,1,2,1,NA
1639,"the hong kong university of science and technology, kowloon, hong kong",73,0,12,39,45,1104,1,1,1,1,NA
1640,the johns hopkins university,121,0,12,68,71,1161,12,1,1,1,1115
1641,the mitre corporation,157,0,11,11,12,1244,4,1,2,1,NA
1642,"the mitre corporation, mclean, va",157,0,4,11,12,1244,4,1,2,1,NA
1643,"the mitre corporation, mclean, va, usa",157,0,4,11,12,1244,4,1,2,1,NA
1644,"the mitre corporation, mclean, virginia",157,0,7,11,12,1244,4,1,1,1,NA
1645,"the mitre corporation, mclean, virginia and computer science department, center for automation research and institute for advanced computer studies, university of maryland at college park",85,0,3,68,56,778,4,1,3,1,6664
1646,"the mitre corporation, mclean, virginia and computer science department, center for automation research, and institute for advanced computer studies, university of maryland at college park",85,0,8,68,56,778,4,1,1,1,NA
1647,"the mitre corporation, usa",157,0,11,11,12,1244,4,1,3,1,1314
1648,the ohio state university,168,0,8,88,14,1245,1,1,1,1,NA
1649,"the ohio state university, columbus, oh",168,0,3,88,14,1245,4,1,3,1,NA
1650,"the ohio state university, columbus, oh, usa",168,0,1,88,14,1245,5,1,1,1,NA
1651,"the ohio state university, columbus, usa",168,0,12,88,14,1245,4,1,3,1,2691
1652,"the penn state university, usa",168,0,5,88,14,535,4,1,1,1,NA
1653,"the pennsylvania state university, university park, pa, usa",152,0,11,51,57,536,4,1,6,1,NA
1654,"the selim and rachel benin school of engineering and computer science, the hebrew university of jerusalem, jerusalem, israel 91094",34,0,8,102,106,779,4,1,1,1,NA
1655,"the selim and rachel benin school of engineering and computer science, the hebrew university, jerusalem",34,0,2,68,71,779,5,1,3,1,NA
1656,"the timesten team, mountain view, ca, usa",95,0,8,108,120,537,11,1,2,1,2341
1657,the university of british columbia,127,0,8,52,58,823,11,1,2,1,NA
1658,"the university of british columbia, vancouver, bc, canada",127,0,1,52,58,823,4,1,1,1,NA
1659,the university of hong kong,52,0,7,39,45,965,4,1,2,1,2091
1660,"the university of hong kong, hong kong",52,0,4,39,45,966,1,1,2,1,NA
1661,"the university of hong kong, hong kong, hong kong",32,0,4,39,45,966,1,1,2,1,NA
1662,"the university of maryland at college park, college park, md",156,0,4,47,52,780,6,1,2,1,8550
1663,"the university of maryland at college park/the mitre corporation, mclean, va",85,0,4,68,12,780,7,1,2,1,NA
1664,"the university of melbourne, melbourne, australia",83,0,6,73,79,781,4,1,2,1,NA
1665,"the university of melbourne, victoria, australia",83,0,6,73,79,781,7,1,2,1,685
1666,"the university of michigan---dearborn, dearborn, mi",100,0,8,81,88,538,4,1,2,1,NA
1667,the university of new south wales,53,0,3,73,78,1045,4,1,5,1,NA
1668,"the university of new south wales, australia",83,0,1,73,78,1045,4,1,1,1,NA
1669,"the university of new south wales, sydney, australia",83,0,2,73,78,1045,4,1,3,1,NA
1670,"the university of new south wales, sydney, nsw, australia",83,0,11,73,78,1045,4,1,2,1,NA
1671,the university of queensland,121,0,11,68,71,1046,4,1,1,1,NA
1672,"the university of queensland, australia",11,0,8,73,79,1046,5,1,1,1,NA
1673,"the university of queensland, brisbane, australia",11,0,7,73,79,1046,4,1,1,1,8888
1674,"the university of queensland, national ict australia (nicta), brisbane",11,0,2,73,79,539,5,1,1,1,NA
1675,the university of texas at arlington,119,0,3,84,92,1246,4,1,6,1,NA
1676,"the university of texas at arlington, arlington, tx",119,0,3,84,92,1246,4,1,1,1,NA
1677,"the university of texas at arlington, cse, 416 yates street, p.o.box 19015, arlington, tx",173,0,5,84,92,540,4,1,1,1,NA
1678,"the university of texas at dallas, richardson, tx",173,0,8,84,92,1246,4,1,3,1,NA
1679,the university of tokyo,121,0,5,68,71,965,4,1,6,1,NA
1680,"thomas j. watson center, ibm research, hawthorne, usa 10532",48,0,1,76,82,541,3,1,1,1,NA
1681,"thomas j. watson research center, ibm research, hawthorne, ny",48,0,1,76,82,542,3,1,2,1,NA
1682,"timesten performance software, mountain view, ca",95,0,9,91,97,543,5,1,6,1,7987
1683,"transaction software gmbh gustav-heinemann-ring, münchen, germany",92,0,9,91,115,544,5,1,1,1,7987
1684,transaction software gmbh munich,65,0,2,91,97,545,5,1,1,1,7987
1685,"tsinghua university, beijing, china",99,0,9,38,44,1247,5,1,1,1,NA
1686,"tsinghua university, beijing, p.r. china",99,0,1,38,44,1247,5,1,2,1,8823
1687,"tsinghua university, beijing, pr china",99,0,1,38,44,1247,4,1,1,1,NA
1688,tu dresden,12,0,9,96,102,546,5,1,1,1,8583
1689,"tu eindhoven, eindhoven, the netherlands",121,0,3,16,19,547,4,1,2,1,NA
1690,"tu ilmenau, germany",87,0,9,16,19,548,5,1,6,1,NA
1691,tu münchen,87,0,12,16,19,549,12,1,1,1,NA
1692,"tu münchen, garching, germany",87,0,1,16,19,782,4,1,1,1,NA
1693,"tu münchen, munich, germany",87,0,5,16,19,782,4,1,2,1,NA
1694,"tu münchen, xqrl, inc.",87,0,6,16,19,550,4,1,2,1,NA
1695,tum,81,0,11,46,51,551,5,1,1,1,NA
1696,u of pennsylvania,148,0,9,25,31,552,5,1,1,1,NA
1697,u. c. berkeley,148,0,11,20,25,942,4,1,1,1,NA
1698,"u. c. berkeley, berkeley, ca",122,0,5,20,25,553,5,1,6,1,246
1699,u. c. santa cruz,30,0,3,65,68,554,5,1,1,1,NA
1700,"u. di roma """"""""la sapienza""""""""",153,0,4,75,81,788,9,1,2,1,NA
1701,u. of british columbia,148,0,11,25,58,555,4,1,2,1,NA
1702,u. of illinois,148,0,3,32,31,556,5,1,1,1,4046
1703,u. of michigan,148,0,3,25,88,557,4,1,3,1,NA
1704,u. of texas at arlington,119,0,9,84,92,1248,4,1,1,1,6590
1705,"u. of torino, torino, italy",89,0,11,9,86,558,5,1,3,1,NA
1706,u.c. berkeley,137,0,3,20,25,942,5,1,6,1,NA
1707,u.c. berkeley department of electrical engineering and computer science,34,0,8,20,25,559,4,1,3,1,543
1708,"u.c. berkeley, eecs dept., berkeley, ca",122,0,3,20,25,783,10,1,2,1,NA
1709,"u.c. berkeley, intel research, berkeley",137,0,3,20,116,560,4,1,1,1,NA
1710,"u.c. san diego, la jolla, ca",169,0,3,3,3,1249,10,1,6,1,NA
1711,"u.paris xi, lri, 91405 orsay, france",67,0,2,35,40,561,5,1,1,1,NA
1712,uc berkeley,107,0,1,37,42,942,13,1,3,1,NA
1713,"uc berkeley, berkeley, ca",107,0,3,37,42,1251,13,1,6,1,6990
1714,"uc berkeley, berkeley, ca, usa",28,0,3,37,42,1251,4,1,6,1,NA
1715,"uc berkeley, berkeley, usa",107,0,3,37,42,1251,3,1,3,1,7927
1716,"uc berkeley, cs division",28,0,3,37,42,562,3,1,3,1,NA
1717,"uc berkeley, eecs dept. berkeley, ca",28,0,3,37,42,783,3,1,3,1,NA
1718,uc davis,130,0,1,37,42,563,3,1,1,1,NA
1719,uc riverside,130,0,1,37,42,564,3,1,1,1,NA
1720,uc san diego,128,0,1,3,3,1250,3,1,3,1,532
1721,"uc san diego, ca",128,0,7,3,3,1250,3,1,6,1,NA
1722,"uc san diego, la jolla, ca",128,0,7,3,3,1249,3,1,3,1,NA
1723,uc santa cruz,30,0,1,65,68,565,10,1,2,1,7953
1724,"uc santa cruz, santa cruz, ca",30,0,11,65,68,784,14,1,3,1,NA
1725,"uc santa cruz, santa cruz, usa",30,0,6,65,68,784,4,1,2,1,NA
1726,"uc, berkeley",107,0,2,37,42,942,5,1,1,1,2281
1727,"uc, san diego",128,0,3,3,3,1250,4,1,3,1,6779
1728,ucla,3,0,3,70,73,566,9,1,6,1,NA
1729,"ucla anderson school, los angeles, ca",40,0,3,70,73,567,4,1,6,1,NA
1730,ucla computer science,40,0,9,70,73,568,5,1,6,1,NA
1731,"ucla computer science department, los angeles, ca",40,0,11,70,73,785,4,1,6,1,NA
1732,"ucla computer science department, los angeles, california, ca",40,0,6,70,73,785,4,1,2,1,NA
1733,"ucla, los angeles, ca",40,0,11,70,73,1252,4,1,2,1,NA
1734,"ucla, los angeles, ca, usa",40,0,8,70,73,1252,4,1,6,1,6496
1735,ucsd,39,0,5,118,128,569,2,1,6,1,NA
1736,"ucsd, san diego, ca, usa",169,0,5,118,128,1126,2,1,6,1,NA
1737,uiuc,93,0,5,93,100,570,2,1,6,1,NA
1738,"uiuc, urbana, il",70,0,5,93,100,571,2,1,6,1,NA
1739,um ann arbor,64,0,6,81,88,572,4,1,2,1,NA
1740,umass amherst,6,0,7,59,29,573,4,1,2,1,NA
1741,"umass boston, boston, ma",112,0,7,23,28,574,5,1,2,1,NA
1742,"umass/boston, dept. of cs, umass/boston, boston, ma",112,0,8,23,28,575,11,1,2,1,NA
1743,unc chapel hill,161,0,6,41,22,576,4,1,2,1,NA
1744,"univ british columbia, 2366 main mall, ubc, vancouver, bc",127,0,10,52,58,577,8,1,6,1,NA
1745,"univ. california, berkeley",122,0,10,20,25,786,8,1,6,1,NA
1746,"univ. degli studi di torino, torino, italy",89,0,10,9,86,578,8,1,6,1,NA
1747,"univ. di milano, milan, italy",16,0,11,9,86,579,4,1,1,1,NA
1748,"univ. di torino, torino, italy",89,0,7,9,86,580,9,1,1,1,NA
1749,univ. of british columbia,127,0,2,52,58,581,4,1,2,1,NA
1750,"univ. of british columbia, vancouver, b.c., canada",127,0,6,52,58,824,5,1,2,1,4923
1751,"univ. of buffalo, buffalo, ny",41,0,2,60,74,582,5,1,6,1,NA
1752,"univ. of california riverside, riverside, ca",20,0,11,66,62,583,4,1,1,1,NA
1753,univ. of california santa cruz,4,0,3,65,68,584,10,1,6,1,1027
1754,"univ. of california, berkeley eecs",122,0,2,20,25,786,1,1,1,1,NA
1755,"univ. of california, berkeley, ibm almaden research center, san jose, ca",76,0,11,1,1,585,4,1,6,1,NA
1756,"univ. of california, riverside",20,0,9,66,62,586,5,1,2,1,NA
1757,"univ. of california, san diego la jolla, ca",169,0,3,3,3,825,10,1,6,1,NA
1758,"univ. of illinois at chicago, chicago, il",116,0,1,32,37,587,4,1,2,1,NA
1759,"univ. of illinois, urbana-champaign",70,0,1,32,37,588,4,1,2,1,2091
1760,"univ. of louisiana at lafayette, lafayette, la",44,0,2,31,36,589,1,1,1,1,NA
1761,univ. of maryland,27,0,2,47,9,787,4,1,6,1,3564
1762,"univ. of maryland, college park",156,0,6,47,52,787,4,1,2,1,979
1763,"univ. of massachusetts, amherst",6,0,1,59,29,590,4,1,3,1,NA
1764,univ. of melbourne,27,0,5,99,9,591,4,1,6,1,1278
1765,univ. of michigan,27,0,3,99,9,592,4,1,2,1,NA
1766,"univ. of munich, munich, germany",92,0,5,44,115,826,4,1,6,1,2131
1767,"univ. of passau, passau, germany",92,0,2,44,109,794,1,1,6,1,1810
1768,univ. of pennsylvania,27,0,7,99,9,593,4,1,6,1,NA
1769,"univ. of rome, """"""""la sapienza""""""""",178,0,8,99,9,788,4,1,6,1,3308
1770,univ. of texas at arlington,119,0,2,84,92,1248,4,1,2,1,NA
1771,"univ. of texas, arlington",119,0,3,84,92,1248,4,1,2,1,NA
1772,"univ. of tokyo, tokyo, japan",178,0,3,99,9,594,10,1,6,1,NA
1773,univ. of toronto,27,0,3,87,9,595,10,1,6,1,NA
1774,"univ. of washington, seattle",84,0,7,10,11,789,4,1,1,1,NA
1775,"univ. of washington, seattle, wa",84,0,3,10,11,789,4,1,6,1,NA
1776,univ. of washington; e-mail: alon@cs.washington.edu,178,0,5,10,9,596,4,1,6,1,NA
1777,"univ. of waterloo, waterloo, ont. canada",71,0,6,79,85,597,4,1,6,1,NA
1778,univ. of wisconsin-madison,72,0,9,71,75,1254,9,1,2,1,8396
1779,"univ. of wisconsin-madison, madison, wi",72,0,6,71,75,1254,4,1,1,1,NA
1780,"univ. of wisconsin, madison",72,0,11,71,75,1254,11,1,6,1,NA
1781,univ. paris dauphine,27,0,3,35,9,790,4,1,6,1,NA
1782,univ. paris xi,27,0,9,35,9,790,4,1,2,1,6562
1783,"univ. paris-sud, france",67,0,3,35,40,598,10,1,6,1,NA
1784,univ. politecnica de madrid,178,0,3,99,9,599,10,1,6,1,NA
1785,univ. santa clara,47,0,3,65,68,600,10,1,6,1,NA
1786,"univ. versailles-saint-quentin, france",67,0,3,35,40,601,10,1,6,1,NA
1787,univ. wisconsin madison,72,0,3,71,75,1255,10,1,6,1,NA
1788,"univ. wisconsin, madison",72,0,11,71,75,1255,4,1,6,1,NA
1789,"univerisity of california, santa barbara, ca",4,0,3,65,68,827,10,1,6,1,NA
1790,"univeristy of new south wales, australia",83,0,12,73,78,828,12,1,1,1,NA
1791,"universidad de buenos aires, departamento de computación",115,0,12,86,93,602,12,1,1,1,NA
1792,"universidad de chile, chile",97,0,11,86,93,791,4,1,1,1,NA
1793,"universidad de chile, chile, c. p",97,0,9,86,93,791,4,1,6,1,NA
1794,"universidad politécnica de madrid (upm), madrid, spain",115,0,9,86,93,792,4,1,1,1,NA
1795,"universidad politécnica de madrid, spain",115,0,11,86,93,792,10,1,1,1,543
1796,"universidade federal do rio de janeiro, rio de janeiro-rj, brazil",115,0,11,86,93,603,4,1,3,1,NA
1797,"universidade federal do rio grande do sul, brazil",66,0,11,86,93,604,4,1,1,1,NA
1798,"università """"""""la sapienza"""""""", roma, italy",153,0,7,75,81,605,9,1,3,1,NA
1799,"università della basilicata -- potenza, italy",174,0,3,75,10,1256,9,1,3,1,NA
1800,"università della basilicata, c.da macchia romana, 85100 potenza, italy",174,0,7,75,10,606,9,1,3,1,NA
1801,"università della basilicata, potenza, italy",174,0,11,75,10,1256,5,1,3,1,NA
1802,"università della calabria, rende, italy",174,0,7,75,10,607,9,1,6,1,NA
1803,"università di milano, crema - italy",16,0,7,9,86,608,9,1,6,1,NA
1804,"universita di pisa, pisa, italy",16,0,11,9,86,609,4,1,6,1,NA
1805,"università di roma """"""""la sapienza""""""""",153,0,3,75,81,610,9,1,1,1,7875
1806,"universita di roma """"""""la sapienza"""""""", roma, italy",153,0,8,75,81,611,9,1,3,1,NA
1807,"università di roma “la sapienza”, dipartimento di informatica e sistemistica, via salaria 113, 00198 roma, italy; e-mail: mecella@dis.uniroma1.it",174,0,8,75,81,612,11,1,2,1,6468
1808,universita di roma tre,153,0,8,75,81,829,9,1,2,1,1603
1809,"università di torino, torino, italy",89,0,7,9,86,830,9,1,6,1,NA
1810,università roma tre,153,0,2,75,81,829,4,1,2,1,1812
1811,"università roma tre -- roma, italy",153,0,4,75,81,831,6,1,2,1,2283
1812,"università roma tre, roma, italy",153,0,4,75,81,831,6,1,2,1,1810
1813,"università roma tre, rome, italy",153,0,4,75,81,831,9,1,2,1,NA
1814,"università roma tre, via della vasca navale, 79 00149 roma, italy",153,0,5,75,81,613,7,1,2,1,NA
1815,"universitàà della basilicata, potenza, italy",174,0,6,75,10,1256,7,1,2,1,NA
1816,"universität des saarlandes, saarbrücken, germany",92,0,6,104,109,832,4,1,2,1,543
1817,"universität karlsruhe (th), germany",8,0,9,104,109,614,4,1,1,1,NA
1818,"universität leipzig, institut für informatik, 04109 leipzig, germany; (e-mail: rahm@informatik.uni-leipzig.de)",92,0,6,104,109,615,4,1,2,1,NA
1819,"universität magdeburg, germany",8,0,7,104,109,833,4,1,1,1,NA
1820,"universität mannheim, mannheim, germany",8,0,2,104,109,834,4,1,1,1,NA
1821,"universität mannheim; e-mail: [mildenbe|rschiele]@uni-mannheim.de, [helmer|moerkotte]@informatik.uni-mannheim.de",66,0,3,104,109,616,5,1,6,1,NA
1822,"universität münster, institut für wirtschaftsinformatik, leonardo-campus 3, 48149 münster, germany; e-mail: {lechten,vossen}@helios.uni-muenster.de",66,0,11,104,109,617,4,1,6,1,NA
1823,"universität passau, fakultät für mathematik und informatik, passau, germany",92,0,7,104,109,618,4,1,1,1,NA
1824,"universität passau, lehrstuhl für informatik, 94030 passau, germany; e-mail: {claussen,kemper,kossmann,wiesner}@db.fmi.uni-passau.de",92,0,6,104,109,793,4,1,1,1,9625
1825,"universität passau, lehrstuhl für informatik, 94030 passau, germany; e-mail: <lastname>@db.fmi.uni-passau.de",92,0,7,104,109,793,4,1,1,1,NA
1826,"universität passau, passau, germany",8,0,6,104,109,794,4,1,1,1,2091
1827,"universitat politècnica de catalunya, barcelona, caalonia, spain",115,0,2,86,93,795,5,1,1,1,NA
1828,"universitat politècnica de catalunya, barcelona, catalonia, spain",115,0,7,86,93,795,4,1,1,1,NA
1829,"universität tübingen, tübingen, germany",8,0,11,104,109,619,4,1,1,1,NA
1830,"université de mons-hainaut, mons, belgium",115,0,3,86,93,1257,9,1,1,1,NA
1831,université de nantes,67,0,6,86,93,620,4,1,1,1,1962
1832,"université de paris-sud, lri, cnrs-umr 8623, bât. 490, 91405 orsay, france; e-mail: spyratos@lri.fr",67,0,6,35,40,621,4,1,2,1,NA
1833,"université paris 9 (dauphine), pl. du mal de lattre, paris 75016, france",67,0,9,35,40,622,4,1,6,1,NA
1834,"université paris dauphine, paris, france",67,0,11,35,40,623,4,1,1,1,2176
1835,"université paris-sud, france",67,0,11,35,40,624,4,1,6,1,NA
1836,"university at albany, state university of new york, albany, ny",54,0,9,53,59,797,5,1,1,1,8888
1837,"university at albany, suny, albany, ny",126,0,2,60,74,625,5,1,6,1,2038
1838,"university at buffalo, buffalo, new york",126,0,11,60,74,796,5,1,1,1,NA
1839,"university at buffalo, buffalo, ny",41,0,9,60,74,796,5,1,1,1,6775
1840,"university at buffalo, state university of new york, buffalo, ny",126,0,2,60,74,797,5,1,6,1,NA
1841,university freiburg,149,0,3,95,27,835,5,1,6,1,NA
1842,university marburg,63,0,9,92,98,835,4,1,1,1,NA
1843,"university of aberdeen, united kingdom",149,0,12,116,125,626,5,1,1,1,NA
1844,university of alberta,149,0,9,95,118,836,5,1,1,1,NA
1845,"university of alberta, department of computing science, edmonton, alberta, canada",51,0,9,79,85,1033,5,1,2,1,NA
1846,"university of alberta, edmonton, alberta, canada",51,0,1,79,85,627,5,1,1,1,NA
1847,university of antwerp,149,0,1,95,118,837,4,1,6,1,NA
1848,"university of antwerp, antwerp, belgium",149,0,11,95,118,837,4,1,1,1,NA
1849,"university of antwerp, wilrijk, belgium",149,0,11,95,118,837,4,1,1,1,NA
1850,university of arizona,146,0,2,12,13,838,5,1,1,1,NA
1851,university of arizona at tucson,146,0,6,12,13,838,7,1,2,1,1451
1852,"university of arizona, az",146,0,8,12,13,838,5,1,2,1,NA
1853,"university of arizona, department of computer science, tucson, az",146,0,9,12,13,628,5,1,1,1,1350
1854,"university of arizona, tucson, az",146,0,2,12,13,838,5,1,1,1,4865
1855,"university of arizona, tucson, az, usa",146,0,2,12,13,838,4,1,2,1,NA
1856,"university of athens, athens, greece",58,0,5,6,6,839,4,1,2,1,7927
1857,"university of athens, athens, greece 15771",58,0,5,6,6,839,5,1,6,1,4867
1858,"university of athens, athens, greece 15784",58,0,12,6,6,839,4,1,2,1,7987
1859,"university of athens, hellas",58,0,7,6,6,840,5,1,2,1,8338
1860,university of augsburg,149,0,2,95,118,841,4,1,1,1,NA
1861,university of basilicata,149,0,2,95,118,836,1,1,1,1,NA
1862,university of bologna,149,0,8,95,118,842,4,1,2,1,NA
1863,university of british columbia,127,0,1,52,58,843,4,1,6,1,NA
1864,"university of british columbia, 201-2366 main mall, vancouver, bc v6t 1z4, canada; e-mail: laks@cs.ubc.ca",51,0,1,52,58,629,4,1,1,1,NA
1865,"university of british columbia, canada",127,0,10,52,58,843,4,1,5,1,NA
1866,"university of british columbia, vancouver, b. c., canada",127,0,1,52,58,844,4,1,1,1,NA
1867,"university of british columbia, vancouver, b.c., canada",127,0,1,52,58,824,4,1,1,1,543
1868,"university of british columbia, vancouver, bc, canada; e-mail: laks@cs.ubc.ca",127,0,1,52,58,844,4,1,2,1,NA
1869,"university of british columbia, vancouver, ca",127,0,1,52,58,844,3,1,1,1,NA
1870,"university of british columbia, vancouver, canda",127,0,1,52,58,844,3,1,1,1,NA
1871,university of british columbia; e-mail: rng@cs.ubc.ca,127,0,1,52,58,843,4,1,5,1,NA
1872,university of buenos aires,149,0,7,95,118,845,5,1,1,1,8338
1873,university of calgary,149,0,11,95,118,836,4,1,1,1,NA
1874,"university of calgary, calgary, ab, canada",51,0,9,79,85,630,5,1,6,1,3882
1875,university of california,36,0,3,66,69,846,10,1,6,1,6752
1876,"university of california - riverside, computer science & engineering department, riverside, ca",103,0,3,57,62,972,4,1,6,1,NA
1877,university of california at berkeley,122,0,3,20,25,846,10,1,6,1,NA
1878,"university of california at berkeley, berkeley, ca",122,0,3,20,25,847,10,1,6,1,NA
1879,"university of california at berkeley, berkeley, ca, usa",122,0,3,20,25,847,10,1,6,1,8417
1880,university of california at davis,20,0,3,66,62,846,5,1,6,1,NA
1881,"university of california at davis, davis, ca, usa",96,0,11,66,62,848,4,1,6,1,NA
1882,university of california at irvine,36,0,3,66,114,846,10,1,6,1,NA
1883,university of california at los angeles,36,0,6,66,69,849,10,1,2,1,NA
1884,university of california at riverside,20,0,3,66,62,850,10,1,6,1,NA
1885,"university of california at san diego, la jolla, ca",169,0,3,3,3,851,10,1,6,1,2224
1886,university of california at santa barbara,4,0,5,65,68,827,2,1,6,1,NA
1887,"university of california at santa barbara, computer science department, santa barbara",4,0,5,65,68,852,2,1,6,1,NA
1888,"university of california at santa barbara, santa barbara, ca",4,0,5,65,68,852,2,1,6,1,NA
1889,"university of california at santa cruz, santa cruz, ca",4,0,3,65,68,853,10,1,6,1,NA
1890,university of california irvine,36,0,3,66,114,854,10,1,6,1,NA
1891,"university of california irvine, irvine, ca, usa",36,0,3,66,114,854,10,1,2,1,NA
1892,"university of california los angeles, los angeles",36,0,3,66,69,849,10,1,2,1,NA
1893,"university of california los angeles, los angeles, ca",36,0,8,66,69,849,4,1,6,1,NA
1894,university of california riverside,20,0,3,66,62,850,10,1,6,1,NA
1895,university of california san diego,169,0,10,3,3,851,8,1,6,1,NA
1896,"university of california san diego, la jolla, ca, usa",169,0,10,3,3,848,8,1,6,1,NA
1897,"university of california san diego, san diego, ca",169,0,3,3,3,848,8,1,6,1,NA
1898,"university of california santa barbara, santa barbara, ca",4,0,3,65,68,855,10,1,6,1,NA
1899,"university of california santa barbara, santa barbara, ca, usa",4,0,3,65,68,855,10,1,6,1,NA
1900,university of california santa cruz,4,0,3,65,68,853,10,1,6,1,NA
1901,"university of california santa cruz, santa cruz, ca, usa",4,0,3,65,68,853,10,1,6,1,NA
1902,"university of california, berkeley",122,0,3,20,25,856,10,1,6,1,NA
1903,"university of california, berkeley ca",122,0,9,20,25,856,10,1,6,1,NA
1904,"university of california, berkeley, berkeley, ca",122,0,3,20,25,847,10,1,6,1,NA
1905,"university of california, berkeley, berkeley, ca, usa",122,0,3,20,25,847,10,1,6,1,6779
1906,"university of california, berkeley, berkeley, california",122,0,3,20,25,847,10,1,6,1,NA
1907,"university of california, berkeley, ca",122,0,9,20,25,856,10,1,6,1,NA
1908,"university of california, berkeley, california",122,0,7,20,25,856,5,1,6,1,8769
1909,"university of california, berkeley, computer science division, berkeley, ca 94720-1776, usa; e-mail: {rshankar,bhaskar,jmh}@cs.berkeley.edu",96,0,3,20,25,631,10,1,6,1,NA
1910,"university of california, davis",20,0,3,66,62,850,10,1,6,1,NA
1911,"university of california, davis, department of computer science, one shields avenue, davis, ca 95616, usa; e-mail: gertz@cs.ucdavis.edu",66,0,9,57,69,632,1,1,1,1,NA
1912,"university of california, irvine",36,0,3,66,114,854,10,1,6,1,NA
1913,"university of california, irvine, ca",36,0,3,66,114,854,10,1,6,1,NA
1914,"university of california, irvine, irvine, ca",36,0,7,66,114,854,10,1,6,1,8694
1915,"university of california, irvine, irvine, ca, usa",36,0,6,66,114,854,4,1,2,1,1810
1916,"university of california, irvine, irvine, california, usa",36,0,3,66,114,854,10,1,6,1,NA
1917,"university of california, irvine, usa",36,0,3,66,114,854,10,1,6,1,NA
1918,"university of california, los angeles, ca",36,0,3,66,69,849,10,1,6,1,NA
1919,"university of california, los angeles, california",36,0,3,66,69,849,10,1,6,1,NA
1920,"university of california, riverside",20,0,3,66,62,850,4,1,6,1,NA
1921,"university of california, riverside, ca",20,0,3,66,62,850,4,1,6,1,1027
1922,"university of california, riverside, riverside, ca",20,0,3,66,62,850,10,1,6,1,NA
1923,"university of california, riverside, usa",20,0,3,66,62,850,10,1,6,1,NA
1924,"university of california, san diego",169,0,3,3,3,851,10,1,6,1,NA
1925,"university of california, san diego la jolla, ca",169,0,3,3,3,825,10,1,6,1,7361
1926,"university of california, san diego, ca",169,0,3,3,3,851,10,1,6,1,8748
1927,"university of california, san diego, la jolla, ca",169,0,3,3,3,851,10,1,6,1,NA
1928,"university of california, santa barbara",4,0,3,65,68,827,10,1,6,1,NA
1929,"university of california, santa barbara, ca",4,0,3,65,68,827,10,1,6,1,NA
1930,"university of california, santa barbara, santa barbara, ca",4,0,3,65,68,855,10,1,6,1,NA
1931,"university of california, santa barbara, santa barbara, ca, usa",4,0,3,65,68,855,10,1,6,1,NA
1932,"university of california, santa barbara, usa",4,0,9,65,68,827,5,1,6,1,9458
1933,"university of california, santa cruz",4,0,3,65,68,846,10,1,6,1,NA
1934,"university of california, santa cruz, ca",4,0,3,65,68,853,10,1,6,1,NA
1935,"university of california, santa cruz, santa cruz, ca",4,0,3,65,68,853,10,1,6,1,NA
1936,"university of california, santa cruz, santa cruz, ca, usa",4,0,3,65,68,853,10,1,6,1,1451
1937,"university of california, santa cruz, santa cruz, california",4,0,3,65,68,853,10,1,6,1,NA
1938,"university of california, usa",96,0,3,66,69,850,10,1,6,1,NA
1939,"university of california: irvine, irvine, ca",36,0,3,66,114,854,10,1,6,1,723
1940,"university of california: santa barbara, santa barbara, ca",4,0,3,65,68,855,10,1,6,1,NA
1941,"university of cambridge, cambridge, uk",177,0,12,56,121,633,12,1,1,1,NA
1942,"university of camerino, italy",174,0,12,90,96,857,12,1,1,1,NA
1943,university of central florida,171,0,11,43,48,858,4,1,1,1,9487
1944,"university of central florida, orlando, fl",171,0,9,43,48,858,4,1,3,1,NA
1945,"university of central oklahoma, edmond, ok",149,0,11,95,118,634,4,1,6,1,NA
1946,university of crete,149,0,6,6,118,859,9,1,2,1,NA
1947,"university of dortmund, dortmund, germany",92,0,11,44,49,635,4,1,3,1,NA
1948,university of edinburgh,60,0,11,110,76,860,4,1,1,1,NA
1949,"university of edinburgh & bell laboratories, edinburgh, scotland uk",60,0,3,110,76,798,4,1,6,1,NA
1950,"university of edinburgh & bell laboratories, edinburgh, united kingdom",60,0,3,110,76,798,4,1,3,1,NA
1951,"university of edinburgh, edinburgh, scotland",60,0,11,110,76,861,4,1,6,1,NA
1952,"university of edinburgh, edinburgh, scotland uk",60,0,11,110,76,861,4,1,1,1,NA
1953,"university of edinburgh, edinburgh, uk",60,0,11,110,76,861,4,1,1,1,NA
1954,"university of edinburgh, edinburgh, united kngdm",60,0,9,110,76,861,4,1,3,1,4867
1955,"university of edinburgh, scotland",60,0,11,110,76,860,4,1,3,1,8417
1956,"university of edinburgh, scotland, uk",60,0,3,110,76,860,4,1,1,1,855
1957,university of florida,171,0,8,43,48,842,4,1,2,1,NA
1958,"university of florida, gainesville",171,0,8,43,48,862,11,1,2,1,NA
1959,"university of florida, gainesville, fl",125,0,3,43,48,862,4,1,3,1,NA
1960,"university of florida, gainesville, fl, usa",125,0,7,43,48,862,4,1,2,1,NA
1961,"university of florida, gainesville, gainesville, fl",125,0,4,43,48,862,4,1,2,1,NA
1962,"university of florida, gainesville, usa",171,0,4,43,48,862,4,1,2,1,2101
1963,university of freiburg,149,0,4,95,118,835,6,1,2,1,NA
1964,"university of freiburg, georges-köhler-allee, freiburg, germany",92,0,4,44,49,636,4,1,2,1,543
1965,"university of genoa, genoa, italy",174,0,5,90,96,863,7,1,2,1,6378
1966,"university of genova, italy",174,0,6,90,96,864,7,1,2,1,NA
1967,university of glasgow,149,0,11,95,118,865,4,1,1,1,NA
1968,university of halle,149,0,3,95,118,866,4,1,6,1,NA
1969,"university of halle, germany",92,0,11,44,49,867,4,1,1,1,NA
1970,university of hannover,149,0,12,95,118,868,4,1,1,1,543
1971,"university of heidelberg, germany",92,0,11,44,49,869,4,1,6,1,NA
1972,"university of heidelberg, heidelberg, germany",92,0,11,44,49,869,4,1,1,1,NA
1973,"university of heidelberg, institut für informatik, germany",92,0,1,44,107,637,4,1,2,1,NA
1974,university of helsinki,149,0,9,95,118,866,4,1,1,1,6904
1975,"university of helsinki, finland",149,0,2,95,118,866,5,1,1,1,NA
1976,university of hong kong,52,0,2,39,45,870,1,1,6,1,NA
1977,"university of hong kong, hong kong",32,0,2,39,45,871,1,1,1,1,6605
1978,"university of hong kong, hong kong, hong kong",32,0,7,39,45,871,1,1,1,1,NA
1979,"university of hong kong, pokfulam road, hong kong",52,0,2,39,45,871,1,1,2,1,NA
1980,"university of houston, houston, tx",110,0,8,84,92,799,4,1,1,1,6904
1981,"university of houston, houston, tx, usa",110,0,8,84,92,799,4,1,2,1,NA
1982,"university of ilinois at urbana champaign, urbana, il, usa",70,0,12,32,37,872,12,1,6,1,8356
1983,university of illinois,116,0,9,32,37,873,5,1,1,1,NA
1984,university of illinois at chicago,116,0,9,32,37,874,5,1,6,1,NA
1985,"university of illinois at chicago, chicago, il",116,0,12,32,37,874,12,1,6,1,NA
1986,"university of illinois at chicago, chicago, il, usa",116,0,2,32,37,874,12,1,1,1,NA
1987,"university of illinois at urbana champaign, champaign, usa",70,0,12,32,37,872,12,1,1,1,6562
1988,"university of illinois at urbana champaign, urbana, il, usa",70,0,12,32,37,872,12,1,1,1,NA
1989,university of illinois at urbana-champaign,70,0,12,32,37,873,12,1,1,1,NA
1990,"university of illinois at urbana-champaign, il",70,0,12,32,37,872,12,1,1,1,347
1991,"university of illinois at urbana-champaign, urbana, il",70,0,12,32,37,872,12,1,6,1,NA
1992,"university of illinois at urbana-champaign, urbana, il, usa",70,0,12,32,37,872,12,1,1,1,NA
1993,"university of illinois at urbana-champaign, urbana, usa",70,0,12,32,37,872,12,1,6,1,NA
1994,university of illinois urbana,70,0,12,32,37,873,12,1,1,1,NA
1995,"university of illinois, 1304 w. springfield ave., urbana, il 61801, usa; e-mail: kaushikc@cs.uiuc.edu",116,0,12,32,37,638,12,1,1,1,NA
1996,"university of illinois, chicago",116,0,12,32,37,874,12,1,1,1,NA
1997,"university of illinois, urbana champaign",70,0,12,32,37,873,12,1,1,1,NA
1998,"university of illinois, urbana-champaign",70,0,12,32,37,873,12,1,1,1,NA
1999,"university of illinois, urbana-champaign, il",70,0,12,32,37,875,12,1,1,1,6904
2000,"university of illinois, urbana-champaign, urbana, il, usa",70,0,12,32,37,875,12,1,1,1,NA
2001,"university of illinois, usa",116,0,11,32,37,876,4,1,1,1,NA
2002,"university of insubria, italy",174,0,7,90,96,876,4,1,2,1,NA
2003,"university of ioannina, greece",58,0,5,6,6,877,5,1,1,1,NA
2004,"university of ioannina, ioannina, greece",58,0,2,6,6,877,5,1,1,1,NA
2005,university of kaiserslautern,149,0,11,95,118,845,4,1,1,1,3969
2006,"university of kaiserslautern, kaiserslautern, germany",92,0,11,44,49,878,4,1,6,1,NA
2007,"university of kaiserslautern, kaiserslautern, germany 67653",92,0,11,44,49,878,4,1,3,1,NA
2008,"university of konstanz, d-78457 konstanz, germany",92,0,11,44,49,879,4,1,2,1,NA
2009,"university of konstanz, department of computer and information science, konstanz, germany",34,0,8,67,70,639,4,1,6,1,NA
2010,"university of konstanz, germany",92,0,11,44,49,879,4,1,1,1,NA
2011,"university of konstanz, konstanz, germany",92,0,7,44,49,879,1,1,1,1,NA
2012,university of leipzig,149,0,11,95,118,880,1,1,1,1,NA
2013,"university of leipzig, germany",92,0,11,44,49,880,4,1,2,1,NA
2014,"university of leipzig, leipzig, germany",92,0,11,44,49,880,4,1,1,1,NA
2015,"university of london, london, united kingdom",149,0,1,116,125,640,4,1,2,1,NA
2016,"university of london, u.k.",149,0,11,95,118,870,4,1,2,1,NA
2017,"university of louisiana at lafayette, usa",44,0,7,31,36,641,3,1,2,1,NA
2018,"university of manchester, manchester, united kingdom",149,0,1,116,125,642,4,1,3,1,NA
2019,"university of mannheim, germany",92,0,1,44,49,867,3,1,1,1,NA
2020,"university of mannheim, mannheim, germany",92,0,1,44,49,834,3,1,2,1,NA
2021,university of marburg,63,0,1,92,98,881,3,1,1,1,NA
2022,"university of marburg, germany",63,0,11,92,98,833,4,1,1,1,NA
2023,"university of marburg, marburg, germany",63,0,7,92,98,881,4,1,1,1,NA
2024,university of maryland,156,0,9,47,52,882,4,1,3,1,NA
2025,university of maryland at college park,156,0,11,47,52,883,4,1,2,1,NA
2026,university of maryland baltimore county,156,0,9,47,52,884,4,1,6,1,NA
2027,"university of maryland, baltimore county, baltimore, md",156,0,9,47,52,884,4,1,6,1,NA
2028,"university of maryland, college park",156,0,9,47,52,885,4,1,1,1,NA
2029,"university of maryland, college park, college park, maryland",156,0,9,47,52,885,4,1,6,1,NA
2030,"university of maryland, college park, maryland",156,0,9,47,52,885,4,1,6,1,NA
2031,"university of maryland, college park, md",156,0,9,47,52,885,4,1,3,1,6904
2032,"university of maryland, college park, md 20",156,0,11,47,52,885,4,1,1,1,NA
2033,"university of maryland, college park, md 20742, usa; e-mail: {louiqa,vladimir,taozhan}@umiacs.umd.edu",85,0,5,47,52,643,4,1,6,1,NA
2034,"university of maryland, college park, md, usa",156,0,6,47,52,885,4,1,3,1,NA
2035,"university of maryland, college park, usa",156,0,9,47,52,885,4,1,2,1,NA
2036,"university of maryland, md",156,0,5,47,52,886,4,1,6,1,NA
2037,"university of maryland, usa",85,0,5,47,52,883,2,1,6,1,6904
2038,university of massachusetts,177,0,5,59,29,887,2,1,6,1,363
2039,university of massachusetts amherst,6,0,5,59,29,888,2,1,6,1,4617
2040,"university of massachusetts amherst, amherst, ma, usa",6,0,9,59,29,888,4,1,2,1,NA
2041,university of massachusetts boston,112,0,3,23,28,887,4,1,2,1,NA
2042,"university of massachusetts, amherst",6,0,2,59,29,888,4,1,2,1,NA
2043,"university of massachusetts, amherst, amherst, ma",6,0,8,59,29,888,4,1,2,1,1451
2044,"university of massachusetts, amherst, ma",6,0,8,59,29,888,4,1,2,1,NA
2045,"university of melbourne melbourne, australia",83,0,10,73,79,889,4,1,2,1,NA
2046,"university of melbourne, australia",83,0,10,73,79,889,8,1,6,1,2176
2047,"university of melbourne, victoria, australia",83,0,10,73,79,890,8,1,6,1,NA
2048,university of michigan,100,0,10,81,88,891,8,1,1,1,NA
2049,university of michigan at ann arbor,64,0,11,81,88,892,4,1,6,1,NA
2050,"university of michigan, ann arbor",64,0,2,81,88,893,5,1,1,1,NA
2051,"university of michigan, ann arbor, mi",64,0,3,81,88,893,5,1,1,1,1312
2052,"university of michigan, ann arbor, mi, usa",64,0,5,81,88,893,5,1,3,1,NA
2053,"university of michigan, ann arbor, mich., usa; e-mail: {jag, shurug, apchapma, andrewdn, spapariz, jignesh, nuwee, yuwu, congy}@umich.edu",141,0,2,81,88,644,5,1,1,1,2054
2054,"university of michigan, ann arbor, michigan",64,0,9,81,88,893,5,1,1,1,2053
2055,"university of michigan, ann arbor; e-mail: jag@umich.edu",100,0,2,81,88,893,5,1,1,1,NA
2056,"university of michigan, mi",100,0,9,81,88,891,4,1,1,1,6904
2057,"university of michigan, usa",100,0,9,81,88,891,5,1,1,1,1472
2058,"university of michigan: ann arbor, ann arbor, mi",64,0,11,81,88,892,5,1,6,1,NA
2059,"university of milano, italy",16,0,10,90,96,876,4,1,3,1,NA
2060,"university of minnesota at twin-cities, minneapolis, mn",66,0,1,61,92,1258,4,1,1,1,NA
2061,"university of minnesota, minneapolis, mn",149,0,9,95,118,1258,1,1,1,1,8823
2062,"university of minnesota, minneapolis, mn, usa",66,0,8,33,38,1258,4,1,1,1,NA
2063,"university of modena, italy",174,0,7,90,96,857,5,1,1,1,NA
2064,"university of mons-hainaut, mons, belgium",149,0,3,95,118,1257,7,1,2,1,NA
2065,university of munchen,149,0,2,95,118,868,4,1,1,1,2038
2066,university of munich,92,0,6,44,115,891,4,1,2,1,NA
2067,"university of munich, germany",92,0,5,44,115,867,1,1,3,1,NA
2068,"university of munich, institute for computer science",109,0,2,44,70,800,4,1,2,1,NA
2069,"university of munich, institute for computer science, munich, germany",92,0,5,44,115,800,4,1,3,1,NA
2070,"university of munich, munich, germany",92,0,6,44,115,826,4,1,2,1,NA
2071,"university of münster, münster, germany",92,0,1,44,49,645,4,1,3,1,2091
2072,"university of nantes - lina, nantes, france",67,0,3,35,40,646,4,1,2,1,NA
2073,"university of nantes, france",67,0,3,35,40,859,10,1,6,1,NA
2074,university of new south wales,53,0,3,73,78,828,9,1,6,1,NA
2075,"university of new south wales, australia",83,0,6,73,78,828,4,1,4,1,1027
2076,"university of new south wales, sydney, australia",83,0,3,73,78,828,4,1,6,1,NA
2077,"university of new south wales, sydney, nsw, australia",83,0,2,73,78,828,4,1,6,1,NA
2078,university of north carolina at chapel hill,66,0,11,41,92,1259,10,1,6,1,NA
2079,"university of north carolina at chapel hill, chapel hill, nc",66,0,9,41,22,1259,9,1,6,1,NA
2080,"university of north carolina at chapel hill, chapel hill, nc, usa",66,0,11,41,38,1259,9,1,1,1,NA
2081,"university of north carolina, greensboro",149,0,2,22,118,647,4,1,1,1,NA
2082,"university of nsw, sydney, australia",83,0,8,73,79,894,4,1,6,1,NA
2083,university of oklahoma,149,0,11,95,118,882,4,1,1,1,NA
2084,"university of ottawa, ottawa, canada",71,0,3,79,85,801,5,1,6,1,NA
2085,"university of ottawa, ottawa, ontario, canada",71,0,3,79,85,801,10,1,6,1,NA
2086,university of oxford,88,0,3,116,125,842,10,1,6,1,NA
2087,"university of oxford, oxford, united kingdom",88,0,3,116,125,648,10,1,6,1,772
2088,university of paris 6,67,0,3,35,40,841,10,1,6,1,8387
2089,"university of paris 6, france",67,0,11,35,40,895,4,1,2,1,NA
2090,university of passau,149,0,11,95,49,836,4,1,1,1,NA
2091,"university of patras, rio, greece",58,0,11,6,6,895,4,1,2,1,2093
2092,university of pennsylvania,129,0,12,51,57,864,4,1,1,1,NA
2093,"university of pennsylvania, philadelphia",129,0,11,51,57,896,4,1,1,1,2091
2094,"university of pennsylvania, philadelphia, pa",129,0,11,51,57,896,4,1,1,1,NA
2095,"university of pennsylvania, philadelphia, pa, usa",129,0,11,51,57,896,4,1,3,1,8148
2096,"university of pennsylvania, philadelphia, pennsylvania, pa",129,0,11,51,57,896,4,1,3,1,NA
2097,"university of pennsylvania, philadelphia, usa",129,0,11,51,57,896,4,1,3,1,6256
2098,"university of pittsburgh, pittsburgh, pa",55,0,8,8,8,897,4,1,2,1,NA
2099,"university of pittsburgh, pittsburgh, pa, usa",55,0,8,8,8,897,4,1,2,1,NA
2100,"university of queensland, australia",83,0,8,73,79,898,4,1,6,1,NA
2101,"university of queensland, brisbane, australia",11,0,8,73,79,898,4,1,3,1,1962
2102,university of roma tre,153,0,11,75,81,829,5,1,1,1,NA
2103,"university of roma, roma, italy",153,0,11,75,81,863,4,1,1,1,NA
2104,"university of saarland, saarbruecken, germany",92,0,11,44,49,649,4,1,6,1,NA
2105,university of south australia,83,0,11,73,79,899,4,1,2,1,NA
2106,"university of south australia, adelaide, australia",83,0,8,73,79,899,4,1,2,1,NA
2107,"university of south australia, adelaide, sa, australia",83,0,8,73,79,899,4,1,3,1,NA
2108,university of south florida,171,0,8,43,48,842,11,1,2,1,NA
2109,"university of southern california, los angeles, ca",36,0,8,66,69,1260,10,1,6,1,NA
2110,"university of southern california, los angeles, ca, usa",36,0,3,66,69,1260,5,1,6,1,NA
2111,"university of southern california, los angeles, california",36,0,3,66,69,1260,10,1,6,1,NA
2112,"university of southern california, los angeles, usa",36,0,4,66,69,1260,10,1,2,1,NA
2113,"university of southern california, marina del rey, ca, usa",96,0,4,66,114,1260,10,1,2,1,NA
2114,"university of southern, california, los angeles, ca",36,0,4,66,69,1261,10,1,2,1,NA
2115,"university of stuttgart, department of computer science, electrical engineering and information technology, stuttgart, germany",34,0,2,67,70,650,4,1,2,1,NA
2116,"university of stuttgart, institute of parallel and distributed systems, stuttgart, germany",109,0,6,67,70,802,7,1,2,1,8417
2117,"university of stuttgart, stuttgart, germany",92,0,6,44,49,651,4,1,2,1,NA
2118,university of sydney,53,0,8,73,79,868,4,1,3,1,NA
2119,"university of sydney, australia",83,0,8,73,79,894,4,1,1,1,NA
2120,"university of sydney, nsw, australia",83,0,11,73,79,894,4,1,3,1,NA
2121,"university of sydney, university of sydney, nsw 2006, australia",11,0,8,73,79,652,4,1,1,1,NA
2122,university of texas,173,0,2,84,92,865,4,1,2,1,NA
2123,university of texas at arlington,119,0,8,84,92,900,5,1,3,1,7877
2124,"university of texas at arlington, arlington, tx",119,0,8,84,92,900,5,1,6,1,NA
2125,"university of texas at arlington, arlington, tx, usa",119,0,8,84,92,900,4,1,6,1,NA
2126,university of texas at austin,119,0,7,84,92,901,4,1,1,1,NA
2127,"university of texas at austin, austin, tx",119,0,8,84,92,902,4,1,6,1,6664
2128,"university of texas at dallas, dallas, usa",173,0,8,84,92,903,4,1,6,1,6667
2129,"university of texas at dallas, richardson, tx",173,0,5,84,92,903,4,1,3,1,NA
2130,university of texas at san antonio,173,0,8,84,92,902,4,1,2,1,NA
2131,"university of texas at san antonio, san antonio, tx",173,0,2,84,92,902,4,1,1,1,1261
2132,"university of texas austin, austin, tx",119,0,8,84,92,901,4,1,6,1,NA
2133,"university of texas-austin, austin, tx",119,0,9,84,92,901,5,1,6,1,NA
2134,"university of texas, arlington, usa",119,0,3,84,92,904,4,1,1,1,8142
2135,university of the saarland,121,0,2,68,71,905,5,1,1,1,NA
2136,"university of the saarland, d-66041 saarbrücken, germany",92,0,9,44,49,832,5,1,1,1,NA
2137,"university of the saarland, department of computer science, p.o.box 151150, 66041 saarbruecken, germany; e-mail: {shegalov,gillmann,weikum}@cs.uni-sb.de; http://www-dbs.cs.uni-sb.de",66,0,9,67,70,653,4,1,1,1,NA
2138,"university of the saarland, department of computer science, saarbruecken, germany",34,0,9,67,70,654,5,1,1,1,2131
2139,"university of the saarland, germany",92,0,7,44,49,905,5,1,3,1,NA
2140,"university of tokyo, tokyo, japan",109,0,9,15,118,655,5,1,1,1,5198
2141,"university of torino, torino, italy",89,0,9,9,86,830,4,1,2,1,NA
2142,university of toronto,106,0,12,87,94,906,5,1,6,1,7021
2143,"university of toronto, canada",106,0,12,87,94,907,5,1,1,1,NA
2144,"university of toronto, department of computer science",170,0,12,61,94,656,5,1,6,1,NA
2145,"university of toronto, ont, canada",106,0,12,87,94,906,5,1,1,1,NA
2146,"university of toronto, toronto on, canada",106,0,1,87,94,908,5,1,1,1,NA
2147,"university of toronto, toronto, canada",106,0,1,87,94,906,5,1,1,1,NA
2148,"university of toronto, toronto, on",106,0,5,87,94,906,5,1,1,1,NA
2149,"university of toronto, toronto, on canada",106,0,8,87,94,908,5,1,1,1,8748
2150,"university of toronto, toronto, on, canada",106,0,7,87,94,908,5,1,1,1,NA
2151,"university of toronto, toronto, ont., canada",106,0,9,87,94,908,5,1,1,1,NA
2152,"university of toronto, toronto, ontario",106,0,12,87,94,906,5,1,1,1,NA
2153,"university of toronto, toronto, ontario, canada",106,0,1,87,94,908,5,1,1,1,NA
2154,university of trento,149,0,3,95,118,909,4,1,2,1,1314
2155,"university of trento, dit, italy",174,0,2,90,96,857,4,1,1,1,NA
2156,"university of trento, trento, italy",174,0,1,90,96,863,4,1,3,1,2157
2157,university of tübingen,149,0,11,95,118,909,4,1,2,1,2156
2158,"university of twente, enschede, netherlands",121,0,7,34,71,1262,4,1,1,1,NA
2159,"university of twente, enschede, the netherlands",121,0,7,34,71,1262,4,1,6,1,NA
2160,"university of twente, faculty of eemcs, ae enschede, the netherlands",121,0,2,34,71,657,4,1,3,1,NA
2161,"university of twente, the netherlands",121,0,1,34,71,1262,4,1,1,1,7984
2162,university of utah,149,0,11,95,118,841,4,1,1,1,NA
2163,"university of utah salt lake city, ut",66,0,7,95,118,803,4,1,2,1,NA
2164,"university of utah, salt lake city, ut, usa",66,0,7,33,38,803,13,1,3,1,NA
2165,university of vermont,149,0,11,95,118,909,4,1,1,1,NA
2166,"university of vermont, burlington vt",149,0,11,95,118,910,4,1,2,1,NA
2167,"university of vermont, burlington, vt, usa",149,0,7,33,38,910,4,1,1,1,543
2168,"university of versailles, prism laboratory, versailles, france; e-mail: {philippe.pucheral;luc.bouganim;christophe.bobineau}@prism.uvsq.fr",66,0,7,35,40,658,3,1,2,1,NA
2169,university of washington,84,0,1,10,11,911,3,1,1,1,NA
2170,"university of washington, department of computer science and engineering, box 352350 seattle, wa 98195, usa e-mail: {rap,alon}@cs.washington.edu",34,0,1,10,11,659,3,1,1,1,NA
2171,"university of washington, seattle",84,0,1,10,11,840,4,1,1,1,NA
2172,"university of washington, seattle, usa",84,0,1,10,11,904,4,1,1,1,NA
2173,"university of washington, seattle, wa",84,0,7,10,11,911,4,1,1,1,NA
2174,"university of washington, seattle, wa 98195, usa; e-mail: alon&commat;cs.washington.edu",84,0,7,10,11,804,4,1,1,1,NA
2175,"university of washington, seattle, wa 98195, usa; e-mail: suciu&commat;cs.washington.edu",84,0,6,10,11,804,4,1,6,1,NA
2176,"university of washington, seattle, wa, usa",84,0,7,10,11,911,5,1,1,1,7922
2177,university of waterloo,51,0,3,79,85,842,4,1,1,1,NA
2178,"university of waterloo, canada",71,0,9,79,85,907,5,1,1,1,NA
2179,"university of waterloo, ontario, canada",71,0,7,79,85,912,5,1,6,1,7893
2180,"university of waterloo, waterloo, canada",71,0,6,79,85,912,4,1,6,1,5136
2181,"university of waterloo, waterloo, on, canada",71,0,5,79,85,912,4,1,6,1,NA
2182,"university of waterloo, waterloo, ontario, canada",71,0,2,79,85,912,5,1,1,1,NA
2183,"university of wisconsi, madison, wi",142,0,5,71,75,913,4,1,2,1,723
2184,university of wisconsin,142,0,6,71,75,913,4,1,1,1,NA
2185,university of wisconsin - madison,72,0,7,71,75,913,4,1,1,1,NA
2186,"university of wisconsin - madison, madison, wi",72,0,7,71,75,914,4,1,6,1,NA
2187,university of wisconsin -- madison,72,0,5,71,75,913,2,1,6,1,NA
2188,university of wisconsin at madison,142,0,5,71,75,913,2,1,6,1,8106
2189,"university of wisconsin at madison, madison, wi",72,0,5,71,75,914,2,1,6,1,NA
2190,university of wisconsin-madison,72,0,5,71,75,913,4,1,6,1,NA
2191,"university of wisconsin-madison, department of computer sciences, madison, wi",142,0,11,71,75,1038,4,1,2,1,NA
2192,"university of wisconsin-madison, madison, wi",72,0,5,71,75,913,4,1,6,1,NA
2193,"university of wisconsin-madison, madison, wi, usa",72,0,9,71,75,914,5,1,2,1,NA
2194,"university of wisconsin, madison",72,0,5,71,75,913,4,1,1,1,NA
2195,"university of wisconsin, madison, madison, wi",72,0,5,71,75,914,4,1,2,1,NA
2196,"university of wisconsin, madison, wi",142,0,5,71,75,913,4,1,6,1,NA
2197,"university of wisconsin, madison, wi, usa",142,0,10,71,75,913,8,1,6,1,NA
2198,university of zurich,80,0,10,4,4,841,8,1,6,1,NA
2199,"university of zurich, zurich, switzerland",80,0,7,4,4,805,4,1,3,1,NA
2200,"university of zürich, zürich, unk, switzerland",66,0,3,85,4,805,9,1,1,1,NA
2201,"university paris 6, lip6 laboratory, paris, france; e-mail: patrick.valduriez@lip6.fr",67,0,11,35,40,660,4,1,6,1,NA
2202,"usc information sciences institute, marina del rey, ca",109,0,6,108,54,661,4,1,2,1,NA
2203,"usc, los angeles, ca, usa",96,0,3,66,69,1253,4,1,6,1,9458
2204,uw madison,72,0,11,71,75,806,4,1,2,1,NA
2205,uw-madison,72,0,11,71,75,806,4,1,3,1,8125
2206,uwash,14,0,7,46,32,662,4,1,1,1,NA
2207,uwisc,66,0,2,98,51,663,5,1,2,1,NA
2208,verity inc,62,0,9,5,5,664,5,1,1,1,NA
2209,"verity inc., sunnyvale",62,0,8,5,5,665,4,1,2,1,NA
2210,"verizon communication, 40 sylvan road, waltham, ma",66,0,8,24,30,666,4,1,3,1,NA
2211,virginia,74,0,9,69,72,807,4,1,1,1,NA
2212,virginia tech,74,0,9,69,72,807,1,1,1,1,NA
2213,"westfälische wilhelms-universität mänster, 48149 mänster, germany",92,0,7,104,109,667,4,1,1,1,NA
2214,"wichita state university, wichita, ks",168,0,2,88,14,808,4,1,2,1,NA
2215,"wichita state university, wichita, ks, usa",168,0,4,88,14,808,4,1,2,1,NA
2216,wisc.edu,24,0,9,46,32,668,4,1,2,1,NA
2217,worcester polytechnic institut,10,0,3,42,47,1263,4,1,2,1,NA
2218,worcester polytechnic institute,10,0,7,42,47,1263,4,1,1,1,9756
2219,"worcester polytechnic institute, worcester, ma",10,0,7,42,47,1263,4,1,1,1,NA
2220,"worcester polytechnic institute, worcester, ma, usa",10,0,2,42,47,1263,1,1,1,1,NA
2221,wpi,66,0,8,98,51,669,4,1,2,1,2095
2222,wright state university,168,0,5,88,14,809,5,1,2,1,475
2223,"wright state university, dayton, ohio",168,0,3,88,14,809,4,1,2,1,7987
2224,"xerox research center europe, grenoble laboratory. 6, chemin de maupertuis, 38240 meylan, france; e-mail: chidlovskii@xrce.xerox.com",66,0,3,35,40,670,3,1,6,1,7082
2225,"xerox research centre, france",67,0,3,35,40,671,10,1,6,1,NA
2226,xyleme,45,0,8,119,129,672,10,1,2,1,8992
2227,"xyleme s.a., 6 rue émile verhaeren, 92210 st.cloud, france",66,0,3,119,129,673,10,1,6,1,NA
2228,"yahoo! inc, santa clara, ca",47,0,8,120,130,674,11,1,1,1,268
2229,"yahoo! inc., sunnyvale, ca",1,0,8,120,130,810,11,1,2,1,NA
2230,"yahoo! inc., sunnyvale, usa 94089",1,0,8,120,130,810,11,1,2,1,NA
2231,yahoo! labs,1,0,8,120,130,675,11,1,2,1,7794
2232,"yahoo! labs, bangalore, india",143,0,8,106,24,1264,11,1,2,1,NA
2233,yahoo! research,1,0,8,120,130,1265,11,1,2,1,7785
2234,"yahoo! research, bangalore, india",143,0,8,106,24,1264,11,1,2,1,NA
2235,"yahoo! research, berkeley, ca",1,0,8,120,130,1266,11,1,2,1,NA
2236,"yahoo! research, ca",1,0,8,120,130,1265,11,1,2,1,1810
2237,"yahoo! research, new york, ny, usa",54,0,3,53,59,811,10,1,6,1,NA
2238,"yahoo! research, new york, usa 10018",54,0,3,53,59,811,10,1,6,1,NA
2239,"yahoo! research, santa clara, ca",47,0,8,120,130,1267,11,1,2,1,NA
2240,"yahoo! research, santa clara, ca, usa",47,0,8,120,130,1267,11,1,2,1,4046
2241,"yahoo! research, santa clara, usa 95054",47,0,8,120,130,1267,11,1,2,1,NA
2242,"yahoo! research, sunnyvale, ca",1,0,12,120,130,1268,11,1,2,1,NA
2243,"yahoo! research, sunnyvale, usa",1,0,8,120,130,1268,11,1,2,1,NA
2244,"yahoo!, bangalore, india",143,0,8,106,24,676,4,1,2,1,NA
2245,"yahoo!, inc.",1,0,8,120,130,677,11,1,2,1,NA
2246,"yahoo!, sunnyvale, ca",1,0,8,120,130,812,11,1,2,1,3
2247,"yahoo!, sunnyvale, ca, usa",1,0,8,120,130,812,11,1,2,1,NA
2248,yahoo&excl; research,1,0,8,120,130,813,11,1,2,1,NA
2249,"yahoo&excl; research, sunnyvale, ca",1,0,8,120,130,813,11,1,2,1,7591
2250,yale university,149,0,9,22,27,678,4,1,1,1,NA
2251,"yale university, new haven, ct",54,0,8,53,59,1269,11,1,2,1,NA
2252,"yale university, new haven, ct, usa",54,0,8,53,59,1269,4,1,1,1,NA
2253,"yale university, new haven, usa",54,0,11,53,59,1269,5,1,2,1,NA
2254,york university,113,0,11,53,59,821,4,1,1,1,NA
2255,"york university, 4700 keele street, toronto, ontario m3j 1p3, canada",170,0,7,87,94,679,4,1,1,1,6562
2256,"york university, canada",113,0,10,87,59,915,8,1,2,1,8255
2257,"york university, toronto on, canada",106,0,8,87,94,915,11,1,6,1,NA
2258,"york university, toronto, on, canada",106,0,8,87,94,915,11,1,2,1,NA
2259,"zhejiang university, china, china",99,0,8,38,44,814,4,1,2,1,6256
2260,"zhejiang university, hangzhou, china",2,0,8,38,44,814,4,1,3,1,NA
