id,text_for_matching,pred_kmeans,pred_mst_or_sn,pred_louvain,pred_hclust,pred_pam,pred_gc,pred_comm_walktrap,pred_comm_infomap,pred_comm_fast_greedy,pred_comm_label_prop,cluster_id
1,"inganas and m.r m. ahlskog, j. paloheimo, h. stubb, p. dyreklev, m. fahlman, o 1994",89,0,1,1,1,1,7,1,3,1,1
2,"m. ahlskog, j. paloheimo, h. stubb, p. dyreklev, m. fahlman, o. inganas and m.r. andersson 1994",89,0,2,1,1,99,10,2,1,1,1
3,"m. ahlskog, j. paloheimo, h. stubb, p. dyreklev, m. fahlman, o. inganas and m.r. andersson 1994",89,0,3,1,1,99,7,3,3,1,1
4,"m. ahlskog, j. paloheimo, h. stubb, p. dyreklev, m. fahlman, o. inganas and m.r. andersson 1994",89,0,3,1,1,99,7,3,3,1,1
5,"m. ahlskog, j. paloheimo, h. stubb, p. dyreklev, m. fahlman, o. inganas and m.r. andersson 1994",89,0,4,1,1,99,7,3,1,1,1
6,"m. ahlskog, j. paloheimo, h. stubb, p. dyreklev, m. fahlman, o. inganas and m.r. andersson 1994",89,0,4,1,1,99,7,4,3,1,1
7,"m. ahlskog, j. paloheimo, h. stubb, p. dyreklev, m. fahlman, o. inganas and m.r. andersson 1994",89,0,4,1,1,99,7,4,3,1,1
8,"m. ahlskog, j. paloheimo, h. stubb, p. dyreklev, m. fahlman, o. inganas and m.r. andersson 1994",89,0,1,1,1,99,19,5,1,1,1
9,robots and manufacturing automation c. ray asfahl new york 1992,3,0,1,2,2,2,19,5,1,1,NA
10,a spatial model of interaction in large virtual environments steve benford and lennart e. fahlen milan september 1993,71,0,1,3,3,3,19,5,1,1,NA
11,"viewpoints, actionpoints and spatial frames for collaborative user interfaces benford, s., and fahln, l stockholm june 1994",61,0,1,3,3,4,10,6,1,1,NA
12,"user embodiment in collaborative virtual environments benford, s., bowers, j., fahln, l., greenhalgh, c., and snowdon, d. denver, colorado, usa may 7-11, 1995",71,0,1,3,3,100,12,6,1,1,2
13,"user embodiment in collaborative virtual environments benford, s., bowers, j., fahlen, l.e., greenhalgh, c., snowdon, d 1995",71,0,1,3,3,100,12,6,1,1,2
14,"user embodiment in collaborativevirtual environments benford, s., bowers, j., fahlen, l.e., greenhalgh, c., snowdon, d",71,0,2,3,3,100,7,2,1,1,2
15,"networked virtual realitty and cooperative work steve benford, john bowers, lennart fahlen, chris greenhalg, john mariani, and tom rodden 1995",61,0,2,3,3,5,10,2,1,1,NA
16,"actress: an action semantics directed compiler generator brown, d. f., moura, h. &amp; watt, d. a paderborn, germany 1992b",15,0,2,4,4,101,10,2,2,1,3
17,"actress: an action semantics directed compiler generator brown, d. f., moura, h. &amp; watt, d. a paderborn, germany 1992b",15,0,2,4,4,101,10,2,1,1,3
18,"an action semantics directed compiler generator d. f. brown, h. moura, and d. a. watt. actress paderborn, frg october 1992",15,0,2,4,2,101,10,2,1,1,3
19,"provably correct compiler development and implementation b. buth, k.-h. buth, m. franzle, b. v. karger, y. lakhneche, h. langmaack, and m. muller-olm 1992",61,0,2,4,1,76,10,2,1,1,4
20,provably correct compiler implementation b. buth et. al. 1992,74,0,2,4,2,102,10,2,1,1,4
21,provably correct compiler implementation b. buth et. al. 1992,74,0,2,4,2,102,10,2,1,1,4
22,provably correct compiler implementation b. buth et. al. 1992,74,0,2,4,2,102,10,2,1,1,4
23,"provably correct compiler development and implementation bettina buth, karl-heinz buth, martin franzle, burghard von karger, yassine lakhneche, hans langmaack, and markus muller-olm 1992",61,0,2,4,5,76,10,2,1,1,4
24,"integrated cscw tools within a shared 3d virtual environment. hypertext: an introduction and survey carlson, c.; l.e.fahln. conklin, j ny 1993",61,0,2,3,3,6,10,2,2,1,NA
25,"a representation for the adaptive generation of simple sequential programs cramer, n. l hillsdale, nj 1985",35,0,3,2,6,7,10,2,2,1,NA
26,"ig-tree: a variant of ibl. submitted. available from request to antal@cs.rulimburg.nl fahlman, (1990). the cascade-correlation learning architecture daelemans, w., van den bosch, a., and weijters, t pittsburgh, pa 1995",61,0,2,5,7,8,7,7,1,1,NA
27,an investigation of niche and species formation in genetic function op-timization,51,0,2,2,8,103,10,2,1,1,5
28,an investigation of niche and species formation in geneticfunction optimization 1989,51,0,3,2,9,103,10,8,1,1,5
29,an investigation of niche and species formation in geneticfunction optimization 1989,51,0,3,2,9,103,7,1,5,1,5
30,"maximum likelihood from incomplete data via the em algorithm dempster, a., laird, n., and rubin, d 1977",61,0,5,6,10,77,7,8,4,1,6
31,"maximum likelihood from incomplete data via the em algorithm dempster, a., laird, n., and rubin, d 1977",61,0,4,6,10,77,7,9,3,1,6
32,fahle <date>(1997a)</date> limited translation invari-ance of human visual pattern recognition m. dill and m 1997a,40,0,4,7,11,104,7,9,3,1,7
33,fahle <date>(1997a)</date> limited translation invari-ance of human visual pattern recognition m. dill and m 1997a,40,0,1,7,11,104,17,10,2,1,7
34,fahle<date> (1997b)</date> the role of visual field position in pattern-discrimination learning m. dill and m 1997b,40,0,1,7,11,104,17,10,3,1,8
35,fahle <date>(1997b)</date> the role of visual field position in pattern-discrimination learning m. dill and m 1997b,40,0,1,7,11,104,17,10,1,1,8
36,"bond rating: a non-conservative application of neural networks dutta, s. and shekhar, s 1988",61,0,5,8,12,9,7,11,4,1,NA
37,visual hyperacuity: spatiotemporal interpolation in human vision m. fahle and t. poggio 1981,23,0,5,9,11,10,7,11,4,1,NA
38,"(1991) parallel perception of vernier offsets, curvature, and chevrons in humans fahle, m",40,0,6,7,13,11,16,12,4,1,NA
39,"learning in hyperacuity: influence of stimulus range and of feedback fahle, m. w. and edelman, s 1992",61,0,6,9,11,12,16,12,4,1,NA
40,"long-term learning in vernier acuity: effects of stimulus orientation, range and of feedback m fahle and s edelman 1993",40,0,3,7,11,105,7,3,3,1,9
41,"long-term learning in vernier acuity: effects of stimulus orientation, range and of feedback fahle, m. &amp; edelman, s 1993",40,0,3,7,11,105,7,3,3,1,9
42,"<date> (1993)</date> long-term learning in vernier acuity: effects of stimulus orientation, range and of feedback fahle, m. &amp; edelman, s 1993",40,0,1,7,11,106,7,3,3,1,9
43,"fast perceptual learning in hyperacuity fahle, m., edelman, s., and poggio, t 1995",23,0,1,9,11,107,7,3,1,1,10
44,"fast perceptual learning in hyperacuity fahle, m., edelman, s., and poggio, t 1995",23,0,3,9,11,107,7,3,3,1,10
45,"fast perceptual learning in hyperacuity fahle, m., edelman, s., and poggio, t 1995",23,0,2,9,11,107,7,3,2,1,10
46,"<date>(1995)</date> fast perceptual learning in hyperacuity fahle, m., edelman, s., &amp; poggio, t 1995",23,0,3,9,11,13,7,3,3,1,10
47,"specificity of learning curvature, orientation, and vernier discriminations fahle, m 1997",40,0,3,7,11,14,7,3,3,1,11
48,"<date> (1997) </date>specificity of learning curvature, orientation, and vernier discriminations fahle, m 1997",40,0,2,7,11,15,7,3,3,1,11
49,"a space based model for user interaction in shared synthetic environments lennart e. fahlen, charles grant brown, olov stahl, and christer carlsson april 1993",71,0,5,3,3,109,7,13,2,1,12
50,"a space based model for user interaction in shared synthetic environments lennart e. fahlen, charles grant brown, olov stahl, and christer carlsson april 1993",71,0,2,3,3,109,7,1,2,1,12
51,"a space based model for user interaction in shared synthetic environments lennart e. fahlen, charles grant brown, olov stahl, and christer carlsson april 1993",71,0,1,3,3,109,7,1,2,1,12
52,"a space based model for user interaction in shared synthetic environments lennart e. fahlen, charles grant brown, olov stahl, and christer carlsson april 1993",71,0,3,3,3,109,10,2,1,1,12
53,"a space based model for user interaction in shared synthetic environments lennart e. fahlen, charles grant brown, olov stahl, and christer carlsson april 1993",71,0,7,3,3,109,7,14,4,1,12
54,"&quot;a planning system for robot construction tasks,&quot s. fahlman 1974",5,0,7,10,14,110,3,15,4,1,13
55,"&quot;a planning system for robot construction tasks,&quot s. fahlman 1974",5,0,4,10,14,110,7,16,3,1,13
56,a planning system for robot construction tasks scott elliott fahlman 1974,5,0,4,10,14,111,7,11,4,1,13
57,a planning system for robot construction tasks scott elliott fahlman 1974,5,0,3,10,14,111,7,17,4,1,13
58,"a planning system for robot construction tasks fahlman, s. e 1974",5,0,2,10,14,110,3,18,2,1,13
59,"a planning system for robot construction tasks fahlman, s.e 1974",5,0,5,10,14,110,7,11,2,1,13
60,a planning system for robot construction tasks s. e. fahlman 1974,5,0,3,10,14,111,7,3,1,1,13
61,a planning system for robot construction tasks s. e. fahlman 1974,5,0,3,10,14,111,7,3,1,1,13
62,a planning system for robot construction tasks s.e. fahlman 1974,5,0,4,10,14,110,7,3,3,1,13
63,a planning system for robot construction tasks s fahlman 1974,5,0,3,10,14,110,7,3,1,1,13
64,a planning system for robot construction tasks s. f. fahlman 1974,5,0,1,10,14,110,7,3,4,1,13
65,a planning system for robot construction tasks s. e. fahlman 1974,5,0,1,10,14,111,7,3,1,1,13
66,a planning system for robot construction tasks scott elliott fahlman 1974,5,0,1,10,14,111,7,3,1,1,13
67,"netl: a system for representing and using real world knowledge fahlman, s. e. 1979",83,0,4,11,15,112,7,3,3,1,14
68,netl: a system for representing and using real world knowledge s. e. fahlman cambridge ma 1979,68,0,4,11,15,113,7,4,3,1,14
69,"netl: a system for representing and using real world knowledge fahlman, s 1979",83,0,4,11,15,114,7,4,1,1,14
70,"netl: a system for representing and using real world knowledge fahlman, s. e cambridge ma 1979",68,0,4,11,15,113,7,4,4,1,14
71,"netl: a system for representing and using real world knowledge fahlman, s. e cambridge, ma 1979",68,0,4,11,15,113,7,4,4,1,14
72,"netl: a system for representing and using real-world knowledge fahlman, s. e 1979",83,0,4,11,15,114,7,4,4,1,14
73,"netl: a system for representing and using real-world knowledge fahlman, s. e cambridge, ma 1979",68,0,4,11,15,113,7,4,3,1,14
74,"netl: a system for representing and using real-world knowledge fahlman, s. e cambridge, ma 1979",68,0,4,11,15,113,7,4,4,1,14
75,"netl: a system for representing and using real world knowledge fahlman, s. e. 1979",83,0,4,11,15,112,7,4,3,1,14
76,"netl: a system for representing and using real world knowledge fahlman, s. e. 1979",83,0,4,11,15,112,7,4,1,1,14
77,"netl: a system for representing and using real world knowledge fahlman, s. e. 1979",83,0,4,11,15,112,7,4,1,1,14
78,"netl: a system for representing and using real world knowledge,cam-bridge fahlman, s. e. 1979",83,0,4,11,15,113,7,4,4,1,14
79,"netl: a system for representing and using real world knowledge fahlman, s. e. 1979",83,0,4,11,15,112,7,19,3,1,14
80,"netl: a system for representing and using real-world knowledge fahlman, s.e cambridge, ma 1979",68,0,4,11,15,113,15,19,4,1,14
81,"netl: a system for representing and using real-world knowledge scott e. fahlman cambridge, ma 1979",68,0,4,11,15,113,7,19,4,1,14
82,"netl : a system for representing and using real-world knowledge s. e. fahlman cambridge, mass. 1979",68,0,4,11,15,113,7,4,3,1,14
83,netl: a system for representing real-world knowledge s.e. fahlman,83,0,5,11,15,114,9,20,3,1,14
84,"a system for representing and using real-world knowledge scott e. fahlman cambridge, ma 1979",68,0,4,11,15,113,7,4,3,1,14
85,"a system for representing and using real-world knowledge scott e. fahlman cambridge, ma 1979",68,0,4,11,15,113,7,4,1,1,14
86,"netl: a system for representing and using real-world knowledge scott e. fahlman cambridge, ma 1979",68,0,4,11,15,113,7,4,3,1,14
87,"netl: a system for representing and using real-world knowledge s. fahlman cambridge, massachusetts 1979",68,0,4,11,15,113,7,4,4,1,14
88,netl: a system for representing real world knowledge scott e. fahlman 1979,83,0,6,11,15,114,3,21,4,1,14
89,"netl: a system for representing and using real-world knowledge scott e. fahlman cambridge, ma 1979",68,0,4,11,15,113,3,21,4,1,14
90,"netl: a system for representing and using real-world knowledge s. fahlman cambridge, mas-sachusetts 1979",68,0,4,11,15,113,7,4,3,1,14
91,"netl, a system for representing and using real-world knowledge scott e fahlman 1979",83,0,4,11,15,114,6,4,2,1,14
92,"&quot;netl: a system for representing and using real world knowledge&quot; fahlman, s.e. cambridge, ma 1979",68,0,3,11,15,112,20,22,3,1,14
93,netl: a system for representing and using real-world knowledge s. fahlman massachusetts 1979,83,0,3,11,15,114,20,22,3,1,14
94,"netl: a system for representing and using real-world knowledge s. e. fahlman cambridge, ma 1977",68,0,3,11,15,113,20,22,1,1,14
95,"netl: a system for representing and using real world knowledge s.e. fahlman cambridge, ma 1979",68,0,4,11,15,113,7,4,3,1,14
96,"netl: a system for representing and using real-world knowledge s.e. fahlman cambridge, ma, u.s.a. 1979",68,0,4,11,15,113,7,4,3,1,14
97,"netl: a system for representing and using real world knowledge s. fahlman cambridge, ma 1979",68,0,4,11,15,113,7,4,4,1,14
98,"netl: a system for representing and using real-world knowledge s. fahlman cambridge, massachusetts 1979",68,0,4,11,15,113,7,4,4,1,14
99,netl: a system for representing and using real-world knowledge scott e. fahlman 1979,83,0,4,11,15,114,7,4,2,1,14
100,design sketch for a million-element netl machine scott e. fahlman august 1980,61,0,3,12,15,16,7,23,2,1,NA
101,"&quot;representing implicit knowledge.&quot fahlman, s hillsdale, nj 1981",65,0,4,13,16,17,7,6,2,1,NA
102,"cancellation in a parallel semantic network fahlman s, touretzky d and van roggen w menlo park",61,0,2,8,13,18,7,4,2,1,NA
103,extended abstract scott e. fahlman 1985,90,0,2,2,17,19,6,24,2,1,NA
104,"connectionist architectures for artificial intelligence fahlman, s. &amp; hinton, g 1987",24,0,2,12,18,115,6,24,2,1,15
105,connectionist architectures for artificial intelligence scott e fahlman and geoffrey e hinton january 1987,24,0,6,12,12,115,6,24,2,1,15
106,"connectionist architectures for artificial intelligence fahlman, s. and hinton, g 1987",24,0,2,12,18,115,6,24,2,1,15
107,"&quot;faster-learning variations on back-propagation: an empirical study,&quot s. e. fahlman san mateo, ca 1989",2,0,1,14,19,116,19,5,1,1,16
108,"faster-learning variations on backpropagation: an empirical study fahlman, s san mateo, ca 1988",13,0,1,14,19,117,19,5,2,1,16
109,"faster-learning variations on back-propagation fahlman, s. e 1988",2,0,1,14,19,118,19,5,1,1,16
110,"faster-learning variations on back-propagation: an empirical study fahlman, s. e san mateo, california 1989",2,0,1,14,19,117,19,5,1,1,16
111,"faster learning variations on backpropagation: an empirical study fahlman, s.e san mateo, ca 1988",13,0,1,14,19,119,19,5,1,1,16
112,"`fast-learning variations on back-propagation: an empirical study&apos; fahlman, s.e san mateo, ca 1989",45,0,1,14,19,120,19,5,1,1,16
113,"fast-learning variations on backpropagation: an empirical study fahlman, s.e 1988",13,0,1,14,19,120,19,5,1,1,16
114,"fast-learning variations on back-propagation: an empirical study fahlman, s.e pittsburgh, pa,, san mateo 1989",45,0,1,14,19,120,19,5,1,1,16
115,"fast-learning variations on back-propagation: an empirical study fahlman, s.e pittsburgh, pa,, san mateo 1989",45,0,1,14,19,120,19,5,1,1,16
116,"fast-learning variations on back-propagation: an empirical study fahlman, s.e pittsburgh, pa 1989",45,0,1,14,19,120,3,5,1,1,16
117,"fast-learning variations on back-propagation: an empirical study fahlman, s.e pittsburgh, pa 1989",45,0,1,14,19,120,3,5,2,1,16
118,"faster learning variations on back-propagation: an empirical study s. fahlman pittsburgh, pa 1988",2,0,1,14,19,118,19,5,1,1,16
119,"fast-learning variations on back-propagation: an empirical study s.e. fahlman san mateo, 1989",45,0,1,14,19,120,19,5,1,1,16
120,faster-learning variations on back-propagation: an empirical study s. e. fahlman 1988,2,0,1,14,19,117,19,5,1,1,16
121,faster learning variations on back-propagation: an empirical study scott e. fahlman september 1988,2,0,1,14,19,118,19,5,1,1,17
122,"e . faster-learning variations of backpropagation : an empirical study fahlman, s san mateo, ca 1988",13,0,1,14,19,119,19,5,1,1,16
123,"e . faster-learning variations of backpropagation : an empirical study fahlman, s san mateo, ca 1988",13,0,1,14,19,119,19,5,1,1,16
124,"e . faster-learning variations of backpropagation : an empirical study fahlman, s san mateo, ca 1988",13,0,1,14,19,119,6,5,2,1,16
125,"fast-learning variations on back-propagation: an empirical study fahlman, s. e pittsburgh, pa,, san mateo, ca 1989",45,0,1,14,19,120,8,5,1,1,16
126,"(1988) faster-learning variations on back-propagation: an empiri cal study fahlman, s. e san mateo, ca",2,0,1,14,19,119,19,5,1,1,16
127,faster-learning variations on back-propagation: an empirical study s e fahlman 1988,2,0,1,14,19,117,19,5,1,1,16
128,faster-learning variations on backpropagation : an empirical study. in t.j s.e. fahlman 1988,13,0,1,14,19,118,19,5,1,1,16
129,"faster-learning variations of backpropagation : an empirical study fahlman, s. e san mateo, ca 1988",13,0,1,14,19,119,19,3,1,1,16
130,faster-learning variations on backpropagation: an empirical study s. fahlmann 1988,13,0,1,14,19,117,19,5,1,1,16
131,faster-learning variations on backpropagation: an empirical study s. fahlmann 1988,13,0,1,14,19,117,7,5,1,1,16
132,"&quot;faster-learning variations on backpropagation : an empirical study,&quot s.e. fahlman 1988",13,0,4,14,19,116,7,4,4,1,16
133,"&quot;faster-learning variations on back-propagation: an empirical study&quot;. in fahlman, s 1988",2,0,1,14,19,116,19,5,1,1,16
134,faster-learning variations on back-propagation: an empirical study s.e. fahlman 1988,2,0,1,14,19,117,19,5,1,1,16
135,&quot;faster-learning variations on back-propagation: an empirical study&quot; scott e. fahlman,2,0,1,14,19,116,19,5,1,1,16
136,faster-learning variations on backpropagation: an empirical study s. fahlman 1988,13,0,1,14,19,117,19,5,1,1,16
137,faster-learning variations on backpropagation: an empirical study s. fahlman 1988,13,0,1,14,19,117,12,5,1,1,16
138,faster-learning variations on back-propagation: an empirical study s. fahlman 1988,2,0,1,14,19,117,19,5,1,1,16
139,faster-learning variations on back-propagation: an empirical study s. e. fahlman 1988,2,0,1,14,19,117,19,5,1,1,16
140,"faster-learning variations on backpropagation: an empirical study s. e. fahlman san mateo, ca 1988",13,0,1,14,19,117,19,5,1,1,16
141,"fast-learning variations on back-propagation: an empirical study s. e. fahlman san mateo, ca,<date> 1988.</date 1988",2,0,2,14,19,120,10,2,2,1,16
142,fahlman (1988): faster-learning variations on back-propagation: an empirical study s. e,2,0,1,14,19,78,19,5,1,1,16
143,fahlman (1988): faster-learning variations on backpropagation: an empirical study s. e,13,0,1,14,19,78,19,5,1,1,16
144,"fast learning variations on backpropagation: an empirical study fahlman, s.e san mateo 1989",13,0,1,14,19,117,19,5,1,1,16
145,"&quot;faster-learning variations on back propagation: an empirical study,&quot scott fahlman 1988",2,0,1,14,19,116,19,5,1,1,16
146,an empirical study of learning speed in backpropagation networks s.e. fahlman 1988,67,0,1,15,20,121,10,6,1,1,17
147,"an empirical study of learning speed in back-propagation networks scott e. fahlman pittsburgh, pa september 1988",43,0,1,15,20,121,10,2,1,1,17
148,"an empirical study of learning speed in backpropagation networks fahlman s. e pittsburgh, pa 1988",67,0,1,15,20,121,10,2,1,1,17
149,"an empirical study of learning speed in backpropagation networks fahlman, s. e pittsburg, pa 1988",67,0,1,15,20,121,10,6,1,1,17
150,"an empirical study of learning speed in back-propagation networks fahlman, s. e 1988",66,0,1,15,20,121,10,6,1,1,17
151,"an empirical study of learning speed in back-propagation networks fahlman, s. e pittsburgh, pa 1988",43,0,1,15,20,122,10,6,1,1,17
152,"an empirical study of learning speed in backpropagation networks fahlman, s. e pittsburgh, pa 1988",67,0,1,15,20,121,10,2,1,1,17
153,"an empirical study of learning speed in backpropagation networks fahlman, s. e pittsburgh, pa 1988",67,0,1,15,20,121,10,6,1,1,17
154,"an empirical study of learning speed in backpropagation networks fahlman, s. e pittsburgh, pa 1988",67,0,1,15,20,121,7,6,1,1,17
155,"an empirical study of learning speed in backpropagation networks fahlman, s. e pittsburgh, pa 15213 1988",67,0,1,15,20,121,12,6,1,1,17
156,"an empirical study of learning speed in backpropagation networks fahlman, s. e pittsburgh, pa 1988",67,0,1,15,20,121,10,23,1,1,17
157,"(1988) an empirical study of learning speed in backpropagation networks (cmu-cs-88-162) fahlman, s.e pittsburgh, pa",67,0,1,15,20,122,7,6,1,1,17
158,"an empirical study of learning speed in back-propagation networks fahlman, s.e 1988",66,0,1,15,20,121,12,10,1,1,17
159,"an empirical study of learning speed in back-propagation networks fahlman, scott 1988",66,0,1,15,20,121,12,6,1,1,17
160,"an empirical study of learning speed in back-propagation networks fahlman, scott 1988",66,0,1,15,20,121,12,6,1,1,17
161,"an empirical study of learning speed in back-propagation networks fahlman, scott 1988",66,0,1,15,20,121,12,6,1,1,17
162,"an empirical study of learning speed in back-propagation networks fahlman, scott 1988",66,0,1,15,20,121,12,6,4,1,17
163,"an empirical study of learning speed in back-propagation networks s. e. fahlman pittsburgh, pa - usa 1988",43,0,1,15,20,122,16,12,4,1,17
164,"an empirical study of learning speed in back-propagation networks fahlman, s.e 1988",66,0,1,15,20,121,12,12,2,1,17
165,"an empirical study of learning speed in back-propagation networks fahlman, s.e 1988",66,0,1,15,20,121,12,6,1,1,17
166,an empirical strudy of learning speed in back-propagation networks scott e. fahlman september 1988,66,0,1,15,20,123,12,6,1,1,17
167,an empirical study of learning speed in back-propagation networks s. fahlman 1988,66,0,1,15,20,121,12,6,1,1,17
168,"&quot;an empirical study of learning speed in backpropagation networks,&quot s. e. fahlman pa 1988",3,0,1,15,20,124,12,6,1,1,17
169,"&quot;an empirical study of learning speed in back-propagation networks,&quot s. e. fahlman june 1988",66,0,1,15,20,125,12,6,1,1,17
170,an empirical study of learning speed in back-propagation networks s.e. fahlman 1988,66,0,1,15,20,121,12,6,1,1,17
171,"&quot;an empirical study of learning speed in backpropagation networks,&quot s. e. fahlman pittsburgh, usa 1998",3,0,1,15,20,125,12,6,1,1,17
172,"an empirical study of learning speed in back-propagation networks scott e. fahlman pittsburgh, pa september 1988",43,0,1,15,20,121,12,6,1,1,17
173,an empirical study of learning speed in back-propagation networks s. e. fahlman 1988,66,0,1,15,20,121,12,6,1,1,17
174,an empirical study of learning speed in back-propagation networks s. e. fahlman 1988,66,0,1,15,20,121,12,6,2,1,17
175,"an empirical study of learning speed in back-propagation networks scott e. fahlman pittsburgh, pa 15213 september 1988",43,0,1,15,20,121,7,6,1,1,17
176,"an empirical study of learning speed in back-propagation networks scott e. fahlman pittsburgh, pa september 1988",43,0,1,15,20,121,12,5,1,1,17
177,"an empirical study of learning speed in back-propagation networks fahlman, s. pittsburgh, pa september 1988",43,0,1,15,20,122,12,5,1,1,17
178,an empirical study of learning speed in back propagation networks s. e. fahlman 1988,66,0,1,15,20,121,12,6,1,1,17
179,an empirical study of learning speed in back-propagation networks s.e. fahlman june 1988,66,0,1,15,20,121,7,6,4,1,17
180,"an empirical study of learning speed in backpropagation networks fahlman, s.e pittsburgh, pa 1988",67,0,1,15,20,121,12,6,1,1,17
181,"&quot;an empirical study of learning speed in back-propagation networks,&quot s. fahlman june 1988",66,0,7,15,20,125,12,5,1,1,17
182,&quot;an empirical study of learning speed in back-propagation networks&quot; s. e. fahlman 1988,66,0,1,15,20,125,7,6,1,1,17
183,"&quot;an empirical study of learning speed in back-propagation networks&quot; fahlman, s.e. pittsburgh, pa 1988",43,0,1,15,20,125,3,18,3,1,17
184,"an empirical study of learning speed in backpropagation networks s. e. fahlman pittsburgh, pa 1988",67,0,1,15,20,121,7,25,4,1,17
185,"an empirical study of learning speed in back-propagation networks scott e. fahlman pittsburgh, pa september 1988",43,0,1,15,20,121,12,6,1,1,17
186,of learning speed in back-propagation networks s. e. fahlman 1988,66,0,1,15,20,20,12,6,1,1,17
187,"&quot;an empirical study of learning speed in back-propagation networks.&quot fahlman, scott e pittsburgh, pa 1988",43,0,1,15,20,125,12,6,1,1,17
188,"&quot;an empirical study of learnin g speed in backpropagation networks&quot;,technical report cmu-cs-88-162 fahlman, scott e. pittsburgh, pa 1988",3,0,1,15,20,125,12,6,1,1,17
189,"&quot;an empirical study of learning speed in backpropagation networks,&quot scott fahlman june 1988",3,0,1,15,20,124,12,6,1,1,17
190,"&quot;an empirical study of learning speed in backpropagation networks,&quot scott fahlman june 1988",3,0,1,15,20,124,17,10,1,1,17
191,"&quot;an empirical study of learning speed in backpropagation networks,&quot scott fahlman june 1988",3,0,1,15,20,124,12,6,1,1,17
192,"the cascade-correlation learning architecture fahlman, s.e. and lebiere, c. pittsburgh, pa 1991",58,0,1,5,7,126,12,6,3,1,18
193,"the cascade-correlation learning architecture s.e. fahlman and c. lebiere pittsburgh, pa 1991",58,0,1,5,7,126,12,6,1,1,18
194,"the cascade-correlation learning architecture s.e. fahlman and c. lebiere pittsburgh, pa 1991",58,0,1,5,7,126,7,2,4,1,18
195,"the cascade-correlation learning architec ture fahlman, s. e. &amp; lebiere, c pittsburgh, pa 15213 1990",58,0,2,5,7,127,7,15,4,1,18
196,"the cascade-correlation learning architecture fahlman, s. e. &amp; lebiere, c pittsburgh, pa 15213 1990",58,0,2,5,7,126,7,15,4,1,18
197,"the cascade-correlation learning architecture fahlman, s. e. and lebiere,c 1990",28,0,3,16,7,128,10,2,1,1,18
198,"the cascade-correlation learning architecture fahlman, s. e. and lebiere, c pittsburgh, pa 15213 1990",58,0,2,5,7,127,10,2,1,1,18
199,"the cascade-correlation learning architecture fahlman, s. e. and lebiere, c pittsburgh, pa 1990",58,0,2,5,7,129,10,2,5,1,18
200,"the cascade-correlation learning architecture fahlman, s. e. and lebiere, c pittsburgh, pa 1990",58,0,2,5,7,129,3,2,1,1,18
201,"the cascade-correlation learning architecture fahlman, s. e. and lebiere, c pittsburgh, pa 1990",58,0,2,5,7,129,10,26,2,1,18
202,"cascade-correlation learning architecture fahlman, s. e., &amp; lebiere, c pittsburgh, pa 1989",58,0,1,5,7,126,7,9,1,1,18
203,"cascade-correlation learning architecture fahlman, s. e., &amp; lebiere, c pittsburgh, pa 1989",58,0,3,5,7,126,7,2,1,1,18
204,"cascade-correlation learning architecture fahlman, s. e., &amp; lebiere, c pittsburgh, pa 1989",58,0,6,5,7,126,15,19,4,1,18
205,"the cascade-correlation learning architecture fahlman, s., and lebiere, c pittsburgh 1990",58,0,6,16,7,130,15,19,4,1,18
206,"the cascade-correlation learning architecture fahlman, s., and lebiere, c pittsburgh 1990",58,0,6,16,7,130,15,19,4,1,18
207,"the cascade-correlation learning architecture s. e. fahlman and c. lebiere pitts-burgh,pa 1990",58,0,6,16,7,126,15,19,4,1,18
208,"the cascade-correlation learning architecture fahlman s. e., lebiere c. 1990",28,0,4,16,7,130,10,2,3,1,18
209,"the cascade-correlation learning architecture fahlman, s. and lebiere, c pittsburgh, pa 15213 1990",58,0,5,5,7,126,10,2,1,1,18
210,"the cascade-correlation learning architecture s. e. fahlman and c. lebiere pittsburgh, pa 15213 1990",58,0,4,5,7,127,10,2,1,1,18
211,the cascade-correlation learning architecture s. e. fahlman and c. lebiere 1990,28,0,3,16,7,131,10,2,1,1,18
212,&quot;the cascade-correlation learning architecture&quot; s. e. fahlman and c. lebiere 1990,65,0,2,17,16,132,10,2,4,1,18
213,"the cascade-correlation learning architecture fahlman, s. and lebiere, c pittsburgh, pa 15213 1990",58,0,2,5,7,126,10,2,4,1,18
214,the cascade-correlation learning architecture scott e. fahlman and christian lebiere february 1990,58,0,6,5,7,127,3,21,4,1,18
215,"the cascade-correlation learning architecture fahlman, s. e., and lebiere, c pittsburgh, pa feb. 1990",58,0,3,5,7,127,10,2,1,1,18
216,"the cascade-correlation learning architecture fahlman, s. e., and lebiere, c pittsburgh, pa feb. 1990",58,0,3,5,7,127,10,2,1,1,18
217,"the cascade-correlation learning architecture fahlman, s. e., and lebiere, c pittsburgh, pa feb. 1990",58,0,2,5,7,127,10,2,1,1,18
218,"the cascade-correlation learning architecture fahlman, s. e., and lebiere, c pittsburgh, pa feb. 1990",58,0,3,5,7,127,10,2,1,1,18
219,"the cascade-correlation learning architecture fahlman, s. e., and lebiere, c pittsburgh, pa feb. 1990",58,0,3,5,7,127,10,2,1,1,18
220,the cascade-correlation learning architecture s.e. fahlman and c. lebiere 1990,28,0,3,16,7,131,20,2,1,1,18
221,the cascade-correlation learning architecture s. e. fahlman and c. lebiere 1991,28,0,1,16,7,130,8,27,1,1,18
222,the cascade-correlation learning architecture s. e. fahlman and c. lebiere 1991,28,0,5,16,7,130,5,28,2,1,18
223,"the cascade-correlation learning architecture fahlman, s., lebiere, c. pittsburgh, pa august 1991",58,0,5,5,7,126,7,2,1,1,18
224,the casade-correlation learning architecture s. fahlman and c. lebiere feb 1990,28,0,3,16,7,130,10,2,1,1,18
225,&quot;the cascade correlation learning architecture&quot; s. e. fahlman and c. lebiere 1990,65,0,3,17,16,133,10,2,1,1,18
226,"the cascade-correlation learning architecture fahlman, s. e. and lebiere, c pittsburgh, pa 1990",58,0,2,5,7,129,10,2,2,1,18
227,"&quot;the cascade-correlation learning architecture&quot; fahlman, s. and lebiere, c 1990",65,0,2,17,16,132,10,2,2,1,18
228,"the cascade-correlation learning architecture fahlman, s. and lebiere, c pittsburgh, pa 15213 1990",58,0,2,5,7,126,10,2,1,1,18
229,"the cascade-correlation learning architecture scott e. fahlman and christian lebiere pittsburgh, pa 15213 february 1990",58,0,4,5,7,127,10,2,2,1,18
230,"the cascade-correlation learning architecture s. e. fahlman and christian lebiere pittsburgh, pa 15213 february, 1990",58,0,2,5,7,127,10,13,2,1,18
231,"&quot;the cascade-correlation learning architecture,&quot s. fahlman and c. lebiere february 1990",65,0,3,17,16,132,10,2,2,1,18
232,"the cascade-correlation learning architecture fahlman, s. and lebiere, c pittsburgh, pa 15213 1990",58,0,2,5,7,126,10,26,1,1,18
233,"the cascade-correlation learning architecture fahlman, s. and lebiere, c pittsburgh, pa 15213 1990",58,0,2,5,7,126,10,2,1,1,18
234,"the cascade-correlation learning architecture fahlman, s. and lebiere, c pittsburgh, pa 15213 1990",58,0,2,5,7,126,10,2,1,1,18
235,"&quot;the cascade-correlation learning architecture,&quot s. fahlman and c. lebiere pittsburgh, pa february 1990",65,0,3,17,16,129,10,2,1,1,18
236,"the cascade-correlation learning architecture s.e. fahlman and c. lebiere pittsburgh, pa 15213 august 1991",58,0,3,5,7,127,10,18,1,1,18
237,"the cascade-correlation learning architecture fahlman, s. and lebiere, c pittsburgh, pa 15213 1990",58,0,3,5,7,126,10,2,1,1,18
238,the cascade-correlation learning architecture s. e. fahlman and c. lebiere 1990,28,0,3,16,7,131,10,2,1,1,18
239,"the cascade-correlation learning architecture s. e. fahlman and c. lebiere pittsburgh, pa 1990",58,0,3,5,7,130,8,29,1,1,18
240,"the cascade-correlation learning architecture s. e. fahlman and c. lebiere pittsburgh, pa 1990",58,0,3,5,7,130,10,2,1,1,18
241,"the cascade-correlation learning architecture scott e. fahlman and christian lebiere pittsburgh, pa february 1990",58,0,3,5,7,129,8,2,2,1,18
242,"the cascade-correlation learning architecture fahlman, s. e. &amp; lebiere, c pittsburgh, pa 1990",58,0,2,5,7,126,6,30,2,1,18
243,"christi an, &quot;the cascade--correlation learning architecture&quot; fahlman, scott e., and lebiere pittsburgh, pa 1991",65,0,2,17,16,21,10,25,1,1,18
244,"the cascade-correlation learning architecture fahlman, s. e. and lebiere, c.",28,0,3,16,7,130,10,2,1,1,18
245,"the cascade-correlation learning architecture fahlman, s. e. and lebiere, c.",28,0,2,16,7,130,10,2,2,1,18
246,"&quot;the cascade-correlation learning algorithm&quot; s.e. fahlman, c. lebiere 1990",65,0,3,17,16,132,10,26,1,1,18
247,"the cascade-correlation learning architecture s.e. fahlman and c. lebiere san mateo, ca 1990",52,0,3,16,21,130,10,2,1,1,19
248,the cascade-correlation learning architecture scott e. fahlman and christian lebiere 1990,58,0,1,5,7,130,10,6,1,1,19
249,"the cascade-correlation learning architecture fahlman, s. &amp; lebiere, c san mateo, ca 1989",52,0,4,16,21,127,6,31,1,1,19
250,"the cascade-correlation learning architecture fahlman, s. &amp; lebiere, c san mateo, ca 1989",52,0,3,16,21,127,8,23,1,1,19
251,"the cascade-correlation learning architecture fahlman, s. &amp; lebiere, c san mateo, ca 1989",52,0,3,16,21,127,10,2,1,1,19
252,"the cascade-correlation learning architecture fahlman, s. &amp; lebiere, c san mateo, ca 1989",52,0,2,16,21,127,10,2,1,1,19
253,"the cascade-correlation learning architecture fahlman, s. &amp; lebiere, c san mateo, ca 1989",52,0,2,16,21,127,10,2,1,1,19
254,"the cascade-correlation learning architecture fahlman, s. &amp; lebiere, c san mateo, ca 1989",52,0,3,16,21,127,7,2,1,1,19
255,"the cascade-correlation learning architecture fahlman, s. &amp; lebiere, c san mateo, ca 1989",52,0,3,16,21,127,7,3,1,1,19
256,"the cascade-correlation learning architecture fahlman, s. &amp; lebiere, c san mateo, ca 1989",52,0,4,16,21,127,7,4,1,1,19
257,"the cascade-correlation learning architecture fahlman, s. &amp; lebiere, c san mateo, ca 1989",52,0,4,16,21,127,7,4,1,1,19
258,"the cascade-correlation learning architecture fahlman, s. &amp; lebiere, c san ma-teo, ca 1989",52,0,1,16,21,127,19,5,1,1,19
259,"the cascade-correlation learning architecture fahlman, s. &amp; lebiere, c san ma-teo, ca 1989",52,0,1,16,21,127,19,5,1,1,19
260,"the cascade-correlation learning architecture fahlman, s. &amp; lebiere, c palo alto, ca 1990",28,0,1,16,21,134,19,5,1,1,19
261,"lebiere (1990), the cascade-correlation learning architecture fahlman, s. e. &amp; c san mateo",52,0,1,16,21,135,10,6,1,1,19
262,"the cascade-correlation learning architecture fahlman, s. e. &amp; lebiere, c denver, co 1989",28,0,1,16,7,134,12,6,1,1,19
263,"the cascade-correlation learning architecture fahlman, s. e. &amp; lebiere, c san mateo, ca 1989",52,0,1,16,21,127,12,6,1,1,19
264,"the cascade-correlation learning architecture fahlman, s. e. &amp; lebiere, c 1990",28,0,3,16,7,128,10,2,1,1,19
265,"the cascade-correlation learning architecture fahlman, s. e. &amp; lebiere, c 1990",28,0,2,16,7,128,10,2,1,1,19
266,"the cascade-correlation learning architecture fahlman, s. e. &amp; lebiere, c 1990",28,0,2,16,7,128,10,2,1,1,19
267,"the cascade correlation architecture fahlman, s. e. &amp; lebiere, c 1990",28,0,2,16,7,128,10,2,1,1,19
268,"the cascade correlation architecture fahlman, s. e. &amp; lebiere, c 1990",28,0,3,16,7,128,10,2,1,1,19
269,"the cascade-correlation learning architecture fahlman, s. e. &amp; lebiere, c denver 1989",28,0,2,16,7,130,10,2,1,1,19
270,"the cascade-correlation learning architecture fahlman, s. e. and lebiere, c 1990",28,0,3,16,7,128,10,2,1,1,19
271,"the cascade correlation learning architecture fahlman, s. e. and lebiere, c 1990",28,0,3,16,7,128,10,2,1,1,19
272,"the cascade correlation learning architecture fahlman, s. e. and lebiere, c 1990",28,0,2,16,7,128,10,2,1,1,19
273,"the cascade-correlation architecture fahlman, s. e. and lebiere, c 1990",28,0,3,16,7,130,10,26,1,1,19
274,"the cascade-correlation architecture fahlman, s. e. and lebiere, c 1990",28,0,2,16,7,130,10,2,2,1,19
275,"the cascade-correlation learning algorithm fahlman, s. e. and lebiere, c san mateo, ca 1990",52,0,2,16,21,136,10,2,1,1,19
276,"the cascade-correlation learning architecture fahlman, s. e. and lebiere, c 1990",28,0,3,16,7,128,10,2,1,1,19
277,"the cascade correlaion learning architecture fahlman, s. e., &amp; lebiere, c 1990",28,0,3,16,7,128,10,2,2,1,19
278,"the cascade-correlation architecture fahlman, s. e., &amp; lebiere, c san mateo, ca 1990",52,0,3,16,21,134,10,2,1,1,19
279,"the cascade-correlation architecture fahlman, s. e., &amp; lebiere, c san mateo, ca 1990",52,0,2,16,21,134,10,2,1,1,19
280,"the cascade correlation architecture fahlman, s. e., &amp; lebiere, c 1990",28,0,2,16,7,128,10,2,1,1,19
281,"the cascade correlation architecture fahlman, s. e., &amp; lebiere, c 1990",28,0,2,16,7,128,10,2,1,1,19
282,"the cascade-correlation learning architecture fahlman, s. e., &amp; lebiere, c san mateo, ca 1990",52,0,1,16,21,127,7,9,1,1,19
283,"the cascade-correlation learning architecture fahlman, s. e., &amp; lebiere, c san mateo, ca 1990",52,0,1,16,21,127,17,10,1,1,19
284,"the cascade-correlation learning architecture fahlman, s. e., &amp; lebiere, c 1990",28,0,1,16,7,130,17,10,1,1,19
285,"the cascade-correlation learning architecture fahlman, s. e., &amp; lebiere, c san mateo, ca 1990",52,0,1,16,21,127,17,10,1,1,19
286,"the cascade-correlation learning architecture fahlman, s. e., &amp; lebiere, c san mateo, ca 1990",52,0,5,16,21,127,7,2,1,1,19
287,"the cascade-correlation learning architecture fahlman, s. e., and lebiere, c san mateo, ca 1990",52,0,3,16,21,131,10,2,4,1,19
288,"the cascade-correlation learning architecture fahlman, s. e., and lebiere, c san mateo, ca 1990",52,0,3,16,21,131,10,2,4,1,19
289,"the cascade-correlation learning architecture fahlman, s. e., and lebiere, c san mateo, ca 1990",52,0,3,16,21,131,16,12,4,1,19
290,"the cascade-correlation learning architecture fahlman, s. e., and lebiere, c san mateo, ca 1990",52,0,3,16,21,131,10,2,2,1,19
291,"the cascade-correlation learning architecture fahlman, s. e., and lebiere, c san mateo, ca 1990",52,0,3,16,21,131,10,2,2,1,19
292,"the cascade-correlation learning architecture fahlman, s. e., and lebiere, c san mateo, ca 1990",52,0,3,16,21,131,10,2,1,1,19
293,"the cascade-correlation learning architecture fahlman, s. e., and lebiere, c san mateo, ca 1990",52,0,3,16,21,131,10,2,1,1,19
294,"the cascade correlation learning architecture fahlman, s. and lebiere c 1991",28,0,3,16,7,128,10,2,2,1,19
295,"the cascade correlation learning architecture fahlman, s. and lebiere c 1991",28,0,3,16,7,128,10,2,2,1,19
296,"the cascade correlation learning architecture fahlman, s. and lebiere c 1991",28,0,3,16,7,128,10,2,1,1,19
297,"the cascade-correlation learning architecture fahlman, s. and c. lebiere 1990",28,0,3,16,7,128,10,2,1,1,19
298,"the cascade-correlation architecture fahlman, s. and lebiere, c 1990",28,0,6,16,7,134,7,2,4,1,19
299,"the cascade-correlation architecture fahlman, s. and lebiere, c 1990",28,0,2,16,7,134,10,2,2,1,19
300,"the cascade-correlation learning architecture fahlman, s., &amp; lebiere, c 524-532 san mateo, ca 1989",52,0,5,16,21,127,10,2,1,1,19
301,"the cascade-correlation learning architecture.in touret-zky fahlman, s., &amp; lebiere, c san mateo, ca 1989",52,0,3,16,21,127,10,2,2,1,19
302,"the cascade-correlation learning architecture fahlman, s., &amp; lebiere, c 1989",28,0,2,16,7,134,10,2,1,1,19
303,"the cascade-correlation learning architecture fahlman, s., &amp; lebiere, c san mateo, ca 1989",52,0,2,16,21,127,10,2,1,1,19
304,"the cascade-correlation learning architecture fahlman, s., &amp; lebiere, c san mateo, ca 1989",52,0,7,16,21,127,3,15,4,1,19
305,"the cascade-correlation learning architecture fahlman, s., and lebiere, c denver, co 1989",28,0,7,16,7,127,10,2,1,1,19
306,"the cascade-correlation learning architecture fahlman, s., and lebiere, c denver, co 1989",28,0,2,16,7,127,10,2,1,1,19
307,"the cascade-correlation learning architecture fahlman, s., and lebiere, c denver 1989",28,0,2,16,7,130,3,2,4,1,19
308,"the cascade-correlation architecture fahlman, s.e. &amp; lebiere, c 1990",28,0,3,16,7,134,7,18,4,1,19
309,"the cascade-correlation learning architecture fahlman, s.e. and lebiere, c 1990",28,0,1,16,7,128,10,2,1,1,19
310,"&quot;the cascade correlation learning architecture,&quot fahlman, s.e. and lebiere, c. 1990",65,0,4,17,16,133,10,2,1,1,19
311,"the cascade-correlation learning architecture fahlmann, s. e. and lebiere, c denver, colorado 1989",28,0,3,16,7,136,10,2,1,1,19
312,"the cascade-correlation learning architecture s. e. fahlman &amp; c. lebiere san mateo, ca 1990",52,0,2,16,21,127,10,2,1,1,19
313,the cascade-correlation learning architecture s. e. fahlman and c. lebiere 1990,28,0,3,16,7,131,10,2,1,1,19
314,the cascade correlation learning architecture fahlman s. and lebiere c 1990,28,0,3,16,7,128,10,2,1,1,19
315,"the cascade-correlation learning architecture s. fahlman and c. lebiere denver, co 1989",28,0,2,16,7,130,10,2,1,1,19
316,"the cascade-correlation learning architecture s.e. fahlman and c. lebiere den-ver, co november 1989",28,0,3,16,7,136,10,2,4,1,19
317,the cascade-correlation learning architecture s. fahlman and c. lebiere 1990,28,0,3,16,7,129,10,2,1,1,19
318,the cascade-correlation learning architecture s. fahlman and c. lebiere 1990,28,0,3,16,7,129,10,2,1,1,19
319,the cascade-correlation learning architecture s. fahlman and c. lebiere 1990,28,0,3,16,7,129,10,2,1,1,19
320,"the cascade-correlation learn-ing architecture. in d.s s.e. fahlman and c. lebiere san mateo, 1990",52,0,3,16,21,127,10,2,1,1,19
321,"the cascade-correlation learning architecture. in d.s s.e. fahlman and c. lebiere san mateo, 1990",52,0,2,16,21,127,10,32,2,1,19
322,"the cascade-correlation learning architecture s. e. fahlman and c. lebiere denver, co 1989",28,0,2,16,7,130,10,2,1,1,19
323,"the cascade-correlation learning architec ture s. e. fahlman and c. lebiere san mateo, ca 1990",52,0,2,16,21,134,7,32,1,1,19
324,"&quot;the cascade-correlation learning architecture&quot; s. e. fahlmann, c. lebiere san mateo 1990",65,0,3,17,16,133,10,2,1,1,19
325,the cascade-correlation architecture s. e. fahlman and c. lebiere 1990,28,0,3,16,7,130,10,2,1,1,19
326,"&quot;the cascade-correlation learning architecture,&quot s. fahlman and c. lebiere 1990",65,0,2,17,16,133,10,2,2,1,19
327,"&quot;the cascade-correlation learning architecture,&quot s. fahlman and c. lebiere 1990",65,0,3,17,16,133,10,2,4,1,19
328,"&quot;the cascade-correlation learning architecture,&quot s. fahlman and c. lebiere 1990",65,0,2,17,16,133,10,2,1,1,19
329,the cascade correlation learning algorithm s. fahlman and c. lebiere 1990,28,0,6,16,7,128,15,19,4,1,19
330,"&quot;the cascade-correlation architecture,&quot fahlman, s.e., lebiere, c 1990",65,0,3,17,16,132,15,19,4,1,19
331,"the cascade-correlation learning algorithm s. e. fahlman and c. lebiere los altos, ca. 1990",78,0,3,16,21,136,15,19,4,1,19
332,the cascade-correlation learning architecture s.e. fahlman and c. lebiere 1990,28,0,2,16,7,131,10,19,1,1,19
333,the cascade-correlation learning architecture s. e. fahlman and c. lebiere 1990,28,0,2,16,7,131,10,2,2,1,19
334,"the cascade-correlation learning architecture s. e. fahlman and c. lebiere san mateo, ca 1990",52,0,2,16,21,131,10,2,1,1,19
335,the cascade-correlation learning architecture s. e. fahlman and c. lebiere 1990,28,0,3,16,7,131,10,2,1,1,19
336,"the cascade-correlation learning architechture fahlmann, scott, c. lebiere los altos, ca",78,0,4,16,21,136,7,2,1,1,19
337,"&quot;the cascade correlation architecture&quot; s. fahlman and c. libiere san mateo, ca",65,0,2,17,16,133,10,2,2,1,19
338,the cascade-correlation learning architecture s.e. fahlman and c. lebiere san mateo 1990,52,0,3,16,21,130,10,2,1,1,19
339,the cascade-correlation learning architecture s.e. fahlman and c. lebiere san mateo 1990,52,0,6,16,21,130,10,2,4,1,19
340,"the cascade-correlation learning architecture s. e. fahlman and c. lebiere san mateo, ca 1990",52,0,4,16,21,131,10,2,1,1,19
341,"the cascade-correlation learning architecture s. e. fahlman and c. lebiere san mateo, ca 1990",52,0,3,16,21,131,10,2,1,1,19
342,"the cascade-correlation learning architecture fahlman, s.e. and lebiere c san mateo 1990",52,0,3,16,21,130,10,2,1,1,19
343,"the cascade-correlation learning architecture fahlman, s.e. and lebiere, c san mateo, ca 1990",52,0,3,16,21,130,10,2,1,1,19
344,"&quot;the cascade-correlation learning architecture,&quot s.e. fahlman and c. lebiere san mateo, ca. 1989",65,0,3,17,16,133,20,22,1,1,19
345,"the cascade-correlation learning architecture fahlman, s. e. and lebiere, c san mateo, ca 1990",52,0,3,16,21,131,10,2,1,1,19
346,"the cascade-correlation learning architechture fahlmann, scott, c. lebiere los altos, ca",78,0,5,16,21,136,7,2,1,1,19
347,"the cascade-correlation learning architecture fahlmann, scott, c. lebiere los altos, ca",78,0,1,16,21,136,8,27,1,1,19
348,"the cascade-correlation learning architecture s. e. fahlman and c. lebiere denver, colorado 1990",28,0,3,16,7,127,7,28,4,1,19
349,the cascade-correlation learning architec-ture scott e. fahlman and christian lebiere 1990,58,0,3,5,7,130,10,2,1,1,19
350,the cascade-correlation learning architec-ture scott e. fahlman and christian lebiere 1990,58,0,4,5,7,130,10,2,1,1,19
351,the cascade-correlation learning architecture scott e. fahlman and christian lebiere 1990,58,0,3,5,7,130,10,2,2,1,19
352,"the cascade-correlation learning architecture s.e. fahlman and c. lebiere san mateo, ca 1990",52,0,3,16,21,130,10,2,2,1,19
353,"the cascade-correlation learning architecture s.e. fahlman and c. lebiere san mateo, ca 1990",52,0,3,16,21,130,10,2,2,1,19
354,"&quot;the cascade correlation learning algorithm,&quot s. fahlman and c. lebiere 1990",65,0,3,17,16,133,10,2,2,1,19
355,"&quot;the cascade correlation learning algorithm,&quot s. fahlman and c. lebiere 1990",65,0,2,17,16,133,10,2,2,1,19
356,"the cascade-correlation learning architecture fahlman, s.e. and lebiere, c san mateo, ca 1990",52,0,2,16,21,130,10,2,2,1,19
357,the cascade-correlation learning architecture s. e. fahlman and c. lebiere 1990,28,0,4,16,7,131,10,2,1,1,19
358,the cascade-correlation learning architecture s.e. fahlman and c. lebiere 1990,28,0,2,16,7,131,10,2,2,1,19
359,the cascade-correlation learning architecture scott e. fahlman and christian lebiere 1990,58,0,2,5,7,130,10,2,1,1,19
360,"the cascade-correlation learning architecture fahlman, s. e., and lebiere, c san mateo, ca 1990",52,0,3,16,21,131,10,2,1,1,19
361,"the cascade-correlation learning architecture fahlman, s. and lebiere, c los altos ca 1990",78,0,3,16,21,134,10,2,1,1,19
362,"the cascade-correlation architecture s. e. fahlman and c. lebiere san mateo, ca 1990",52,0,3,16,21,134,10,2,1,1,19
363,"the cascade-correlation architecture s. e. fahlman and c. lebiere san mateo, ca 1990",52,0,3,16,21,134,10,2,2,1,19
364,"the cascade-correlation learning architecture s. fahlman and c. lebiere denver, san mateo 1989, 1990",52,0,6,16,21,130,4,29,4,1,19
365,"the cascade-correlation learning architecture s. fahlmann, c. lebiere los altos, ca",78,0,8,16,21,127,8,33,3,1,19
366,"the cascade-correlation learning architecture s. fahlmann, c. lebiere los altos, ca",78,0,8,16,21,127,8,33,3,1,19
367,the cascade-correlation learning architecture scott e. fahlman and christian lebiere 1990,58,0,3,5,7,130,8,33,3,1,19
368,the cascade correlation learning algorithm s. fahlman and c. lebiere 1990,28,0,8,16,7,128,3,33,1,1,19
369,the cascade correlation learning algorithm s. fahlman and c. lebiere 1990,28,0,3,16,7,128,10,26,1,1,19
370,"&quot;the cascade-correlation learning architecture&quot; fahlman, scott e. 1990",65,0,3,17,16,132,10,2,1,1,19
371,"&quot;the cascade-correlation learning architecture,&quot s. fahlman (san mateo, ca 1990",65,0,3,17,16,133,10,2,1,1,19
372,the cascade-correlation learning architecture s.e. fahlman and c. lebiere 1990,28,0,3,16,7,131,10,2,1,1,19
373,; the cascaded-correlation learning architecture s.e. fahlman and lebiere c 1990,28,0,3,16,7,131,3,2,1,1,19
374,the cascade-correlation learning architecture scott e. fahlman and christian lebiere 1990,58,0,4,5,7,130,6,2,1,1,19
375,the cascade-correlation learning architecture scott e. fahlman and christian lebiere 1990,58,0,3,5,7,130,10,2,2,1,19
376,the cascade-correlation learning architecture s.e. fahlman and c. lebiere san mateo 1990,52,0,3,16,21,130,10,2,1,1,19
377,the cascade-correlation learning architecture s.e. fahlman and c. lebiere san mateo 1990,52,0,3,16,21,130,10,2,1,1,19
378,the cascade-correlation learning architecture scott e. fahlman and christian lebiere 1990,58,0,2,5,7,130,10,2,1,1,19
379,"the cascade correlation learning algorithm s. e. fahlman and c. lebiere san mateo, ca 1990",52,0,3,16,21,131,7,3,3,1,19
380,"the cascade-correlation learning architecture s. fahlman and c. lebiere san mateo, ca 1990",52,0,3,16,21,131,10,26,1,1,19
381,"the cascade-correlation learning architecture s. fahlman and c. lebiere san mateo, ca 1990",52,0,3,16,21,131,10,26,1,1,19
382,"&quot;the cascade-correlation learning architecture&quot; s.e. fahlman and c. lebiere san mateo, ca 1990",65,0,4,17,16,133,7,4,1,1,19
383,"&quot;the cascade-correlation learning architecture&quot; s.e. fahlman and c. lebiere san mateo, ca 1990",65,0,4,17,16,133,10,4,4,1,19
384,"the cascade-correlation learning architecture s.e. fahlman and c. lebiere san mateo, ca 1990",52,0,1,16,21,130,19,5,1,1,19
385,"the cascade-correlation learning architecture s.e. fahlman and c. lebiere san mateo, ca 1990",52,0,1,16,21,130,19,5,1,1,19
386,"the cascade-correlation learning architecture fahlman, s. e. &amp; lebiere, c 1990",28,0,1,16,7,128,10,2,1,1,19
387,"the cascade-correlation learning architecture fahlman, s. e. &amp; lebiere, c 1990",28,0,1,16,7,128,10,2,1,1,19
388,"&quot;the cascade-correlation learning architecture,&quot fahlman, s., and lebiere, c. san francisco 1990",65,0,1,17,16,132,10,2,1,1,19
389,"the cascade correlation learning architecture fahlman, s. e. and lebiere, c 1990",28,0,3,16,7,128,10,2,1,1,19
390,"the cascade correlation learning architecture fahlman, s. e. and lebiere, c 1990",28,0,2,16,7,128,10,2,2,1,19
391,"the cascade-correlation learning architecture fahlman, s.e. and lebiere c san mateo 1990",52,0,3,16,21,130,10,2,1,1,19
392,"the cascade-correlation learning architecture s. e. fahlman and lebiere c denver, colorado 1990",28,0,2,16,7,127,10,2,1,1,19
393,"the cascade-correlation learning architecture s. e. fahlman and c. lebiere denver, colorado 1990",28,0,3,16,7,127,10,2,1,1,19
394,the cascade-correlation learning architecture s. e. fahlman and c. lebiere 1991,28,0,2,16,7,130,10,2,1,1,19
395,the cascade-correlation learning architecture s. e. fahlman and c. lebiere san mateo ca 1990,52,0,1,16,21,131,10,2,1,1,19
396,"the recurrent cascade-correlation architecture fahlman, s. e san mateo, ca 1991",77,0,3,18,22,137,10,2,1,1,20
397,"the recurrent cascade-correlation architecture fahlman, s. e san mateo, ca 1991",77,0,2,18,22,137,10,2,1,1,20
398,"the recurrent cascade-correlation architecture fahlman, s. e san mateo, ca 1991",77,0,3,18,22,137,10,2,1,1,20
399,"the recurrent cascade-correlation architecture fahlman, s. e san mateo, ca 1991",77,0,3,18,22,137,10,2,1,1,20
400,"the recurrent cascade-correlation architecture fahlman, s. e san mateo, california 1991",77,0,3,18,22,137,10,2,1,1,20
401,"the recurrent cascade-correlation learning algorithm fahlman, s. e san mateo, ca 1991",77,0,3,18,22,135,10,2,1,1,20
402,"the recurrent cascade-correlation learning algorithm fahlman, s. e san mateo, ca 1991",77,0,3,18,22,135,10,2,1,1,20
403,"the recurrent cascade-correlation learning algorithm fahlman, s. e san mateo, ca 1991",77,0,3,18,22,135,10,2,1,1,20
404,"the recurrent cascade-correlation architecture fahlmann, s.e.(1990)",77,0,3,18,22,137,10,2,4,1,20
405,"the recurrent cascade-correlation architecture scott e. fahlman san mateo, california 1991",77,0,1,18,22,137,10,9,1,1,20
406,"the recurrent cascade-correlation architecture s. fahlman san mateo, california 1991",77,0,2,18,22,137,10,8,1,1,20
407,"the recurrent cascade-correlation architecture scott e. fahlman san mateo, california 1991",77,0,1,18,22,137,10,9,1,1,20
408,"&quot;the recurrent cascade-correlation architecture,&quot s. fahlman (san mateo, ca 1991",65,0,3,17,22,138,7,8,1,1,20
409,"the recurrent cascade-correlation architecture scott e. fahlman san mateo, california 1991",77,0,1,18,22,137,10,10,1,1,20
410,"the recurrent cascade-correlation architecture scott e. fahlman san mateo, california 1991",77,0,1,18,22,137,10,10,1,1,20
411,"the recurrent cascade-correlation architecture s. fahlman san mateo, ca 1991",77,0,1,18,22,137,10,10,1,1,20
412,"the recurrent cascade-correlation architecture s. fahlman san mateo, ca 1991",77,0,3,18,22,137,10,11,1,1,20
413,"&quot;the recurrent cascade-correlation architecture&quot; fahlman, scott e. 1991",65,0,3,17,16,138,7,11,4,1,20
414,"&quot;the recurrent cascade-correlation architecture,&quot s. fahlman (san mateo, ca 1991",65,0,6,17,22,138,16,12,4,1,20
415,design considerations for cmu common lisp scott e. fahlman and david b. mcdonald 1991,50,0,6,12,6,79,7,12,4,1,21
416,design considerations for cmu common lisp scott e. fahlman and david b. mcdonald 1991,50,0,6,12,6,79,7,15,4,1,21
417,"the recurrent cascade-correlation architecture fahlman, s.e pittsburgh 1991",77,0,3,18,22,137,10,34,1,1,22
418,"&quot;the recurrent cascade-correlation architecture,&quot scott e. fahlman may 1991",65,0,3,17,16,138,10,8,1,1,22
419,"&quot;the recurrent cascade-correlation architecture,&quot scott e. fahlman may 1991",65,0,3,17,16,138,7,8,1,1,22
420,"&quot;the recurrent cascade-correlation architecture,&quot scott e. fahlman may 1991",65,0,2,17,16,138,7,2,1,1,22
421,some thoughts on netl 15 years later scott e. fahlman 1993,61,0,6,19,15,22,7,8,4,1,NA
422,"cmu benchmark collection for neural net learning algorithms fahlman, s. e pittsburgh 1993",61,0,6,19,12,23,7,8,4,1,NA
423,"the cascade 2 learning architecture s. e. fahlman, l. d. baker and j. a. boyan 1996",61,0,6,20,6,139,7,8,2,1,23
424,"the cascade 2 learning architecture s. e. fahlman, l. d. baker and j. a. boyan 1996",61,0,5,20,6,139,7,14,3,1,23
425,"the cascade 2 learning architecture s. e. fahlman, l. d. baker and j. a. boyan 1996",61,0,5,20,6,139,7,8,4,1,23
426,"a space based model for user interaction in shared synthetic environments fahln, l.e.; c.g.brown; o.stahl; c.carlsson 1993",71,0,1,3,3,109,7,1,3,1,12
427,"a space based model for user interaction in shared synthetic environments fahln, l.e.; c.g.brown; o.stahl; c.carlsson 1993",71,0,1,3,3,109,7,1,1,1,12
428,low bit-rate coding through animation r. forchheimer and o. fahlander march 1983,55,0,1,2,1,24,12,2,1,1,NA
429,"&quot;robust platoon manuevers for avhs,&quot j.frankel, l.alvarez, r.horowitz, and p.li",65,0,6,13,16,25,7,35,4,1,NA
430,"a register allocation framework based on hierarchical cyclic interval graphs l. j. hendren, g. r. gao, e. r. altman, and c. muk-erji oct. 1992",61,0,4,20,6,26,3,9,4,1,NA
431,"a recurrent model for learning a hyperacuity task herzog, m.h. &amp; fahle, m 1995",61,0,4,18,11,27,7,36,2,1,NA
432,"learning with limited numerical precision using the cascade-correlation algorithm hoehfeld, m. and fahlman, s. e pittsburgh, pa 1991",61,0,3,5,7,80,3,32,4,1,NA
433,learning with limited numerical precision using the cascade-correlation algorithm m. h. hoehfeld and s. fahlman july 1992,61,0,2,5,7,80,7,1,2,1,NA
434,"the interprocedural coincidence theorem knoop, j. and steffen, b. paderborn frg,, new york, ny october 5-7, 1992",60,0,4,21,2,140,7,8,4,1,24
435,"the interprocedural coincidence theorem knoop, j. and steffen, b. frg, paderborn, new york, ny october 5-7, 1992",60,0,6,21,2,140,7,11,4,1,24
436,"the interprocedural coincidence theorem knoop, j. and steffen, b. frg, paderborn, new york, ny october 5-7, 1992",60,0,6,21,2,140,7,8,5,1,24
437,"the interprocedural coincidence theorem knoop, j. and steffen, b. frg, paderborn, new york, ny october 5-7, 1992",60,0,6,21,2,140,7,8,1,1,24
438,"the interprocedural coincidence theorem knoop, j. and steffen, b. frg, paderborn, new york, ny oct. 1992",60,0,3,21,2,140,7,8,1,1,24
439,"the interprocedural coincidence theorem knoop, j. and steffen, b. frg, paderborn, new york, ny oct. 1992",60,0,6,21,2,140,7,8,1,1,24
440,"the interprocedural coincidence theorem knoop, j. and steffen, b. frg, paderborn, new york, ny october 5-7, 1992",60,0,6,21,2,140,7,8,4,1,24
441,"the interprocedural coincidence theorem knoop, j. and steffen, b. frg, paderborn,, new york, ny october 5-7, 1992",60,0,6,21,2,140,7,8,4,1,24
442,"the interprocedural coincidence theorem knoop, j. and steffen, b. frg, paderborn, s pringer-verlag, new york, ny october 5-7, 1992",60,0,6,21,2,140,7,8,4,1,24
443,"the interprocedural coincidence theorem knoop, j. and steffen, b. frg, paderborn,, new york, ny october 5-7, 1992",60,0,6,21,2,140,7,8,4,1,24
444,"the interprocedural coincidence theorem knoop, j. and steffen, b. frg, paderborn,, new york, ny oct. 1992",60,0,4,21,2,140,10,4,4,1,24
445,"the interprocedural coincidence theorem knoop, j. and steffen, b. frg, paderborn, new york, ny october 5-7, 1992",60,0,6,21,2,140,7,8,4,1,24
446,"the interprocedural coincidence theorem knoop, j. and steffen, b. frg, paderborn,, new york, ny october 5-7, 1992",60,0,2,21,2,140,7,37,4,1,24
447,the interprocedural coincidence theorem j. knoop and b. steffen 1992,60,0,6,21,2,141,3,32,4,1,24
448,the interprocedural coincidence theorem j. knoop and b. steffen 1992,60,0,5,21,2,141,7,32,4,1,24
449,"the interprocedural coincidence theorem j. knoop and b. steffen paderborn, frg,, new york, ny october 1992",60,0,2,21,2,140,7,32,1,1,24
450,improving the performance of parallel lisp by compile time analysis jurgen knopp 1992,50,0,6,6,13,28,7,32,4,1,NA
451,"&quot;query processing of geometric objects withfree form boundaries in spatial databases&quot; kriegel, h.p., heep s., fahldiek a., mysliwitz n",61,0,2,6,16,81,7,17,4,1,25
452,"&quot;query processing of geometric objects withfree form boundaries in spatial databases&quot; kriegel, h.p., heep s., fahldiek a., mysliwitz n",61,0,5,6,16,81,7,38,4,1,25
453,"a code generator for lazy functional languages koen langendoen and pieter hartel. fcg paderborn, germany oct 92",15,0,4,4,2,82,15,9,1,1,26
454,"a code generator for lazy functional languages, in compiler construction (cc) k.g. langendoen and p.h. hartel, fcg paderborn, germany october 1992",15,0,6,4,2,82,15,19,4,1,26
455,"internal design of cmu common lisp on the ibm rt pc david b. mcdonald, scott e. fahlman, and skef wholey april 1988",50,0,4,12,6,29,15,19,4,1,NA
456,"language design and implementation by selection p. pfahler and u. kastens paris, france january 1997",12,0,4,12,10,83,15,19,3,1,27
457,"language design and implementation by selection p. pfahler and u. kastens paris, france january 1997",12,0,6,12,10,83,15,19,3,1,27
458,"fast perceptual learning in visual hyperacuity poggio, t., fahle, m., and edelman, s 1992",23,0,2,9,11,108,7,7,2,1,28
459,"fast perceptual learning in visual hyperacuity poggio, t., fahle, m., and edelman, s 1992",23,0,1,9,11,108,7,39,3,1,28
460,"fast perceptual learning in visual hyperacuity poggio, t., fahle, m., and edelman, s 1992",23,0,4,9,11,108,7,9,3,1,28
461,"fast perceptual learning in visual hyperacuity poggio, t., fahle, m., and edelman, s 1992",23,0,1,9,11,108,10,9,1,1,28
462,"fast perceptual learning in visual hyperacuity poggio, t., fahle, m., and edelman, s 1992",23,0,1,9,11,108,7,9,3,1,28
463,"fast perceptual learning in visual hyperacuity poggio, t., fahle, m., and edelman, s 1992b",23,0,6,9,11,108,7,9,4,1,28
464,"fast perceptual learning in visual hyperacuity poggio, t., fahle, m., &amp; edelman, s 1992",23,0,6,9,11,108,3,21,4,1,28
465,"fast per ceptual learning in visual hyperacuity t. poggio, m. fahle, and s. edelman may 1992",23,0,6,9,11,108,3,21,4,1,28
466,"fast perceptual learning in visual hyperacuity poggio t, fahle m, and edelman s 1992",23,0,6,9,11,108,7,9,3,1,28
467,"learning of visual modules from examples: a framework for understanding adaptive visual performance poggio, t., edelman, s., and fahle, m 1992a",23,0,4,9,11,84,7,37,2,1,29
468,"learning of visual modules from examples: a framework for understanding adaptive visual performance. cvgip: image understanding, special issue on purposive, qualitative, active vision t. poggio, s. edelman, and m. fahle 1992",61,0,3,9,11,84,20,22,3,1,29
469,"fahl en, building sound into a virtual environment s. t. pope and l. e (stockholm, sweden dec. 1992",61,0,3,20,6,30,7,1,3,1,NA
470,"review of fahlman, scott netl: a system for representing and using real-world knowledge s. c. shapiro 1980",83,0,3,11,15,31,20,22,3,1,NA
471,"common lisp: the language guy l. steele jr., scott e. fahlman, richard p. gabriel, david a. moon, and daniel l. weinreb burlington, massachusetts 1984",50,0,5,20,6,142,7,40,3,1,30
472,"common lisp: the language guy l. steele jr., scott e. fahlman, richard p. gabriel, david a. moon, and daniel l. weinreb burlington, massachusetts 1984",50,0,5,20,6,142,7,9,4,1,30
473,"common lisp: the language guy l. steele jr., scott e. fahlman, richard p. gabriel, david a. moon, and daniel l. weinreb burlington, massachusetts 1984",50,0,5,20,6,142,5,27,4,1,30
474,"common lisp: the language (second edition) steele, guy l., jr., fahlman, scott e., gabriel, richard p., moon, david a., weinreb, daniel l., bobrow, daniel g., demichiel, linda g., keene, sonya e., kiczales, gregor, perdue, crispin, pitman, kent m., waters, richard c., and white, jon l massachusetts 1990",50,0,4,20,6,143,7,8,4,1,31
475,"common lisp: the language (second edition). by guy l. steele jr., scott e. fahlman, richard p. gabriel, david a. moon,daniel l. weinreb, daniel g. bobrow, linda g. demichiel, sonya e. keene, gregor kiczales, crispin perdue, kent m. pitman, richard c. waters, and jon l white bedford, massachusetts 1990",50,0,4,20,6,143,7,9,4,1,31
476,"common lisp: the language (second edition). by guy l. steele jr., scott e. fahlman, richard p. gabriel, david a. moon,daniel l. weinreb, daniel g. bobrow, linda g. demichiel, sonya e. keene, gregor kiczales, crispin perdue, kent m. pitman, richard c. waters, and jon l white bedford, massachusetts 1990",50,0,4,20,6,143,7,4,2,1,31
477,"common lisp: the language (second edition). by guy l. steele jr., scott e. fahlman, richard p. gabriel, david a. moon,daniel l. weinreb, daniel g. bobrow, linda g. demichiel, sonya e. keene, gregor kiczales, crispin perdue, kent m. pitman, richard c. waters, and jon l white bedford, massachusetts 1990",50,0,4,20,6,143,7,4,2,1,31
478,"common lisp: the language (second edition). by guy l. steele jr., scott e. fahlman, richard p. gabriel, david a. moon,daniel l. weinreb, daniel g. bobrow, linda g. demichiel, sonya e. keene, gregor kiczales, crispin perdue, kent m. pitman, richard c. waters, and jon l white bedford, massachusetts 1990",50,0,2,20,6,143,10,9,2,1,31
479,"on interprocedural data flow analysis for objectoriented languages s udholt, m. and steigner, c berlin, germany 1992",61,0,6,6,2,32,6,17,4,1,NA
480,"the monk&apos;s problems a performance comparison of different learning algorihms s.b. thrun, j. bala, e. bloedorn, i. bratko, b. cestnik, j. cheng, k. de jong, s dzroski, s.e. fahlman, d. fisher, r. hamann, k. kaufman, s. keller, i. kononenko, j. kreuziger, r.s. michal-ski, t. mitchell, p. pachowicz, y. reich h. vafaie, w. van de welde, w. wenzel, j. wnek, and j. zhang december 1991",1,0,1,22,23,144,17,10,2,1,32
481,"the monk&apos;s problems: a performance comparison of different learning algorithms s.b. thrun, j. bala, e. bloedorn, i. bratko, b. cestnik, j. cheng, k. de jong, s. dzeroski ands.e. fahlman, d. fisher, r. hamann, k. kaufman, s. keller, i. kononenko, j. kreuziger, r.s. michalski, t. mitchell, p. pachowicz, y. reich, h. vafaie, w. van de weldel, w. wenzel, j. wnek, and j. zhang 1991",1,0,1,22,23,145,17,10,2,1,32
482,"the monks problems: a performance comparison of different learning algorithms thrun, s.b., bala, j., bloedorn, e., bratko, i., cestnik, b., cheng, j., de jong, k., dzerowski, s., fahlman, s.e., hamann, r., kaufman, k., keller, s., kononenko, i., kreuziger, j., michalski, r.s., mitchell, t., pachowicz, p., vafaie, h., van de velde, w., wenzel, w., wnek, j., and zhang, j. pittsburgh, pa 1991",1,0,1,22,23,146,17,10,2,1,32
483,"the monks problems: a performance comparison of different learning algorithms thrun, s.b., bala, j., bloedorn, e., bratko, i., cestnik, b., cheng, j., de jong, k., dzerowski, s., fahlman, s.e., hamann, r., kaufman, k., keller, s., kononenko, i., kreuziger, j., michalski, r.s., mitchell, t., pachowicz, p., vafaie, h., van de velde, w., wenzel, w., wnek, j., and zhang, j. pittsburgh, pa 1991",1,0,1,22,23,146,17,10,3,1,32
484,"the monk&apos;s problems a performance comparison of different learning algorithms fahlman, d. fisher, r. hamann, k. kaufman, s. keller, i. kononenko, j. kreuziger, r.s. michal-ski, t. mitchell, p. pachowicz, y. reich, h. vafaie, w. van de welde, w. wenzel, j. wnek, and j. zhang 1991",1,0,1,22,23,145,17,10,2,1,32
485,"the monk&apos;s problems a performance comparison of different learning algorithms fahlman, d. fisher, r. hamann, k. kaufman, s. keller, i. kononenko, j. kreuziger, r.s. michal-ski, t. mitchell, p. pachowicz, y. reich, h. vafaie, w. van de welde, w. wenzel, j. wnek, and j. zhang 1991",1,0,1,22,23,145,17,10,3,1,32
486,"the monk&apos;s problem: a performance comparison of different learning algorithms thrun, s., bala, j., bloedorn, e., bratko, i., cestnik, b., cheng, j., de jong, k., dzeroski, s., fahlman, s., fisher, d., hamann, r., kaufman, k., keller, s., kononenko, i., kreuziger, j., michalski, r., mitchell, t., pachowicz, p., reich, y., vafaie, h., van de welde, w., wenzel, w., wnek, j., &amp; zhang, j 1991",1,0,1,22,23,144,17,10,3,1,32
487,"the monk&apos;s problems: a performance comparison of different learning algorithms thrun, s.; bala, j.; bloedorn, e.; bratko, i.; cestnik, b.; cheng, j.; de jong, k.; dzeroski, s.; fahlman, s.; fisher, d.; hamann, r.; kaufman, k.; keller, s.; kononenko, i.; kreuziger, j.; michalski, r.; mitchell, t.; pachowicz, p.; reich, y.; vafaie, h.; de weldel, w. v.; wenzel, w.; wnek, j.; and zhang, j 1991",1,0,1,22,23,144,17,10,4,1,32
488,"&quot;the monk&apos;s problems: a performance comparison of different learning algorithms,&quot thrun, s.b., bala, j., bloedorn, e., bratko, i., cestnik, b., cheng, j., de jong, k.a., dzeroski, s., fahlman, s.e., hamann, r., kaufman, k., keller, s., kononenko, i., kreuziger, j., michalski, r.s., mitchell, t., pachowicz, p., vafaie, h., van de velde, w., wenzel, w., wnek, j. and zhang, j. pittsburgh, pa december l991",1,0,6,22,23,146,17,10,4,1,32
489,"&quot;the monk&apos;s problems: a performance comparison of different learning algorithms,&quot thrun, s.b., bala, j., bloedorn, e., bratko, i., cestnink, b., cheng, j., dejong, k.a., dzeroski, s., fahlman, s.e., hamann, r., kaufman, k., keller, s., kononenko, i., kreuziger, j., michalski, r.s., mitchell, t., pachowicz, p., vafaie, h., van de velde, w., wenzel, w., wnek, j. and zhang, j. december 1991",1,0,6,22,23,146,17,10,4,1,32
490,"the monk&apos;s problems a performance comparison of different learning algorithms s. b. thrun, j. bala, e. bloendorn, i. bratko, b. cestnik, j. cheng, k. de jong, s. d^zeroski, s. e. fahlman, d. fisher, r. hamann, k. kauf-man, s. keller, i. kononenko, j. kreuziger, r. s. michalski, t. mitchell, p. pachovicz, y. re-ich, h. vafaie, w. van de welde, w. wentzel, j. wnek, and j. zhang 1991",1,0,1,22,23,145,17,10,3,1,32
491,"the monk&apos;s problems a performance comparison of different learning algorithms s. b. thrun, j. bala, e. bloendorn, i. bratko, b. cestnik, j. cheng, k. de jong, s. d^zeroski, s. e. fahlman, d. fisher, r. hamann, k. kauf-man, s. keller, i. kononenko, j. kreuziger, r. s. michalski, t. mitchell, p. pachovicz, y. re-ich, h. vafaie, w. van de welde, w. wentzel, j. wnek, and j. zhang pittsburgh, pa - usa 1991",1,0,1,22,23,144,17,10,3,1,32
492,"the monk&apos;s problems a performance comparison of different learning algorihms s.b. thrun, j. bala, e. bloedorn, i. bratko, b. cestnik, j. cheng, k. de jong, s dzroski, s.e. fahlman, d. fisher, r. hamann, k. kaufman, s. keller, i. kononenko, j. kreuziger, r.s. michalski, t. mitchell, p. pachowicz, y. re-ich h. vafaie, w. van de welde, w. wenzel, j. wnek, and j. zhang december 1991",1,0,1,22,23,145,17,10,3,1,32
493,"the monk&apos;s problems a performance comparison of different learning algorithms s.b. thrun, j. bala, e. bloedorn, i. bratko, b. cestnik, j. cheng, k. de jong, s. dzeroski, s.e. fahlman, d. fisher, r.hamann, k. kaufman, s. keller, i. kononenko, j. kreuziger, r.s. michalski, t. mitchell, p. pachowicz, y. reich, h. vafaie, w. van de welde, w. wenzel, j. wnek, and j. zhang 1991",1,0,1,22,23,145,17,10,3,1,32
494,"the monk&apos;s problems: a performance comparison of different learning algorithms s.b. thrun, j. bala, e. bloedorn, i. bratko, b. cestnik, j. cheng, k. de jong, s. dzeroski, s.e. fahlman, d. fisher, r.hamann, k. kaufman, s. keller, i. kononenko, j. kreuziger, r.s. michalski, t. mitchell, p. pachowicz, y. reich, h. vafaie, w. van de weldel, w. wenzel, j. wnek, and j. zhang 1991",1,0,1,22,23,145,17,10,3,1,32
495,"the monk&apos;s problems a performance comparison of different learning algorithms sebastian b. thrun, jerzy bala, eric bloedorn, ivan bratko, bojan cestnik, john cheng, kenneth de jong, saso dzeroski,douglas fisher, scott e. fahlman, rainer hamann, kenneth kaufman, stefan keller, igor kononenko, juergen kreuziger, ryszard s. michalski, tom mitchell, peter pachowicz, yoram reich, haleh vafaie, walter van de welde, walter wenzel, janusz wnek, and jianping zhang pittsburgh, pa december 1991",1,0,1,22,23,147,8,26,1,1,32
496,"the monk&apos;s problems a performance comparison of different learning algorithms sebastian b. thrun, jerzy bala, eric bloedorn, ivan bratko, bojan cestnik, john cheng, kenneth de jong, saso dzeroski,douglas fisher, scott e. fahlman, rainer hamann, kenneth kaufman, stefan keller, igor kononenko, juergen kreuziger, ryszard s. michalski, tom mitchell, peter pachowicz, yoram reich, haleh vafaie, walter van de welde, walter wenzel, janusz wnek, and jianping zhang pittsburgh, pa december 1991",1,0,1,22,23,147,6,41,3,1,32
497,"the monk&apos;s problems a performance comparison of different learning algorithms sebastian b. thrun, jerzy bala, eric bloedorn, ivan bratko, bojan cestnik, john cheng, kenneth de jong, saso dzeroski,douglas fisher, scott e. fahlman, rainer hamann, kenneth kaufman, stefan keller, igor kononenko, juergen kreuziger, ryszard s. michalski, tom mitchell, peter pachowicz, yoram reich, haleh vafaie, walter van de welde, walter wenzel, janusz wnek, and jianping zhang pittsburgh, pa december 1991",1,0,1,22,23,147,13,41,3,1,32
498,"the monk&apos;s problems a performance comparison of different learning algorithms s.b. thrun, j. bala, e. bloedorn, i. bratko, b. cestnik, j. cheng, k. de jong, s. dzeroski, s.e. fahlman, d. fisher, r.hamann, k. kaufman, s. keller, i. kononenko, j. kreuziger, r.s. michalski, t. mitchell, p. pachowicz, y. reich, h. vafaie, w. van de welde, w. wenzel, j. wnek, and j. zhang pittsburgh, pa 1991",1,0,1,22,23,145,17,10,3,1,32
499,"the monk&apos;s problems a performance comparison of different learning algorithms thrun, s., bala, j., bloedorn, e., bratko, i., cestnik, b., cheng, j., de jong, k., dzeroski, s., fisher, d., fahlman,s., hamann, r., kaufman, k., keller, s., kononenko, i., kreuziger, j., michalski, r., mitchell, t., pachowicz, p., reich, y., vafaie, h., van de welde, w., wenzel, w., wnek, j. and zhang, j 1991",1,0,1,22,23,144,17,10,3,1,32
500,"the monk&apos;s problems a performance comparison of different learning algorithms s. thrun, j. bala, e. bloedorn, i. bratko, b. cestnik, j. cheng, k. de jong, s. dzeroski, d. fisher, s. e. fahlman, r.hamann, k. kaufman, s. keller, i. kononenko, j. kreuziger, r. s. michalski, t.m. mitchell, p. pachowicz, y. reich, h. vafaie, w. van de welde, w. wenzel, j. wnek, and j. zhang pittsburgh, pa december 1991",1,0,1,22,23,144,17,10,2,1,32
501,"the monk&apos;s problems a performance comparison of different learning algorithms s. thrun, j. bala, e. bloedorn, i. bratko, b. cestnik, j. cheng, k. de jong, s. dzeroski, d. fisher, s. e. fahlman, r.hamann, k. kaufman, s. keller, i. kononenko, j. kreuziger, r. s. michalski, t.m. mitchell, p. pachowicz, y. reich, h. vafaie, w. van de welde, w. wenzel, j. wnek, and j. zhang pittsburgh, pa december 1991",1,0,1,22,23,144,8,23,3,1,32
502,"the monk&apos;s problems a performance comparison of different learning algorithms s. thrun, j. bala, e. bloedorn, i. bratko, b. cestnik, j. cheng, k. de jong, s. dzeroski, d. fisher, s. e. fahlman, r.hamann, k. kaufman, s. keller, i. kononenko, j. kreuziger, r. s. michalski, t.m. mitchell, p. pachowicz, y. reich, h. vafaie, w. van de welde, w. wenzel, j. wnek, and j. zhang pittsburgh, pa december 1991",1,0,1,22,23,144,12,10,1,1,32
503,"the monks problems: a performance comparison of different learning algorithms thrun. s.b., bala, j., bloedorn, e., bratko, i., cestnik, b., cheng, j., de jong, k.a., dzeroski, s., fahlman, s.e., hamann, r., kaufman, k., keller, s., kononenko, i., kreuziger, j., michalski, r.s., mitchell, t., pachowicz, p., vafaie, h., van de velde, w., wenzel, w., wnek, j., and zhang, j. pittsburgh, pa 1991",1,0,1,22,23,146,12,42,1,1,32
504,"the monk&apos;s problems a performance comparison of different learning algorithms s. thrun, j. bala, e. bloedorn, i. bratko, b. cestnik, j. cheng, k. de jong, s. dzeroski, s.e. fahlman, d. fisher, r. hamann, k. kaufman, s. keller, i. kononenko, j. kreuziger, r.s. michalski, t. mitchell, p. pachowicz, y. reich, h. vafaie, w. van de welde, w. wenzel, j. wnek, and j. zhang 1991",1,0,1,22,23,145,17,10,3,1,32
505,"the monk&apos;s problem: a performance comparison of different learning algorithms s.b. thrun, j. bala, e. bloedorn, b. cheng i. bratko, s. dzeroski k. de-jong, s. fahlman, d. fisher, r. hamann, k. kaufman, s. keller, i. kononenko, j. kreuziger, r. michalski, t. mitchell, p. pachowicz, y. reich, h. vafaie, k. van de welde, w. wenzel, j. wnek, and j. zhang december 1990",1,0,1,22,23,144,7,3,3,1,32
506,"the monk&apos;s problems a performance comparison of different learning algorithms thrun, s., bala, j., bloedorn, e., bratko, i., cestnik, b., cheng, j., de jong, k., dzeroski, s., fisher, d., fahlman,s., hamann, r., kaufman, k., 8 keller, s., kononenko, i., kreuziger, j., michalski, r., mitchell, t., pa--chowicz, p., reich, y., vafaie, h., van de welde, w., wenzel, w., wnek, j. and zhang, j 1991",1,0,1,22,23,144,17,10,4,1,32
507,"the monk&apos;s problems: a performance comparison of different learning algorithms s. b. thrun, j. bala, e. bloedorn, i. bratko, b. cestnik, j. cheng, k. de jong, s. dze-roski, s. e. fahlman, d. fisher,r. hamann, k. kaufaman, s. keller, i. kononenko, j. kreusiger, r. s. michalski, t. mitchell, p. pachowitz, y. reich, h. vafaic, w. van de weldel, w. wenzel, j. wnek, and j. zhang 1991",1,0,1,22,23,145,17,10,3,1,32
508,"the monk&apos;s problems: a performance comparison of different learning algorithms s. b. thrun, j. bala, e. bloedorn, i. bratko, b. cestnik, j. cheng, k. de jong, s. dze-roski, s. e. fahlman, d. fisher,r. hamann, k. kaufaman, s. keller, i. kononenko, j. kreusiger, r. s. michalski, t. mitchell, p. pachowitz, y. reich, h. vafaic, w. van de weldel, w. wenzel, j. wnek, and j. zhang 1991",1,0,1,22,23,145,17,10,3,1,32
509,"the monk&apos;s problems a performance comparison of different learning algorithms thrun, s., bala, j., bloedorn, e., bratko, i., cestnik, b., cheng, j., de jong, k., dzeroski, s., fisher, d., fahlman,s., hamann, r., kaufman, k., keller, s., kononenko, i., kreuziger, j., michalski, r., mitchell, t., pa-chowicz, p., reich, y., vafaie, h., van de welde, w., wenzel, w., wnek, j. and zhang, j 1991",1,0,1,22,23,144,17,5,1,1,32
510,"the monk&apos;s problems: a performance comparison of different learning algorithms s. b. thrun, j. bala, e. bloedorn, i. bratko, b. cestnik, j. cheng, k. de jong, s. dzeroski, s. e. fahlman, d. fisher,r. hamann, k. kaufaman, s. keller, i. kononenko, j. kreusiger, r. s. michalski, t. mitchell, p. pachowitz, y. reich, h. vafaic, w. van de weldel, w. wenzel, j. wnek, and j. zhang 1991",1,0,1,22,23,145,19,10,1,1,32
511,"the monk&apos;s problems: a performance comparison of different learning algorithms s.b. thrun, j. bala, e. bloedorn, i. bratko, b. cestnik, j. cheng, k. de jong, s. dzeroski, s.e. fahlman, d. fisher, r.hamann, k. kaufman, s. keller, i. kononenko, j. kreuziger, r.s. michalski, t. mitchell, p. pachowicz, y. reich, h. vafaie, w. van de weldel, w. wenzel, j. wnek, and j. zhang 1991",1,0,1,22,23,145,17,10,1,1,32
512,"the monk&apos;s problems: a performance comparison of different learning algorithms s.b. thrun, j. bala, e. bloedorn, i. bratko, b. cestnik, j. cheng, k. de jong, s. dzeroski, s.e. fahlman, d. fisher, r.hamann, k. kaufman, s. keller, i. kononenko, j. kreuziger, r.s. michalski, t. mitchell, p. pachowicz, y. reich, h. vafaie, w. van de weldel, w. wenzel, j. wnek, and j. zhang 1991",1,0,1,22,23,145,17,10,1,1,32
513,"the monk&apos;s problems: a performance comparison of different learning algorithms thrun, s. b., bala, j., bloedorn, e., bratko, i., cestnik, b., cheng, j., de jong, k., d zeroski, s., fahlman, s. e., fisher, d., hamann, r., kauf-man, k., keller, s., kononenko, i., kreuziger, j., michalski, r. s., mitchell, t., pachowicz, p., reich, y., vafaie, h., van de velde, w., wenzel, w., wnek, j., and zhang, j 1991",1,0,1,22,23,144,17,10,1,1,32
514,"the monk&apos;s problems a performance comparison of different learning algorithms s.b. thrun, j. bala, e. bloedorn, i. bratko, b. cestnik, j. cheng, k. de jong, s. dzeroski, s.e. fahlman, d. fisher, r.hamann, k. kauf-man, s. keller, i. kononenko, j. kreuziger, r.s. michalski, t. mitchell, p. pachowicz, y. reich, h. vafaie, w. van de welde, w. wenzel, j. wnek, and j. zhang 1991",1,0,1,22,23,145,17,10,1,1,32
515,"the monk&apos;s problems a performance comparison of different learning algorithms s.b. thrun, j. bala, e. bloedorn, i. bratko, b. cestnik, j. cheng, k. de jong, s. dzeroski, s.e. fahlman, d. fisher, r.hamann, k. kaufman, s. keller, i. kononenko, j. kreuziger, r.s. michalski, t. mitchell, p. pachowicz, y. reich, h. vafaie, w. van de welde, w. wenzel, j. wnek, and j. zhang 1991",1,0,1,22,23,145,17,10,1,1,32
516,"the monk&apos;s problems a performance comparison of different learning algorithms s.b. thrun, j. bala, e. bloedorn, i. bratko, b. cestnik, j. cheng, k. de jong, s. dzeroski, s.e. fahlman, d. fisher, r.hamann, k. kaufman, s. keller, i. kononenko, j. kreuziger, r.s. michalski, t. mitchell, p. pachowicz, y. reich, h. vafaie, w. van de welde, w. wenzel, j. wnek, and j. zhang pittsburgh, pa",1,0,3,22,23,144,10,2,1,1,32
517,"the monk&apos;s problems: a performance comparison of differ-ent learning algorithms s.b. thrun, j. bala, e. bloedorn, i. bratko, b. cestnik, j. cheng, k. de jong, s. dzeroski, s.e. fahlman, d. fisher, r.hamann, k. kaufman, s. keller, i. kononenko, j. kreuziger, r.s. michalski, t. mitchell, p. pachowitz, y. reich, h. vafaie, w. van de welde, w. wenzel, j. wnek, and j. zhang december 1991",1,0,1,22,23,144,17,10,1,1,32
518,"the monk&apos;s problems: a performance comparison of different learning algorithms thurn, s. b., bala, j., bloedorn, e., bratko, i., cestnik, b., cheng, j., jong, k. d., dzeroski, s., fahlman, s. e., fisher, d., hamann, r., kaufman, k., keller, s., kononenko, i., kreuziger, j., michalski, r. s., mitchell, t., pachowicz, p., reich, y., vafaie, h., de welde, w. v., wenzel, w., wnek, j., and zhang, j. pittsburgh, pa december 1990",1,0,2,22,23,144,10,2,4,1,32
519,"`the monk&apos;s problems: a performance comparison of different learning algorithms&apos; thurn, s. b., bala, j., bloedorn, e., bratko, i., cestnik, b., cheng, j., de jong, k., dzeroski, s., fahlman, s. e., fisher, d., hamann, r., kaufman, k., keller, s., kononenko, i., kreuziger, j., michalski, r. s., mitchell, t., pachowicz, p., reich, y., vafaie, h., van de welde, w., wenzel, w., wnek, j., and zhang, j. december 1991",1,0,1,22,23,144,17,10,1,1,32
520,"compile-time analysis of object-oriented programs vitek, j., horspool, r. n., and uhl, j. s berlin, germany 1992",61,0,7,6,23,33,10,2,4,1,NA
521,"1987 avoidance of posterior tectal membranes by temporal retinal axons walter, j., henke-fahle, s. &amp; bonhoeffer, f",61,0,2,2,18,34,7,2,3,1,NA
522,"models of perceptual learning in vernierhyperacuity weiss, y., edelman, s., and fahle, m 1993",40,0,2,9,11,148,10,2,1,1,33
523,"models of perceptual learning in vernierhyperacuity weiss, y., edelman, s., and fahle, m 1993",40,0,3,9,11,148,10,2,4,1,33
524,"models of perceptual learning in vernierhyperacuity weiss, y., edelman, s., and fahle, m 1993",40,0,3,9,11,148,10,2,1,1,33
525,"models of perceptual learning in vernierhyperacuity weiss, y., edelman, s., and fahle, m 1993",40,0,3,9,11,148,10,2,1,1,33
526,"models of perceptual learning in vernierhyperacuity weiss, y., edelman, s., and fahle, m 1993",40,0,4,9,11,148,10,2,1,1,33
527,"models of perceptual learning in vernierhyperacuity weiss, y., edelman, s., and fahle, m 1993",40,0,3,9,11,148,10,2,1,1,33
528,"&quot;neural-bench benchmark collection&quot; white, m. &amp; fahlman, s. e 1994",65,0,3,13,16,35,7,2,1,1,NA
529,"the design of an instruction set for common lisp wholey, skef, and fahlman, scott e (austin, texas august 1984",50,0,2,12,6,36,10,8,1,1,NA
530,"learning representative exemplars of concepts: an initial case study kibler, d. &amp; aha, d. w irvine, ca 1987",19,0,5,23,24,149,7,11,4,1,34
531,"learning representative exemplars of concepts: an initial case study kibler, d., &amp; aha, d. w irvine, ca 1987",19,0,5,23,24,149,7,11,4,1,34
532,"learning representative exemplars of concepts: an initial case study kibler, d., &amp; aha, d. w irvine, ca 1987",19,0,5,23,24,149,7,11,4,1,34
533,"learning representative exemplars of concepts: an initial case study kibler, d., &amp; aha, d. w irvine, ca 1987",19,0,2,23,24,149,7,9,2,1,34
534,"learning representative exemplars of concepts: an initial case study kibler, d., &amp; aha, d. w irvine, ca 1987",19,0,1,23,24,149,17,10,3,1,34
535,"learning representative exemplars of concepts: an initial case study kibler, d., and aha, d 1987",19,0,1,23,24,150,7,11,4,1,34
536,"learning representative exemplars of concepts: an initial case study kibler, d., and aha, d 1987",19,0,5,23,24,150,7,11,4,1,34
537,"learning representative exemplars of concepts: an initial case study kibler, d., and aha, d. w irvine, ca 1987",19,0,3,23,24,149,7,11,4,1,34
538,"learning representative exemplars of concepts: an initial case study kibler, d., and aha, d. w irvine, ca 1987",19,0,5,23,24,149,7,11,4,1,34
539,"learning representative exemplars of concepts: an initial case study kibler, d., and aha david w irvine, ca 1987",19,0,6,23,24,149,16,12,4,1,34
540,"learning representative exemplars of concepts: an initial case study kibler, d., and david w. aha irvine, ca 1987",19,0,6,23,24,149,16,12,4,1,34
541,"learning representative exemplars of concepts: an initial case study kibler, d., and david w. aha irvine, ca 1987",19,0,6,23,24,149,2,12,4,1,34
542,"learning representative exemplars of concepts: an initial case study kibler, d., and david w. aha irvine, ca 1987",19,0,6,23,24,149,7,12,1,1,34
543,learning representative exemplars of concepts: an initial case study d. kibler and d. w. aha ca 1987,19,0,6,23,24,149,7,11,4,1,34
544,learning representative exemplars of concepts: an initial case study d. kibler and d. aha los altos 1987,19,0,6,23,24,150,7,27,4,1,34
545,"learning representative exemplars of concepts: an initial case study d. kibler and d. aha irvine, ca 1987",19,0,5,23,24,149,7,11,4,1,34
546,"learning representative exemplars of concepts: an initial case study d. kibler and d. aha irvine, ca 1987",19,0,6,23,24,149,7,11,4,1,34
547,learning representative exemplars of concepts: an initial case study d. kibler and d. w. aha ca 1987,19,0,5,23,24,149,7,11,4,1,34
548,"learning representative exemplars of concepts: an initial case study kibler, d., and aha, d.w 1987",19,0,1,23,24,150,7,12,4,1,34
549,"learning representative exemplars of concepts: an initial case study kibler, d., and aha, d.w 1987",19,0,4,23,24,150,3,14,4,1,34
550,"learning representative exemplars of concepts: an initial case study kibler, d., and aha, d.w 1987",19,0,6,23,24,150,7,11,4,1,34
551,learning representative examplars of concepts; an initial study d. kibler and d. aha 1987,19,0,4,23,24,150,6,24,2,1,34
552,"learning representative exemplars of concepts: an initial case study dennis kibler and david w. aha los altos, california 1987",19,0,4,23,24,150,7,1,1,1,34
553,"&quot;learning representative exemplars of concepts: an initial case study,&quot d. kibler and d. w. aha irvine, ca 1987",19,0,1,23,24,149,7,35,1,1,34
554,"noise-tolerant instance based leanring algorithms aha, d. &amp; kibler, d 1989",27,0,6,24,25,151,16,12,4,1,35
555,"noise-tolerant instance-based leanring algorithms aha, d. &amp; kibler, d 1989",27,0,6,24,25,151,16,12,4,1,35
556,"noise-tolerant instance-based learning algorithms aha, d. &amp; kibler, d 1989",27,0,6,24,25,151,16,12,4,1,35
557,"noise-tolerant instance-based learning algorithms aha, d. &amp; kibler, d 1989",27,0,6,24,25,151,16,12,4,1,35
558,"noise-tolerant instance-based learning algorithms aha, d. &amp; kibler, d 1989",27,0,6,24,25,151,16,12,4,1,35
559,"noise-tolerant instance-based learning algorithms aha, d. w. &amp; kibler d los altos, ca 1989",27,0,2,24,25,151,3,18,2,1,35
560,"noise-tolerant instance-based learning algorithms aha, d. w. and kibler, d san mateo, ca 1989",27,0,2,24,25,151,6,31,4,1,35
561,"noise-tolerant instance-based learning algorithms aha, d. w., &amp; kibler, d san mateo, ca 1989",27,0,6,24,25,151,16,12,4,1,35
562,"noise-tolerant instance-based learning algorithms aha, d. w., &amp; kibler, d detroit, mi 1989",56,0,6,24,25,151,16,12,4,1,35
563,"noise-tolerant instance-based learning algorithms aha, d. w., &amp; kibler, d detroit, mi 1989",56,0,6,24,25,151,16,12,2,1,35
564,"noise-tolerant instance-based learning algorithms aha, d. w., &amp; kibler, d detroit, mi 1989",56,0,6,24,25,151,16,12,4,1,35
565,"noise-tolerant instance-based learning algorithms aha, d. w., &amp; kibler, d detroit, michigan 1989",27,0,6,24,25,151,16,12,4,1,35
566,"noise-tolerant instance-based learning algorithms aha, d. w., &amp; kibler, d detroit, michigan 1989",27,0,6,24,25,151,16,12,4,1,35
567,"noise-tolerant instace-based learning algorithms aha, d. and kibler, d detroit, mi 1989",56,0,6,24,25,151,16,12,4,1,35
568,"noise-tolerant instace-based learning algorithms aha, d. and kibler, d detroit, mi 1989",56,0,6,24,25,151,16,12,4,1,35
569,"noise tolerant instance-based learning algorithms aha, d., &amp; kibler, d detroit, mi 1989",56,0,6,24,25,151,16,12,2,1,35
570,"noise-tolerant instance-based learning algorithms aha, d., &amp; kibler, d detroit, mi 1989",56,0,6,24,25,151,16,12,4,1,35
571,"noise-tolerant instance-based learning algorithms aha, d.w., kibler, d 1989",56,0,6,24,25,151,16,12,4,1,35
572,"noise-tolerant instance-based learning algorithms d. aha and d. kibler detroit, mi 1989",56,0,6,24,25,151,16,12,4,1,35
573,"noise-tolerant instance-based learning algorithms aha, d.w., and kibler, d. detroit, mi 1989",56,0,6,24,25,151,16,12,4,1,35
574,"noise-tolerant instance-based learning algorithms aha, d.w., and kibler, d. detroit, mi 1989",56,0,6,24,25,151,16,12,4,1,35
575,noise-tolerant instance-based learning algorithms david w. aha and dennis kibler 1989,27,0,1,24,25,151,16,12,4,1,35
576,noise-tolerant instance-based learning algorithm d.w. aha and d. kibler detroit 1989,56,0,6,24,25,151,16,12,4,1,35
577,"noise-tolerant instance-based learning algorithms aha, d. and kibler, d 1989",27,0,6,24,25,151,16,12,4,1,35
578,"noise-tolerant instance-based learning algorithms d. aha and d. kibler detroit, mi 1989",56,0,6,24,25,151,16,12,4,1,35
579,"noise-tolerant instance-based learning algorithms d. aha and d. kibler dtroit, mi 1989",56,0,6,24,25,151,16,12,4,1,35
580,"instance-based learning algorithms aha, d. w., kibler, d. &amp; albert, m. k 1990",39,0,3,25,26,152,15,19,4,1,NA
581,"instance-based learning algorithms aha, d.w., kibler, d. and albert, m.k 1991",39,0,3,26,27,153,15,19,4,1,36
582,"instance-based learning algorithms aha, d.w., kibler, d. and albert, m.k 1991",39,0,6,26,27,153,4,29,4,1,36
583,"instance-based learning algorithms aha, d. w., kibler, d., &amp; albert, m 1991",39,0,3,25,26,152,7,3,4,1,36
584,"instance-based learning algorithms aha, d.w., kibler e., albert m.k. 1991",39,0,2,26,27,152,18,13,2,1,36
585,"instance-based learning algorithms aha, d.w., kibler, d., and albert, m.k. 1991",39,0,6,26,27,153,13,41,3,1,36
586,"instance-based learning algorithms d. aha, d. kibler, and m. albert 1991",39,0,4,25,26,153,10,2,1,1,36
587,"instance-based learning algorithms d. aha, d. kibler, and m. albert 1991",39,0,4,25,26,153,7,8,1,1,36
588,"instance-based learning algorithms d.w. aha, d. kibler, and m.k. albert 1991",39,0,6,26,27,152,3,43,4,1,36
589,"instance-based learning algorithms d.w. aha, d. kibler, and m.k. albert 1991",39,0,6,26,27,152,6,13,2,1,36
590,"``instance based learning algorithms,&apos;&apos aha, d. w., d. kibler, and m. k. albert 1991",39,0,6,25,26,154,3,21,4,1,36
591,"&quot;instance-based learning algorithms&quot; aha, d. w., kibler, d. &amp; albert, m. k 1991",39,0,6,13,26,155,7,7,2,1,36
592,"&quot;instance-based learning algorithms&quot; aha, d. w., kibler, d. &amp; albert, m. k 1991",39,0,7,13,26,155,3,15,2,1,36
593,"&quot;instance-based learning algorithms&quot; aha, d. w., kibler, d. &amp; albert, m. k 1991",39,0,3,13,26,155,20,22,4,1,36
594,"&quot;instance-based learning algorithms&quot; aha, d. w., kibler, d. &amp; albert, m. k 1991",39,0,3,13,26,155,20,22,3,1,36
595,"&quot;instance-based learning algorithms&quot; aha, d. w., kibler, d. &amp; albert, m. k 1991",39,0,3,13,26,155,3,22,4,1,36
596,"&quot;instance-based learning algorithms&quot; aha, d. w., kibler, d. &amp; albert, m. k 1991",39,0,3,13,26,155,7,43,4,1,36
597,"instance-based learning algorithms aha, d. w., kibler, d., &amp; albert, m 1991",39,0,6,25,26,152,6,44,2,1,36
598,"instance-based learning algorithms aha, d. w., kibler, d., &amp; albert, m 1991",39,0,6,25,26,152,4,29,4,1,36
599,"instance-based learning algorithms aha, d. w., kibler, d., &amp; albert, m 1991",39,0,6,25,26,152,7,28,2,1,36
600,"instance-based learning algorithms aha, d. w., kibler, d., &amp; albert, m 1991",39,0,1,25,26,152,7,1,1,1,36
601,"instance-based learning algorithms aha, d. w., kibler, d., &amp; albert, m 1991",39,0,6,25,26,152,7,45,2,1,36
602,"`instance-based learning algorithms&apos; aha, d. w., kibler, d., &amp; albert, m 1991",39,0,6,25,26,156,7,37,2,1,36
603,"instance-based learning algorithms aha, d. w., kibler, d., &amp; albert, m 1991b",39,0,2,25,26,152,7,37,2,1,36
604,"instance-based learning algorithms aha, d. w., kibler, d., &amp; albert, m. k 1991",39,0,3,25,26,152,10,2,2,1,36
605,"instance-based learning algorithms aha, d. w., kibler, d., &amp; albert, m. k 1991",39,0,6,25,26,152,3,13,2,1,36
606,"instance-based learning algorithms aha, d. w., kibler, d., &amp; albert, m. k 1991",39,0,2,25,26,152,6,13,2,1,36
607,"instance-based learning algorithms aha, d. w., kibler, d., &amp; albert, m. k 1991",39,0,2,25,26,152,6,13,2,1,36
608,"instance-based learning algorithms aha, d. w., kibler, d., &amp; albert, m. k 1991",39,0,6,25,26,152,3,19,4,1,36
609,"instance-based learning algorithms aha, d. w., kibler, d., &amp; albert, m. k 1991",39,0,6,25,26,152,3,13,4,1,36
610,"instance-based learning algorithms aha, d. w., kibler, d., &amp; albert, m. k 1991",39,0,6,25,26,152,4,46,4,1,36
611,"instance-based learning algorithms aha, d. w., kibler, d., &amp; albert, m. k 1991",39,0,6,25,26,152,4,46,4,1,36
612,"instance-based learning algorithms aha, d. w., kibler, d., &amp; albert, m. k 1991",39,0,6,25,26,152,4,46,4,1,36
613,"instance-based learning algorithms aha, d. w., kibler, d., &amp; albert, m. k 1991",39,0,6,25,26,152,4,46,4,1,36
614,"instance-based learning algorithms aha, d. w., kibler, d., &amp; albert, m. k 1991",39,0,6,25,26,152,4,46,4,1,36
615,"instance-based learning algorithms aha, d. w., kibler, d., &amp; albert, m. k 1991",39,0,6,25,26,152,4,29,4,1,36
616,"instance-based learning algorithms aha, d. w., kibler, d., &amp; albert, m. k 1991",39,0,5,25,26,152,8,47,3,1,36
617,"instance-based learning algorithms aha, d. w., kibler, d., &amp; albert, m. k 1991",39,0,8,25,26,152,8,33,3,1,36
618,"instance-based learning algorithms aha, d. w., kibler, d., &amp; albert, m. k 1991",39,0,8,25,26,152,8,33,3,1,36
619,"instance-based learning algorithms aha, d. w., kibler, d., &amp; albert, m. k 1991",39,0,6,25,26,152,6,41,3,1,36
620,"instance-based learning algorithms aha, d. w., kibler, d., &amp; albert, m. k 1991",39,0,3,25,26,152,7,26,4,1,36
621,"instance-based learning algorithms aha, d. w., kibler, d., &amp; albert, m. k 1991",39,0,6,25,26,152,6,41,2,1,36
622,"instance-based learning algorithms aha, d. w., kibler, d., &amp; albert, m. k 1991",39,0,6,25,26,152,7,27,4,1,36
623,"instance-based learning algorithms aha, d. w., kibler, d., &amp; albert, m. k 1991",39,0,6,25,26,152,3,48,4,1,36
624,"instance-based learning algorithms aha, d. w., kibler, d., &amp; albert, m. k 1991",39,0,6,25,26,152,15,19,2,1,36
625,"instance-based learning algorithms aha, d. w., kibler, d., &amp; albert, m. k 1991",39,0,6,25,26,152,6,31,4,1,36
626,"instance-based learning algorithms aha, d. w., kibler, d., &amp; albert, m. k 1991",39,0,6,25,26,152,2,44,4,1,36
627,"instance-based learning algorithms aha, d. w., kibler, d., &amp; albert, m. k 1991",39,0,7,25,26,152,3,15,4,1,36
628,"instance-based learning algorithms aha, d. w., kibler, d., &amp; albert, m. k 1991",39,0,6,25,26,152,13,41,3,1,36
629,"instance-based learning algorithms aha, d. w., kibler, d., &amp; albert, m. k 1991",39,0,6,25,26,152,16,12,4,1,36
630,"instance-based learning algorithms aha, d. w., kibler, d., &amp; albert, m. k 1991",39,0,6,25,26,152,10,8,1,1,36
631,"instance-based learning algorithms aha, d. w., kibler, d., &amp; albert, m. k 1991",39,0,4,25,26,152,7,3,1,1,36
632,"instance-based learning algorithms aha, d. w., kibler, d., and albert, m. k 1991",39,0,4,25,26,153,7,4,3,1,36
633,"instance-based learning algorithms aha, d. w., kibler, d., and albert, m. k 1991",39,0,4,25,26,153,7,4,3,1,36
634,"instance-based learning algorithms aha, d. w., kibler, d., and albert, m. k 1991",39,0,1,25,26,153,7,3,1,1,36
635,"instance-based learning aha, d., kibler d., and albert, m.k 1991",39,0,1,26,27,152,19,5,1,1,36
636,"instance-based learning algorithms aha, d., kibler, d. &amp; albert m boston, ma 1991",39,0,1,25,26,153,19,5,1,1,36
637,"instance-based learning algorithms aha, d., kibler, d. &amp; albert m boston, ma 1991",39,0,1,25,26,153,12,6,1,1,36
638,"instance-based learning algorithms aha, d., kibler, d. &amp; albert, m 1991",39,0,1,25,26,153,12,6,1,1,36
639,"instance based learning algorithms aha, d., kibler, d. and albert m boston, ma 1991",39,0,1,25,26,153,12,6,1,1,36
640,"instance-based learning algorithms aha, d., kibler, d., &amp; albert, m boston 1991",39,0,3,25,26,153,10,2,1,1,36
641,"instance-based learning algorithms aha, d., kibler, d., &amp; albert, m 1991",39,0,3,25,26,152,7,27,4,1,36
642,"instance-based learning algorithms aha, d., kibler, d., &amp; albert, m 1991",39,0,6,25,26,152,10,2,4,1,36
643,"instance-based learning algorithms aha, d., kibler, d., &amp; albert, m 1991",39,0,3,25,26,152,10,2,1,1,36
644,"instance-based learning algorithms aha, d., kibler, d., &amp; albert, m 1991",39,0,6,25,26,152,15,19,4,1,36
645,"instance-based learning algorithms aha, d., kibler, d., &amp; albert, m 1991",39,0,2,25,26,152,10,2,1,1,36
646,"instance-based learning algorithms aha, d., kibler, d., &amp; albert, m 1991",39,0,7,25,26,152,3,15,4,1,36
647,"instance-based learning algorithms aha, d., kibler, d., and albert, m 1991",39,0,6,25,26,153,16,12,4,1,36
648,"instance-based learning algorithms aha, d., kibler, d., and albert, m 1991",39,0,6,25,26,153,3,2,4,1,36
649,"instance-based learning algorithms aha, d., kibler, d., and albert, m 1991",39,0,3,25,26,153,7,3,1,1,36
650,"instance-based learning algorithms aha, d.w., d. kibler &amp; albert m.k 1991",39,0,3,26,27,153,10,2,2,1,36
651,"instance-based learning algorithms aha, d.w., d. kibler &amp; albert m.k 1991",39,0,3,26,27,153,10,2,1,1,36
652,"instance-based learning algorithms aha, d.w., kibler, d., &amp; albert, m.k 1991",39,0,3,26,27,153,10,2,1,1,36
653,"instance-based learning algorithms aha, d.w., kibler, d., &amp; albert, m.k 1991",39,0,3,26,27,153,10,2,1,1,36
654,"instance-based learning algorithms aha, d.w., kibler, d., &amp; albert, m.k 1991",39,0,3,26,27,153,7,3,1,1,36
655,"instance-based learning algorithms aha, d.w., kibler, d., &amp; albert, m.k 1991",39,0,4,26,27,153,7,9,4,1,36
656,"instance-based learning algorithms aha, david w., dennis kibler, albert marc k 1991",62,0,6,27,28,152,7,8,4,1,36
657,"instance-based learning algorithms aha, david w., dennis kibler, marc k. albert 1991",62,0,6,27,28,152,7,8,4,1,36
658,"instance-based learning algorithms aha, david w., dennis kibler, marc k. albert 1991",62,0,6,27,28,152,13,9,3,1,36
659,"instance-based learning algorithms aha, david w., dennis kibler, marc k. albert 1991",62,0,1,27,28,152,17,10,3,1,36
660,"instance-based learning algorithms aha, david w., dennis kibler, marc k. albert 1991",62,0,1,27,28,152,17,10,4,1,36
661,"instance-based learning algorithms aha, david w., dennis kibler, and marc k. albert 1991",62,0,1,27,28,152,17,3,3,1,36
662,"instance-based learning algorithms aha, david w., dennis kibler, and marc k. albert 1991",62,0,5,27,28,152,15,19,4,1,36
663,"instance-based learning algorithms aha, david w., dennis kibler, and marc k. albert 1991",62,0,1,27,28,152,12,11,4,1,36
664,"instance-based learning algorithms aha, david w., kibler, dennis, &amp; albert, marc k 1991",62,0,6,27,28,152,16,12,4,1,36
665,"instance-based learning algorithms d. aha, d. kibler, and m. albert 1991",39,0,6,25,26,153,15,19,4,1,36
666,"&quot;instance-based learning methods,&quot aha, d. w., kibler, d., albert, m. k 1991",39,0,6,13,26,155,6,44,2,1,36
667,"&quot;instance-based learning methods,&quot aha, d. w., kibler, d., albert, m. k 1991",39,0,6,13,26,155,6,29,4,1,36
668,"&quot;instance-based learning methods,&quot aha, d. w., kibler, d., albert, m. k 1991",39,0,6,13,26,155,13,41,3,1,36
669,"instance-based learning algorithms aha, d., d. kibler, albert &amp; m 1991",39,0,1,25,26,152,12,6,1,1,36
670,"instance-based learning algorithms d. aha, d. kibler, and m. albert 1991",39,0,1,25,26,153,12,6,1,1,36
671,"&quot;instance-based learning algorithms,&quot d. aha, d. kibler, and m. albert 1991",39,0,6,13,26,155,2,44,2,1,36
672,"&quot;instance-based learning algorithms d. aha, d. kibler, and m. albert 1991",39,0,6,13,26,155,2,44,2,1,36
673,"instance-based learning algorithms aha, d., kibler, d. and albert, m. 1991",39,0,6,25,26,153,2,44,2,1,36
674,"m.k. instance-based learning algorithms aha, d.w., kibler, d., and albert 1991",39,0,1,26,27,155,7,3,3,1,36
675,"m.k. instance-based learning algorithms aha, d.w., kibler, d., and albert 1991",39,0,6,26,27,155,15,19,4,1,36
676,"m.k. instance-based learning algorithms aha, d.w., kibler, d., and albert 1991",39,0,6,26,27,155,2,44,2,1,36
677,"instance-based learning algorithms aha, d.w., kibler, d., and albert, m.k 1991",39,0,3,26,27,153,10,2,1,1,36
678,"instance-based learning algorithms aha, d.w., kibler, d., and albert, m.k 1991",39,0,7,26,27,153,3,15,4,1,36
679,"&quot;instance-based learning algorithms&quot; d. aha, d. kibler, and m. albert 1991",39,0,6,13,26,155,10,2,2,1,36
680,"&quot;instance-based learning algorithms&quot; d. aha, d. kibler, and m. albert 1991",39,0,6,13,26,155,3,15,4,1,36
681,"&quot;instance-based learning algorithms&quot; d. aha, d. kibler, and m. albert 1991",39,0,6,13,26,155,3,3,4,1,36
682,"&quot;instance-based learning algorithms&quot; d. aha, d. kibler, and m. albert 1991",39,0,6,13,26,155,12,6,4,1,36
683,"instance-based learning algorithms d. w. aha, d. kibler, and m. k. albert 1991",39,0,6,25,26,153,3,22,4,1,36
684,"`instance-based learning algorithms&apos; d.w. aha, d. kibler, and m.k. albert 1991",39,0,2,26,27,152,3,17,4,1,36
685,"instance-based learning algorithms d.w. aha, d. kibler, and m.k. albert 1991",39,0,6,26,27,152,3,21,4,1,36
686,"instance-based learning algorithms aha, david w., dennis kibler, marc k. albert 1991",62,0,6,27,28,152,2,44,2,1,36
687,"instance-based learning algorithms aha, david w., dennis kibler, marc k. albert 1991",62,0,5,27,28,152,2,27,4,1,36
688,"instance-based learning algorithms d. w. aha, d. kibler, and m. k. albert 1991",39,0,6,25,26,153,2,44,2,1,36
689,"instance-based learning algorithms d. aha, d. kibler, and m. albert 1991",39,0,3,25,26,153,10,2,2,1,36
690,"instance-based learning algorithms d. aha, d. kibler, and m. albert 1991",39,0,6,25,26,153,7,8,4,1,36
691,"instance-based learning algorithms aha, david w., dennis kibler, marc k. albert 1991",62,0,6,27,28,152,2,44,2,1,36
692,"instance-based learning algorithms aha, david w., dennis kibler, marc k. albert 1991",62,0,6,27,28,152,2,44,2,1,36
693,"instance-based learning algorithms aha, d. , kibler, d. , and albert, m. k 1991",39,0,6,25,26,153,2,44,2,1,36
694,"instance-based learning algorithms d. aha, d. kibler, and m. albert 1991",39,0,6,25,26,153,2,44,2,1,36
695,"instance-based learning algorithms aha, d.w., kibler, d., and albert, m.k 1991",39,0,6,26,27,153,2,44,4,1,36
696,"instance-based learning algorithms d. aha, d. kibler, and m. albert 1991",39,0,6,25,26,153,2,44,4,1,36
697,"instance-based learning algorithms d. aha, d. kibler, and m. albert 1991",39,0,7,25,26,153,3,15,4,1,36
698,"instance-based learning algorithms david w. aha, dennis kibler, and marc k. albert 1991",62,0,6,27,28,152,2,44,2,1,36
699,"instance-based learning algorithms aha, d. w., kibler, d., &amp; albert, m 1991",39,0,6,25,26,152,7,12,4,1,36
700,"instance-based learning algorithms aha, d. w., d. kibler, &amp; albert m. k 1991",39,0,1,25,26,152,12,6,4,1,36
701,"`instance-based learning algorithms&apos; aha, d. w., kibler, d., &amp; albert, m 1991",39,0,6,25,26,156,3,13,2,1,36
702,"concept learning and flexible weighting (aha and goldstone, 1992) aha, d. w. and gold stone, r. l in 1992",61,0,4,2,26,85,7,49,4,1,37
703,"concept learning and flexible weighting (aha and goldstone, 1992) aha, d. w. and gold-stone, r. l in 1992",61,0,5,2,26,85,7,49,4,1,37
704,least generalizations and greatest specializations of setsof clauses s. h. nienhuys-cheng and r. de wolf (1996),61,0,4,22,23,37,3,18,2,1,NA
705,"parallel interpretation of logic programs j.s. conery, d.f. kibler 1981",21,0,6,28,13,159,15,19,4,1,38
706,"parallel interpretation of logic programs j.s. conery, d.f. kibler 1981",21,0,6,28,13,159,15,19,4,1,38
707,"parallel interpretation of logic programs j.s. conery, d.f. kibler 1981",21,0,6,28,13,159,15,19,2,1,38
708,"parallel interpretation of logic programs j. s. conery, d. f. kibler 1981",21,0,6,28,13,159,7,49,4,1,38
709,"parallel interpretation of logic programs j. s. conery, d. f. kibler 1981",21,0,6,28,13,159,6,44,2,1,38
710,"nearest neighbor(nn) norms dasarathy, b. v 1991",10,0,2,2,4,38,6,45,3,1,NA
711,"utilizing prior concepts for learning datta, p. and kibler, d 1992",44,0,4,29,29,160,10,2,1,1,39
712,"utilizing prior concepts for learning datta, p. and kibler, d 1992",44,0,4,29,29,160,10,50,1,1,39
713,"utilizing prior concepts for learning. in proceedings of the ml92 workshop on biases in inductive learning datta, p. and kibler, d 1992",44,0,6,29,5,39,15,11,4,1,39
714,"utilizing prior concepts for learning datta, p. and kibler, d 1992",44,0,6,29,29,160,15,50,4,1,39
715,"learning prototypical concept descriptions datta, p. &amp; kibler, d los altos, california 1995",78,0,6,30,29,161,3,21,4,1,40
716,"learning prototypical concept descriptions datta, p. and kibler, d tahoe city, ca 1995",37,0,6,30,29,161,3,14,3,1,40
717,"learning prototypical concept descriptions datta, p. and kibler, d tahoe city, ca 1995",37,0,2,30,29,161,7,21,2,1,40
718,"learning prototypical concept descriptions datta, p., &amp; kibler, d tahoe city, ca 1995",37,0,3,30,29,161,10,22,3,1,40
719,"learning prototypical concept descriptions datta, p., &amp; kibler, d tahoe city, ca 1995",37,0,3,30,29,161,20,22,3,1,40
720,"learning prototypical concept descriptions datta, p., and kibler, d tahoe city, ca 1995",37,0,3,30,29,161,20,22,2,1,40
721,"learning prototypical concept descriptions p. datta and d. kibler tahoe city, ca 1995",37,0,3,30,29,161,20,22,3,1,40
722,"exploring the episodic structure of algebra story problem solving hall, r., kibler, d., wenger, e., &amp; truxaw, c 1989a",61,0,6,2,4,40,3,13,2,1,NA
723,"plateaus and plateau search in boolean satisfiability problems: when to give up searching and start again hampson, s. and kibler, d 1993",11,0,5,31,30,162,5,28,4,1,41
724,plateaus and plateau search in boolean satisfi-ability problems: when to give up searching and start again steven hampson and dennis kibler 1993,11,0,5,31,30,162,5,28,3,1,41
725,plateaus and plateau search in boolean satisfi-ability problems: when to give up searching and start again steven hampson and dennis kibler 1993,11,0,5,31,30,162,7,11,3,1,41
726,"large plateaus and plateau search in boolean satisfia-bility problems: when to give up searching and start again hampson, d., &amp; kibler, s 1995",11,0,2,31,30,162,7,45,2,1,41
727,"large plateaus and plateau search in boolean satisfia-bility problems: when to give up searching and start again hampson, d., &amp; kibler, s 1995",11,0,5,31,30,162,12,37,2,1,41
728,plateaus and plateau search in boolean satisfiability problems: when to give up searching and start again s. hampson and d. kibler 1995,11,0,1,31,30,162,12,37,2,1,41
729,"&quot;generation of attributes for learning algorithms&quot; hu, y. &amp; kibler, d 1996",65,0,6,13,16,86,3,13,2,1,42
730,"&quot;generation of attributes for learning algorithms&quot; hu, y., and kibler, d. portland, or 1996",65,0,6,13,16,86,3,13,2,1,42
731,"a hybrid genetic algorithm for classification kelly, j. d. &amp; davis, l sydney 1991",61,0,2,20,6,87,6,13,2,1,43
732,"a hybrid genetic algorithm for classification kelly, j. d. &amp; davis, l sydney 1991",61,0,2,20,6,87,6,13,2,1,43
733,"(1978) power, efficiency, and correctness of transformation systems . ph.d kibler, d",61,0,2,32,31,41,8,13,2,1,NA
734,don&apos;t be stupid d. kibler and p. morris 1981,6,0,2,2,13,91,8,13,2,1,44
735,"episodic learning kibler, d., &amp; porter, b los altos, ca 1983",78,0,6,16,4,42,3,35,2,1,NA
736,natural generation of heuristics by transforming the problem representation d. kibler 1985,35,0,2,2,32,163,7,42,6,1,45
737,machine learning as an experimental science d. kibler and p. langley 1988,34,0,1,33,33,164,7,35,1,1,46
738,machine learning as an experimental science d. kibler and p. langley 1988,34,0,1,33,33,164,7,35,6,1,46
739,machine learning as an experimental science d. kibler and p. langley 1988,34,0,6,33,33,164,7,35,4,1,46
740,"machine learning as an experimental science kibler d. &amp; langley, p glasgow, uk 1988",34,0,2,33,33,164,7,29,4,1,46
741,"machine learning as an experimental science kibler d. &amp; langley, p glasgow, uk 1988",34,0,2,33,33,164,7,1,6,1,46
742,"machine learning as an experimental science kibler d. &amp; langley, p glas-gow, uk 1988",34,0,8,33,33,164,8,33,3,1,46
743,"machine learning as an experimental science kibler, d. &amp; langley, p 1988",34,0,1,33,33,164,7,33,3,1,46
744,"machine learning as an experimental science kibler, d. &amp; langley, p 1988",34,0,2,33,33,164,7,33,3,1,46
745,"machine learning as an experimental science kibler, d. &amp; langley, p glasgow, scotland 1988",34,0,1,33,33,164,10,26,1,1,46
746,"machine learning as an experimental science kibler, d. &amp; langley, p london, uk 1988",34,0,6,33,33,164,7,41,6,1,46
747,"machine learning as an experimental science kibler, d. &amp; langley, p glasgow, scotland 1988",34,0,6,33,33,164,6,1,2,1,46
748,"machine learning as an experimental science kibler, d. &amp; langley, p glasgow, scotland 1988",34,0,5,33,33,164,3,51,3,1,46
749,"machine learning as an experimental science kibler, d. &amp; langley, p glasgow, scotland 1988",34,0,5,33,33,164,7,1,3,1,46
750,"machine learning as an experimental science kibler, d. &amp; langley, p edinburgh, uk 1988",34,0,5,33,33,164,3,31,2,1,46
751,"machine learning as an experimental science kibler, d. &amp; langley p 1988",34,0,2,33,33,164,7,1,2,1,47
752,"machine learning as an experimental science kibler, d., &amp; langley, p glasgo, scotland 1988",34,0,4,33,33,164,7,1,3,1,46
753,"machine learning as an experimental science kibler, d., &amp; langley, p glasgow, scotland 1988",34,0,2,33,33,164,7,1,2,1,46
754,"machine learning as an experimental science kibler, d., &amp; langley, p edinburgh, uk 1988",34,0,2,33,33,164,7,1,2,1,46
755,"machine learning as an experimental science kibler, d., &amp; langley, p edinburgh, uk 1988",34,0,1,33,33,164,7,1,3,1,46
756,"machine learning as an experimental science kibler, d., &amp; langley, p edinburgh, uk 1988",34,0,2,33,33,164,7,1,6,1,46
757,"machine learning as an experimental science kibler, d., &amp; langley, p edinburgh, uk 1988",34,0,4,33,33,164,7,4,2,1,46
758,"machine learning as an experimental science kibler, d., &amp; langley, p glasgow 1988",34,0,4,33,33,164,7,4,3,1,46
759,"machine learning as an experimental science kibler, d., &amp; langley, p glas-gow: pittman 1988",34,0,1,33,33,164,7,5,1,1,46
760,"machine learning as an experimental science kibler, d., &amp; langley, p glas-gow: pittman 1988",34,0,1,33,33,164,19,5,1,1,46
761,"machine learning as an experimental science kibler, d., &amp; langley, p glasgow: pittman 1988",34,0,1,33,33,164,19,5,1,1,46
762,"machine learning as an experimental science kibler, d., &amp; langley, p glasgow: pittman 1988",34,0,1,33,33,164,7,5,1,1,46
763,"machine learning as an experimental science kibler, d., &amp; langley, p glasgow: pittman 1988",34,0,1,33,33,164,7,6,1,1,46
764,"machine learning as an experimental science kibler, d., &amp; langley, p glasgow: pittman 1988",34,0,1,33,33,164,7,6,1,1,46
765,"machine learning as an experimental science kibler, d., &amp; langley, p glasgow: pittman 1988",34,0,2,33,33,164,7,1,1,1,46
766,"machine learning as an experimental science kibler, d., &amp; langley, p glasgow: pittman 1988",34,0,2,33,33,164,7,2,1,1,46
767,"machine learning as an experimental science, in d. kibler and p. langley, p glasgow, uk 1988",34,0,2,33,33,164,10,2,2,1,46
768,machine learning as an experimental science dennis kibler and pat langley 1989,34,0,2,33,33,164,10,2,1,1,46
769,machine learning as an experimental science dennis kibler and pat langley 1989,34,0,2,33,33,164,10,2,1,1,46
770,machine learning as an experimental science d. kibler &amp; p. langley,34,0,2,33,33,164,10,2,1,1,46
771,machine learning as an experimental science d. kibler &amp; p. langley 1989,34,0,1,33,33,164,12,2,1,1,46
772,"machine learning as an experimental science dennis kibler and pat langley san mateo, ca. 1988",34,0,2,33,33,164,10,2,1,1,46
773,"machine learning as an experimental science dennis kibler and pat langley san mateo, ca. 1988",34,0,3,33,33,164,10,2,1,1,46
774,the experimental study of machine learning pat langley and dennis kibler 1991,34,0,3,33,33,88,10,2,1,1,48
775,the experimental study of machine learning pat langley and dennis kibler 1991,34,0,3,33,33,88,10,2,4,1,48
776,"comparing instance-averaging with instance-filtering learning algorithms kibler, d. and aha, d 1988",39,0,3,34,26,165,10,2,1,1,49
777,"comparing instance-averaging with instance-filtering learning algorithms kibler, d., &amp; aha, d. w glasgow, scotland 1988",39,0,3,34,26,165,10,2,1,1,49
778,"comparing instance-averaging with instance-filtering learning algorithms kibler, d., &amp; aha, d. w glasgow, scotland 1988",39,0,3,34,26,165,10,2,1,1,49
779,comparing instance-averaging with instance-filtering learn ing algorithms d. kibler and d. aha 1988,39,0,3,34,26,165,10,2,1,1,49
780,comparing instance-saving with instance-averaging learn ing algorithms d. kibler and d. aha ma 1989,39,0,5,34,26,165,10,25,1,1,NA
781,"instance-based prediction of real-valued attributes d. kibler, d.w. aha, and m.k. albert 1989",39,0,4,35,34,157,7,51,4,1,50
782,"instance-based prediction of real-valued attributes d. kibler, d.w. aha, and m.k. albert 1989",39,0,5,35,34,157,7,51,4,1,50
783,"instance-based prediction of real-valued attributes kibler, d., aha, d.w., and m.k., albert 1989",39,0,4,35,34,157,7,9,4,1,50
784,"instance-based prediction of real-valuedattributes kibler, d. aha, d. w. &amp; albert, m 1989",39,0,4,35,34,157,7,10,4,1,50
785,"instance-based learning algorithms d. kibler, d. aha, and m. k. albert 1991",39,0,1,25,26,152,17,10,1,1,36
786,"components of learning in a reactiveenvironment. in t.m langley, p., kibler, d. &amp; granger, r boston, ma 1986",61,0,1,36,35,43,17,10,2,1,NA
787,"&quot;teleo-reactive programs for agent control&quot; nilsson, n. j 1994",33,0,5,6,16,166,7,40,4,1,51
788,"&quot;teleo-reactive programs for agent control&quot; nilsson, n. j 1994",33,0,5,6,16,166,7,11,4,1,51
789,"&quot;teleo-reactive programs for agent control&quot; nilsson, n. j 1994",33,0,6,6,16,166,16,12,4,1,51
790,"paradigms of artificial intelligence programming: case studies in common lisp norvig, p san mateo, ca 1992",50,0,6,12,6,167,16,12,4,1,52
791,"paradigms of artificial intelligence programming: case studies in common lisp norvig, p san mateo, ca 1992",50,0,6,12,6,167,3,15,4,1,52
792,"paradigms of artificial intelligence programming: case studies in common lisp norvig, p san mateo, ca 1992",50,0,6,12,6,167,6,29,4,1,52
793,"paradigms of artificial intelligence programming: case studies in common lisp norvig, p san mateo, ca 1992",50,0,1,12,6,167,7,6,4,1,52
794,"flexibly exploiting prior knwledge in empiricallearning ortega, j., and fisher, d 1995",44,0,7,29,17,44,3,15,4,1,NA
795,"the utility of knowledge in inductive learning pazzani, m. j., kibler, d 1990",87,0,7,37,5,168,3,15,4,1,53
796,"the utility of knowledge in inductive learning pazzani, m., &amp; kibler, d irvine 1990",87,0,7,37,5,169,3,15,4,1,53
797,"the utility of knowledge in inductive learning pazzani, m., &amp; kibler, d irvine,ca 1990",87,0,7,37,5,169,3,15,4,1,53
798,the utility of knowledge in inductive learning michael pazzani and dennis kibler 1992,87,0,7,29,5,169,3,15,2,1,54
799,the utility of knowledge in inductive learning m. pazzani &amp; d. kibler 1992,87,0,7,37,5,168,3,15,4,1,54
800,the utility of knowledge in inductive learning pazzani m. and kibler d 1991,87,0,6,37,5,168,3,22,4,1,54
801,the utility of knowledge in inductive learning pazzani m. and kibler d 1991,87,0,6,37,5,168,7,49,4,1,54
802,"the utility of knowledge in inductive learning pazzani, m. &amp; kibler, d boston, ma 1992",87,0,2,37,5,169,3,37,4,1,54
803,"the utility of knowledge in inductive learning pazzani, m. j., &amp; kibler, d 1992",87,0,7,37,5,169,7,2,1,1,54
804,"the utility of knowledge in inductive learning pazzani, m. j., &amp; kibler, d 1992",87,0,3,37,5,169,7,35,4,1,54
805,"the utility of knowledge in inductive learning pazzani, m. j., &amp; kibler, d 1992",87,0,7,37,5,169,3,15,4,1,54
806,"the utility of knowledge in inductive learning pazzani, m. j., kibler, d boston, ma 1992",87,0,7,37,5,169,3,15,4,1,54
807,"the role of prior knowledge in inductive learning pazzani, m., &amp; kibler, d 1992",44,0,7,29,5,170,3,51,4,1,54
808,"the utility of background knowledge in inductivelearning pazzani, m., &amp; kibler, d 1992",87,0,7,37,5,171,3,15,4,1,54
809,"the utility of background knowledge in inductivelearning pazzani, m., &amp; kibler, d 1992",87,0,7,37,5,171,3,17,4,1,54
810,"the utility of background knowledge in inductivelearning pazzani, m., &amp; kibler, d 1992",87,0,2,37,5,171,3,25,4,1,54
811,"the utility of background knowledge in inductivelearning pazzani, m., &amp; kibler, d 1992",87,0,5,37,5,171,3,11,4,1,54
812,"the utility of knowledge in inductive learning pazzani, m., &amp; kibler, d 1992",87,0,7,37,5,169,14,15,4,1,54
813,"the utility of knowledge in inductive learning pazzani, m., &amp; kibler, d 1992",87,0,7,37,5,169,3,15,4,1,54
814,"the utility of knowledge in inductive learning pazzani, m., &amp; kibler, d 1992",87,0,7,37,5,169,3,15,4,1,54
815,"the utility of knowledge in inductive learning pazzani, m., &amp; kibler, d 1992",87,0,7,37,5,169,3,15,4,1,54
816,"the utility of knowledge in inductive learning pazzani, m., &amp; kibler, d 1992",87,0,7,37,5,169,3,15,4,1,54
817,"the utility of knowledge in inductive learning pazzani, m., &amp; kibler, d 1992",87,0,7,37,5,169,3,15,4,1,54
818,"the utility of knowledge in inductive learning pazzani, m., &amp; kibler, d 1992",87,0,7,37,5,169,3,15,4,1,54
819,"the utility of knowledge in inductive learning pazzani, m., &amp; kibler, d 1992",87,0,7,37,5,169,3,15,4,1,54
820,"the utility of knowledge in inductive learning pazzani, m., &amp; kibler, d 1992",87,0,6,37,5,169,7,1,4,1,54
821,"the utility of knowledge in inductive learning pazzani, m., &amp; kibler, d 1992",87,0,7,37,5,169,3,15,4,1,54
822,"the utility of knowledge in inductive learning pazzani, m., &amp; kibler, d 1992",87,0,7,37,5,169,3,14,4,1,54
823,"the utility of knowledge in inductive learning pazzani, m., &amp; kibler, d 1992",87,0,6,37,5,169,3,35,2,1,54
824,"the utility of knowledge in inductive learning pazzani, m., &amp; kibler, d 1992",87,0,7,37,5,169,11,14,4,1,54
825,"the utility of knowledge in inductive learning pazzani, m., &amp; kibler, d 1992",87,0,7,37,5,169,3,14,4,1,54
826,"the utility of knowledge in inductive learning pazzani, m., &amp; kibler, d 1992",87,0,7,37,5,169,3,14,4,1,54
827,"the utility of knowledge in inductive learning pazzani, m., &amp; kibler, d 1992",87,0,2,37,5,169,3,28,4,1,54
828,"the utility of knowledge in inductive learning pazzani, m., &amp; kibler, d 1992",87,0,1,37,5,169,3,6,4,1,54
829,"the utility of knowledge in inductive learning pazzani, m., &amp; kibler, d 1992",87,0,6,37,5,169,3,15,4,1,54
830,"the utility of knowledge in inductive learning pazzani, m., &amp; kibler, d 1992",87,0,7,37,5,169,3,19,4,1,54
831,"the utility of knowledge in inductive learning pazzani, m., &amp; kibler, d 1992",87,0,7,37,5,169,3,19,4,1,54
832,"the utility of knowledge in inductive learning pazzani, m., &amp; kibler, d 1992",87,0,6,37,5,169,15,19,4,1,54
833,"the utility of knowledge in inductive learning pazzani, m., &amp; kibler, d 1992",87,0,7,37,5,169,15,19,4,1,54
834,"the utility of knowledge in inductive learning pazzani, m., &amp; kibler, d 1992",87,0,2,37,5,169,6,13,2,1,54
835,"the utility of knowledge in inductive learning pazzani, m., &amp; kibler, d 1992",87,0,2,37,5,169,1,30,2,1,54
836,"the utility of prior knowledge in inductive learning pazzani, m., &amp; kibler, d 1992",87,0,4,29,5,172,7,2,1,1,54
837,"the utility of prior knowledge in inductive learning pazzani, m., &amp; kibler, d 1992",87,0,4,29,5,172,10,2,1,1,54
838,"the utility of knowledge in inductive learning pazzani, michael and kibler, dennis 1992",87,0,4,29,5,169,10,40,4,1,54
839,"the role of prior knowledge in inductive learning pazzani, m. j. and kibler, d",44,0,7,29,5,170,3,14,4,1,54
840,the utility of knowledge in inductive learning m. pazzani and d. kibler 1992,87,0,4,37,5,168,3,4,4,1,54
841,the utility of knowledge in inductive learning m. pazzani and d. kibler 1992,87,0,7,37,5,168,3,14,4,1,54
842,"&quot;the utility of knowledge in inductive learning,&quot m. pazzani and d. kibler 1991",87,0,4,37,5,168,3,36,4,1,54
843,"the utility of knowledge in inductive learning m. pazzani and d. kibler , 1992",87,0,6,37,5,168,15,19,3,1,54
844,the utility of knowledge in inductive learning michael pazzani and dennis kibler 1992,87,0,3,29,5,169,20,22,3,1,54
845,"&quot;the utility of knowledge in inductive learning,&quot m. pazzani and d. kibler 1992",87,0,3,37,5,168,20,22,4,1,54
846,"&quot;the utility of knowledge in inductive learning,&quot m. pazzani and d. kibler 1992",87,0,3,37,5,168,20,22,1,1,54
847,the utility of knowledge in inductive learning michael pazzani and dennis kibler 1992,87,0,2,29,5,169,7,32,2,1,54
848,the utility of knowledge in inductive learning m. pazzani and d. kibler 1992,87,0,7,37,5,168,5,52,4,1,54
849,the utility of knowledge in inductive learning pazzani m. and kibler d 1991,87,0,5,37,5,168,5,28,4,1,54
850,"experimental goal regression: a method for learning problem-solving heuristics porter, b. w., &amp; kibler, d. f 1986",54,0,6,38,4,173,3,13,2,1,55
851,"experimental goal regression: a method for learning problem-solving heuristics porter, b. w., &amp; kibler, d. f 1986",54,0,3,38,4,173,7,13,2,1,55
852,"experimental goal regression: a method for learning problem-solving porter, b. w., &amp; kibler, d. f 1986",54,0,1,38,4,173,6,13,2,1,55
853,"experimental goal regression: a method for learning problem-solving porter, b. w., &amp; kibler, d. f 1986",54,0,3,38,4,173,7,18,2,1,55
854,"experimental goal regression: a method for learning problem-solving porter, b. w., &amp; kibler, d. f 1986",54,0,4,38,4,173,3,13,2,1,55
855,learning subgoal sequences for planning d. ruby and d. kibler 1989,17,0,2,39,36,174,3,18,2,1,56
856,"learning subgoal sequences for planning ruby, d., &amp; kibler, d detroit, mi 1989",17,0,2,39,36,174,7,13,2,1,56
857,"learning subgoal sequences for planning ruby, d., &amp; kibler, d 1991",17,0,2,39,36,174,3,13,2,1,57
858,"learning subgoal sequences for planning ruby, d., &amp; kibler, d 1991",17,0,2,39,36,174,7,18,2,1,57
859,"learning subgoal sequences for planning ruby, d., &amp; kibler, d 1991",17,0,2,39,36,174,3,18,2,1,57
860,"steppingstone: an empirical and analytical evaluation ruby, d., kibler, d menlo park, ca 1991",61,0,2,39,36,175,3,18,2,1,58
861,"steppingstone: an empirical and analytical evaluation ruby, d., kibler, d los altos, ca 1991",78,0,6,39,36,175,3,18,4,1,58
862,"learning episodes for optimization ruby, d., and kibler, d 1992",69,0,2,39,36,176,3,18,2,1,59
863,learning episodes for optimization david ruby and dennis kibler 1992,69,0,4,39,28,176,3,18,3,1,59
864,learning episodes for optimization david ruby and dennis kibler 1992,69,0,6,39,28,176,3,18,4,1,59
865,learning episodes for optimization david ruby and dennis kibler 1992,69,0,6,39,28,176,3,18,2,1,59
866,"learning episodes for optimization rudy, d., kibler, d 1992",69,0,4,39,9,176,3,18,2,1,59
867,"smalltalk with style suzanne skiblics, edward j. klimas, and david a. thomas 1996",61,0,4,20,6,45,10,36,2,1,NA
868,"the irvine program transformation catalogue t. a. standish, d. c. harriman, d. f. kibler, and j. m. neighbors 1976",61,0,6,2,26,46,7,11,2,1,NA
869,"instance-based prediction of continuous values townsend-webber, t. &amp; kibler, d 1994",14,0,8,40,37,158,8,33,4,1,60
870,"instance-based prediction of continuous values townsend-weber, t., &amp; kibler, d seattle, wa 1994",14,0,1,40,37,158,10,26,1,1,60
871,"instance-based prediction of continuous values townsend-weber, t., &amp; kibler, d seattle, wa 1994",14,0,5,40,37,158,3,26,4,1,60
872,"instance-based prediction of continuous values townsend-weber, t., &amp; kibler, d seattle, wa 1994",14,0,5,40,37,158,7,41,2,1,60
873,"instance-based prediction of continuous values townsend-weber, t., &amp; kibler, d seattle, wa 1994",14,0,6,40,37,158,13,41,4,1,60
874,"instance-based prediction of continuous values townsend-weber, t., &amp; kibler, d seattle, wa 1994",14,0,6,40,37,158,13,41,4,1,60
875,"instance-based prediction of continuous values townsend-weber, t., &amp; kibler, d seattle, wa 1994",14,0,4,40,37,158,6,31,4,1,60
876,"instance-based prediction of continuous values townsend-weber, t., &amp; kibler, d seattle, wa 1994",14,0,2,40,37,158,6,31,2,1,60
877,"instance-based prediction of continuous values townsend-weber, t., &amp; kibler, d seattle, wa 1994",14,0,2,40,37,158,3,25,4,1,60
878,"instance-based prediction of continuous values townsend-weber, t., &amp; kibler, d menlo park, ca 1994",14,0,1,40,37,158,7,1,3,1,60
879,"instance-based prediction of continuous values townsend-weber, t., &amp; kibler, d menlo park, ca 1994",14,0,2,40,37,158,7,18,3,1,60
880,"learning representative exemplars of concepts: an initial case study aha, d. and kibler, d u. c. irvine, ca 1987",19,0,5,23,24,149,7,11,4,1,34
881,"learning representative exemplars of concepts: an initial case study aha, d. and kibler, d u. c. irvine, ca 1987",19,0,5,23,24,149,7,11,4,1,34
882,"learning representative exemplars of concepts: an initial case study aha, d. and kibler, d u. c. irvine, ca 1987",19,0,5,23,24,149,7,11,4,1,34
883,"learning representative exemplars of concepts: an initial case study d. kibler and d. w. aha irvine, ca 1987",19,0,5,23,24,149,7,11,4,1,34
884,"learning representative examples of concepts: an initial case study d. kibler and d.w. aha irvine, ca",19,0,4,23,24,149,7,4,4,1,34
885,"learning representative exemplars of concepts: an initial case study. inp. langley, editor dennis kibler and david w. aha ca 1987",19,0,1,23,24,150,19,5,1,1,34
886,comparing instance averaging and instance filtering learning algorithms d. kibler and d. w. aha 1988,39,0,1,34,26,165,19,5,1,1,49
887,comparing instance averaging and instance filtering learning algorithms d. kibler and d. w. aha 1988,39,0,1,34,26,165,12,6,1,1,49
888,comparing instance averaging and instance filtering learning algorithms d. kibler and d. w. aha 1988,39,0,1,34,26,165,12,6,1,1,49
889,comparing instance averaging and instance filtering learning algorithms d. kibler and d. w. aha 1988,39,0,1,34,26,165,12,6,1,1,49
890,"instance-based learning algorithms d. aha, d. kibler, and m. albert 1991",39,0,1,25,26,153,12,6,1,1,36
891,"instance-based learning algorithms d. aha, d. kibler, and m. albert 1991",39,0,2,25,26,153,10,2,1,1,36
892,"instance-based learning algorithms d. aha, d. kibler, and m. albert 1991",39,0,2,25,26,153,10,2,2,1,36
893,"instance-based learning algorithms d.w. aha, d. kibler, and m.k. albert 1991",39,0,6,26,27,152,7,8,4,1,36
894,"instance-based learning algorithms d. w. aha, d. kibler, and m. k. albert 1991",39,0,3,25,26,153,10,2,1,1,36
895,"instance-based learning algorithms david w. aha, dennis kibler, and mark k. albert 1991",62,0,3,27,28,152,10,2,1,1,36
896,"instance-based learning algorithms david w. aha, dennis kibler, and mark k. albert 1991",62,0,3,27,28,152,10,2,1,1,36
897,"instance-based learning algorithms aha, d. w., d. kibler, and m. albert 1991",39,0,3,25,26,153,7,2,1,1,36
898,"instance-based learning algorithms aha, d. w., d. kibler, and m. k. albert 1991",39,0,3,25,26,153,10,2,1,1,36
899,"instance-based learning algorithms aha, d. w., d. kibler, and m. k. albert 1991",39,0,3,25,26,153,10,2,2,1,36
900,"instance-based learning algorithms aha, d. w., kibler, d. &amp; albert, m. k 1991",39,0,3,25,26,152,10,2,1,1,36
901,"instance-based learning algorithms aha, d. w., kibler, d. &amp; albert, m. k 1991",39,0,3,25,26,152,7,3,1,1,36
902,"instance-based learning algorithms aha, d. w., kibler, d., and albert, m. k 1991",39,0,6,25,26,153,10,2,4,1,36
903,"instance-based learning algorithms aha, d. w., kibler, d., and albert, m. k 1991",39,0,3,25,26,153,10,2,1,1,36
904,"instance-based learning algorithms aha, d. w., kibler, d., and albert, m. k 1991",39,0,1,25,26,153,12,6,1,1,36
905,"instance-based learning algorithms aha, d. w., kibler, d., and albert, m. k 1991",39,0,3,25,26,153,10,2,1,1,36
906,"instance-based learning algorithms aha, d. w., kibler, d., and albert, m. k 1991",39,0,6,25,26,153,7,8,2,1,36
907,"instance-based learning algorithms aha, d. w., kibler, d., and albert, m. k 1991",39,0,6,25,26,153,16,12,4,1,36
908,"instance-based learning algorithms aha, d. w., kibler, d., and albert, m. k 1991",39,0,6,25,26,153,2,44,2,1,36
909,"instance-based learning algorithms aha, d. w., kibler, d., and albert, m. k 1991",39,0,7,25,26,153,3,15,4,1,36
910,"instance-based learning algorithms aha, d. w., kibler, d., and albert, m. k 1991",39,0,6,25,26,153,2,44,4,1,36
911,"instance-based learning algorithms aha, d. w.; kibler, d.; and albert, m. k 1991",39,0,6,25,26,153,3,10,4,1,36
912,"instance-based learning algorithms aha, d. w.; kibler, d.; and albert, m. k 1991",39,0,6,25,26,153,15,19,4,1,36
913,"instance-based learning algorithms aha, d. w.; kibler, d.; and albert, m. k 1991",39,0,6,25,26,153,3,21,4,1,36
914,"instance-based learning algorithms aha, d. w.; kibler, d.; and albert, m. k 1991",39,0,5,25,26,153,2,27,4,1,36
915,"instance-based learning algorithms aha, d. w.; kibler, d.; and albert, m. k 1991",39,0,6,25,26,153,6,12,2,1,36
916,"instance-based learning algorithms aha, d. w.; kibler, d.; and albert, m. k 1991",39,0,6,25,26,153,4,29,4,1,36
917,"instance-based learning algorithms aha, d. w.; kibler, d.; and albert, m. k 1991",39,0,6,25,26,153,13,41,3,1,36
918,"instance-based learning algorithms aha, d. w.; kibler, d.; and albert, m. k 1991",39,0,6,25,26,153,2,41,3,1,36
919,"instance-based learning algorithms aha, d. w.; kibler, d.; and, albert, m. k 1991",39,0,6,25,26,153,2,44,4,1,36
920,"instance-based learning algorithms aha, d., d. kibler, and m. albert 1991",39,0,6,25,26,153,2,44,4,1,36
921,"instance-based learning algorithms aha, d., kibler, d. and albert, m 1991",39,0,6,25,26,153,2,44,2,1,36
922,"instance-based learning algorithms aha, d., kibler, d., &amp; albert, m 1991",39,0,6,25,26,152,2,44,2,1,36
923,"instance-based learning algorithms aha, d., kibler, d., &amp; albert, m 1991",39,0,6,25,26,152,2,44,4,1,36
924,"instance-based learning algorithms aha, d., kibler, d., &amp; albert, m 1991",39,0,6,25,26,152,2,44,4,1,36
925,"instance-based learning algorithms aha, d., kibler, d., &amp; albert, m 1991",39,0,2,25,26,152,10,2,1,1,36
926,"instance-based learning algorithms aha, d., kibler, d., and albert, m 1991",39,0,6,25,26,153,3,13,2,1,36
927,"instance-based learning algorithms aha, d., kibler, d., and albert, m 1991",39,0,2,25,26,153,7,1,4,1,36
928,"instance-based learning algorithms aha, d., kibler, d., and albert, m 1991",39,0,1,25,26,153,7,5,6,1,36
929,"instance-based learning algorithms aha, d., kibler, d., and albert, m 1991",39,0,6,25,26,153,7,35,6,1,36
930,"instance-based learning algorithms aha, d., kibler, d., and albert, m 1991",39,0,7,25,26,153,3,15,4,1,36
931,"instance-based learning algorithms aha, d.; kibler, d.; and albert, m 1991",39,0,7,25,26,152,3,15,4,1,36
932,"instance-based learning algorithms aha, d.; kibler, d.; and albert, m 1991",39,0,7,25,26,152,14,15,4,1,36
933,"instance-based learning algorithms aha, d.w., kibler, d., &amp; albert, m.k 1991",39,0,7,26,27,153,3,15,4,1,36
934,"instance-based learning algorithms aha, d.w., kibler, d., &amp; albert, m.k 1991",39,0,7,26,27,153,3,51,4,1,36
935,"instance-based learning algorithms aha, d.w.; kibler, d.; and albert, m.k 1991",39,0,6,26,27,152,16,12,4,1,36
936,"(1991) instance-based learning algorithms d. w. aha, d. kibler &amp; m. k. albert",39,0,5,25,26,154,7,11,4,1,36
937,"instance-based learning algorithms d. w. aha, d. kibler &amp; m. k. albert 1991",39,0,6,25,26,152,2,44,4,1,36
938,"instance-based learning algorithms david w. aha, dennis kibler, and m. k. albert 1991",62,0,6,27,28,152,13,41,3,1,36
939,"instance-based learning algorithms aha, d., kibler, d., and albert, m 1991",39,0,6,25,26,153,2,44,1,1,36
940,"instance-based learning algorithms aha, d. w.; kibler, d.; and albert, m. k 1991",39,0,6,25,26,153,2,44,4,1,36
941,"instance-based learning algorithms aha, d. w.; kibler, d.; and albert, m. k 1991",39,0,6,25,26,153,2,44,4,1,36
942,"instance-based learning algorithms d aha, d kibler, and m albert 1991",39,0,6,25,26,153,2,44,4,1,36
943,"instance-based learning algorithms d w aha, d kibler, and m k albert 1991",39,0,6,25,26,153,2,44,4,1,36
944,"instance-based learning algorithms d. aha, d. kibler, and m. albert 1991",39,0,6,25,26,153,4,29,4,1,36
945,"instance-based learning algorithms d. aha, d. kibler, and m. albert 1991",39,0,6,25,26,153,6,13,2,1,36
946,"instance-based learning algorithms d. w. aha, d. kibler, and m. k. albert 1991",39,0,7,25,26,153,3,51,4,1,36
947,"instance-based learning algorithms d. w. aha, d. kibler, and m. k. albert 1991",39,0,7,25,26,153,5,51,4,1,36
948,"instance-based learning algorithms d. w. aha, d. kibler, and m. k. albert 1991",39,0,7,25,26,153,14,51,2,1,36
949,"instance-based learning algorithms d. w. aha, d. kibler, and m. k. albert 1991",39,0,7,25,26,153,14,51,4,1,36
950,"instance-based learning algorithms d. w. aha, d. kibler, and m. k. albert 1991",39,0,7,25,26,153,14,51,4,1,36
951,"instance-based learning algorithms d. w. aha, d. kibler, and m. k. albert 1991",39,0,7,25,26,153,14,51,4,1,36
952,"instance-based learning algorithms d. w. aha, d. kibler, and m. k. albert 1991",39,0,2,25,26,153,3,18,2,1,36
953,"instance-based learning algorithms d. w. aha, d. kibler, and m. k. albert 1991",39,0,6,25,26,153,7,49,4,1,36
954,"instance-based learning algorithms d. w. aha, d. kibler, and m. k. albert 1991",39,0,6,25,26,153,7,29,5,1,36
955,"instance-based learning algorithms d. w. aha, d. kibler, and m. k. albert 1991",39,0,6,25,26,153,3,15,4,1,36
956,"instancebased learning algorithms d. w. aha, d. kibler, and m. k. albert 1991",39,0,6,25,26,153,15,19,4,1,36
957,"instance-based learning algorithms d.w. aha, d. kibler, and m.k. albert 1991",39,0,6,26,27,152,3,19,4,1,36
958,"instance-based learning algorithms d.w. aha, d. kibler, and m.k. albert 1991",39,0,3,26,27,152,7,3,4,1,36
959,"instance-based learning algorithms d.w. aha, d. kibler, and m.k. albert 1991",39,0,3,26,27,152,20,22,3,1,36
960,"instance-based learning algorithms david w. aha, dennis kibler, and marc k. albert 1991",62,0,7,27,28,152,6,15,2,1,36
961,"instance-based learning algorithms david w. aha, dennis kibler, and marc k. albert 1991",62,0,6,27,28,152,7,43,4,1,36
962,"instance-based learning algorithms david w. aha, dennis kibler, and marc k. albert 1991",62,0,4,27,28,152,10,12,4,1,36
963,"instance-based learning algorithms d. w. aha, d. kibler, and m. albert 1991",39,0,5,25,26,153,3,1,4,1,36
964,"instance-based learning algorithms d. w. aha, d. kibler, and m. k. albert 1991",39,0,6,25,26,153,3,11,4,1,36
965,"instance-based learning algorithms d. w. aha, d. kibler, and m. k. albert 1991",39,0,6,25,26,153,3,21,4,1,36
966,"instance-based learning algorithms d. w. aha, d. kibler, and m. k. albert 1991",39,0,4,25,26,153,12,49,3,1,36
967,"instance-based learning algorithms d. w. aha, d. kibler, and m. k. albert 1991",39,0,6,25,26,153,15,49,2,1,36
968,". instance-based learning algorithms d.w. aha, d. kibler and m.k. albert 1991",39,0,1,26,27,154,12,6,1,1,36
969,noise-tolerant instance-based learning algorithms d. aha and d. kibler 1991,27,0,3,24,25,151,20,22,4,1,35
970,"instance-based learning algorithms d. w. aha, d. kibler, and m. k. albert 1991",39,0,3,25,26,153,20,22,3,1,36
971,"instance-based learning algorithms d. w. aha, d. kibler, and m. k. albert 1991",39,0,3,25,26,153,20,22,3,1,36
972,"instance-based learning algorithms d. w. aha, d. kibler, and m. k. albert 1991",39,0,6,25,26,153,7,52,4,1,36
973,"instance-based learning algorithms d. w. aha, d. kibler, and m. k. albert 1991",39,0,7,25,26,153,2,15,4,1,36
974,"instance-based learning algorithms d. w. aha, d. kibler, and m. k. albert 1991",39,0,5,25,26,153,5,28,4,1,36
975,"instance-based learning algorithms david w. aha, dennis kibler, and marc k. albert 1991",62,0,6,27,28,152,2,44,4,1,36
976,"instance-based learning algorithms d w aha, d kibler, and m k albert 1991",39,0,3,25,26,153,7,49,2,1,36
977,"instance-based learning algorithms d. aha, d. kibler, and m. albert 1991",39,0,5,25,26,153,6,13,2,1,36
978,"instance-based learning algorithms d. w. aha, d. kibler, and j. k. albert 1991",39,0,1,25,26,153,12,37,2,1,36
979,"instance-based learning algorithms d. w. aha, d. kibler, and m. k. albert 1991",39,0,2,25,26,153,12,13,2,1,36
980,"instance-based learning algorithms d. w. aha, d. kibler, and m. k. albert 1991",39,0,2,25,26,153,6,13,2,1,36
981,"instance-based learning algorithms d. w. aha, d. kibler, and m. k. albert 1991",39,0,2,25,26,153,6,13,2,1,36
982,"instance-based learning algorithms d. w. aha, d. kibler, and m. k. albert 1991",39,0,2,25,26,153,6,13,2,1,36
983,"instance-based learning algorithms d. w. aha, d. kibler, and m. k. albert 1991",39,0,2,25,26,153,6,13,2,1,36
984,"instance-based learning algorithms d. w. aha, d. kibler, and m. k. albert 1991",39,0,2,25,26,153,8,13,2,1,36
985,"instance-based learning algorithms david w. aha, dennis kibler, and marc k. albert 1991",62,0,2,27,28,152,8,13,2,1,36
986,"instance-based learning algorithms david w. aha, dennis kibler, and marc k. albert 1991",62,0,6,27,28,152,8,53,4,1,36
987,"&quot;instance-based learning algorithms,&quot aha, d., kibler, d., and albert, m. 1991",39,0,6,13,26,155,7,8,4,1,36
988,"instance-based learning algorithms aha, d., kibler, d., and albert, m 1991",39,0,6,25,26,153,8,53,4,1,36
989,"instance-based learning algorithms aha, d., kibler, d., and albert, m 1991",39,0,6,25,26,153,8,53,3,1,36
990,"instance-based learning algorithms aha, d., kibler, d., and albert, m 1991",39,0,6,25,26,153,13,41,4,1,36
991,"instance-based learning algorithms d. aha, d. kibler and m. albert 1991",39,0,5,25,26,152,2,27,4,1,36
992,"instance-based learning algorithms d. aha, d. kibler, and m. albert 1991",39,0,6,25,26,153,3,21,4,1,36
993,"instance-based learning algorithms d. w. aha, d. kibler, and m. k. al-bert 1991",39,0,2,25,26,153,6,13,2,1,36
994,"instance-based learning algorithms d. w. aha, d. kibler, and m. k. al-bert 1991",39,0,2,25,26,153,8,30,3,1,36
995,"instance-based learning algorithms d. w. aha, d. kibler, and m. k. albert 1991",39,0,3,25,26,153,10,26,3,1,36
996,"instance-based learning algorithms d. w. aha, d. kibler, and m. k. albert 1991",39,0,3,25,26,153,10,26,1,1,36
997,"instance-based learning algorithms d. w. aha, d. kibler, and m. k. albert 1991",39,0,6,25,26,153,3,30,4,1,36
998,"instance-based learning algorithms david w. aha, dennis kibler, and marc k. albert 1991",62,0,6,27,28,152,7,8,4,1,36
999,"instance-based learning algorithms david w. aha, dennis kibler, and mark k. albert 1991",62,0,3,27,28,152,3,41,3,1,36
1000,"instance-based learning algorithms david w. aha, dennis kibler, and mark k. albert 1991",62,0,3,27,28,152,20,22,2,1,36
1001,"instance-based learning algorithms d. w. aha, d. kibler, and m. k. albert 1991",39,0,5,25,26,153,6,21,4,1,36
1002,"instance-based learning algorithms d.w. aha, d. kibler, and m.k. albert 1991",39,0,5,26,27,152,2,27,4,1,36
1003,"instance-based learning algorithms d.w. aha, d. kibler, and m.k. albert",39,0,4,26,27,152,7,1,2,1,36
1004,"instance-based learning algorithms aha, d., kibler, d., &amp; albert, m 1991",39,0,6,25,26,152,7,32,4,1,36
1005,"instance-based learning algorithms d. aha, d. kibler, and m. albert 1991",39,0,6,25,26,153,2,44,2,1,36
1006,"parallelism in ai programs kibler, d. and conery, j",21,0,2,28,13,89,7,7,3,1,NA
1007,"and parallelism in logic programs john s. conery and dennis f. kibler karlsruhe, germany 1983",21,0,4,28,13,47,7,4,4,1,NA
1008,and parallelism and nondeterminism in logic programs j.s. conery and d.f. kibler 1985,21,0,4,28,13,90,7,4,4,1,61
1009,parallelism in ai programs j. s. conery and d. f. kibler 1985,21,0,4,28,13,89,7,4,4,1,NA
1010,and parallelism and nondeterminism in logic programs j.s. conery and d.f. kibler 1985,21,0,1,28,13,90,19,5,1,1,61
1011,"instance-based learning methods aha dw, kibler d, albert mk 1991",39,0,1,25,26,152,19,5,1,1,36
1012,don&apos;t be stupid d. kibler and p. morris 1981,6,0,1,2,13,91,19,5,1,1,44
1013,natural generation of heuristics by transforming the problem representation dennis kibler 1985,35,0,1,2,32,163,12,6,1,1,45
1014,"natural generation of heuristics by transforming the the problem representation kibler, d 1985",35,0,1,2,32,163,12,6,1,1,45
1015,experimental goal regression: a method for learning problem-solving heuristics b. porter and d. kibler 1986,54,0,1,38,4,173,12,6,1,1,55
1016,"learning representative exemplars of concepts: an initial case study kibler, d. and aha, d irvine, ca 1987",19,0,3,23,24,149,10,11,4,1,34
1017,"learning representative exemplars of concepts: an initial case study dennis kibler and david w. aha irvine, ca 1987",19,0,3,23,24,150,10,2,1,1,34
1018,"learning representative exemplars of concepts: an initial case study dennis kibler and david w. aha irvine, ca 1987",19,0,3,23,24,150,10,2,1,1,34
1019,"machine learning as an experimental science kibler, d. and langley, p. glasgow, uk 1988",34,0,3,33,33,164,10,2,1,1,46
1020,"machine learning as an experimental science kibler, d., and langley, p 1988",34,0,3,33,33,164,10,2,1,1,47
1021,"machine learning as an experimental science kibler d., langley p. 1988",34,0,3,33,33,164,10,2,4,1,47
1022,"machine learning as an experimental science kibler, d. and langley, p glasgow, scotland 1988",34,0,3,33,33,164,10,2,1,1,46
1023,"instance-based prediction of real-valued attributes kibler, d. and aha, d. w 1989",39,0,3,35,34,157,10,2,1,1,50
1024,"instance-based prediction of real-valued attributes kibler, d. and aha, d. w 1989",39,0,3,35,34,157,10,2,4,1,50
1025,"instance-based prediction of real-valuedattributes kibler, d., aha, d. w., and albert, m 1989",39,0,3,35,34,157,10,2,4,1,50
1026,"instance-based prediction of real-valued attributes kibler, d., aha, d.w., &amp; albert, m.k 1989",39,0,3,35,34,157,10,2,4,1,50
1027,"instance-based prediction of real-valued attributes kibler, d., aha, d.w., &amp; albert, m.k 1989",39,0,3,35,34,157,10,2,4,1,50
1028,"instance-based prediction of real-valued attributes d. kibler, d. w. aha, and m. k. albert 1989",39,0,3,35,34,157,10,2,1,1,50
1029,"instance-based prediction of real-valued attributes d. kibler, d. w. aha, and m. k. albert 1989",39,0,3,35,34,157,10,2,4,1,50
1030,instance-based prediction of real-valued attributes d. kibler and d. w. aha 1989,39,0,1,35,34,157,10,35,4,1,50
1031,instance-based prediction of real-valued attributes d. kibler and d. w. aha 1989,39,0,4,35,34,157,7,4,2,1,50
1032,"the utility of knowledge in inductive learning pazzani, m. &amp; kibler, d",87,0,6,37,5,169,7,8,4,1,54
1033,"&quot;the utility of knowledge in inductive learning,&quot pazzani, m., and kibler, d. 1992",87,0,2,37,5,168,7,15,5,1,54
1034,the role of prior knowledge in inductive learning michael pazzani and dennis kibler 1992,44,0,2,29,5,170,7,32,4,1,54
1035,the role of prior knowledge in inductive learning michael pazzani and dennis kibler 1992,44,0,1,29,5,170,17,10,4,1,54
1036,the role of prior knowledge in inductive learning michael pazzani and dennis kibler 1992,44,0,1,29,5,170,17,10,4,1,54
1037,the utility of knowledge in inductive learning micheal pazzani and dennis kibler 1992,87,0,1,29,5,169,17,10,4,1,54
1038,"some real-world domains for learning problem solvers dennis kibler (1993) amherst, ma",88,0,2,19,15,177,10,11,4,1,62
1039,"some real-world domains for learning problem solvers dennis kibler (1993) amherst, ma",88,0,5,19,15,177,7,11,4,1,62
1040,"some real-world domains for learning problem solvers dennis kibler (1993) amherst, ma",88,0,6,19,15,177,16,12,2,1,62
1041,the utility of knowledge in inductive learning pazzani m. and kibler d 1991,87,0,6,37,5,168,16,12,4,1,54
1042,the utility of knowledge in inductive learning pazzani m. and kibler d 1991,87,0,6,37,5,168,3,43,4,1,54
1043,the utility of knowledge in inductive learning pazzani m. and kibler d 1991,87,0,6,37,5,168,16,12,4,1,54
1044,the utility of knowledge in inductive learning pazzani m. and kibler d 1991,87,0,6,37,5,168,7,6,4,1,54
1045,"the utility of knowledge in inductive learning pazzani m, kibler d 1992",87,0,6,37,5,168,3,44,4,1,54
1046,"the utility of knowledge in inductive learning pazzani m., kibler d. 1992",87,0,6,37,5,168,3,15,4,1,54
1047,"theory refinement combining analytical and empirical methods ourston, d. &amp; mooney, r 1994",86,0,6,39,38,178,7,43,4,1,63
1048,"theory refinement combining analytical and empirical methods ourston, d. &amp; mooney, r 1994",86,0,6,39,38,178,3,43,4,1,63
1049,"theory refinement combining analytical and empirical methods ourston, d. &amp; mooney, r 1994",86,0,6,39,38,178,3,43,4,1,63
1050,the utility of background knowledge in inductive learning m. pazzani and d. kibler 1992,87,0,4,37,5,172,7,50,4,1,54
1051,"the utility of knowledge in inductive learning pazzani, m. , and kibler, d. 1992",87,0,4,37,5,168,3,48,4,1,54
1052,kibler the utility of knowledge in inductive learning machine learning m. pazzani &amp; d 1992,87,0,1,37,5,171,7,42,2,1,54
1053,the utility of background knowledge in inductive learning m. pazzani and d. kibler 1992,87,0,1,37,5,172,16,12,4,1,54
1054,"the utility of knowledge in inductive learning pazzani, m. &amp; kibler, d 1992",87,0,2,37,5,169,7,1,6,1,54
1055,"the utility of knowledge in inductive learning pazzani, m. &amp; kibler, d 1992",87,0,4,37,5,169,10,15,4,1,54
1056,"the utility of knowledge in inductive learning pazzani, m. &amp; kibler, d 1992",87,0,7,37,5,169,5,52,4,1,54
1057,"the utility of knowledge in inductive learning pazzani, m. &amp; kibler, d 1992",87,0,7,37,5,169,21,52,4,1,54
1058,"the utility of knowledge in inductive learning pazzani, m. &amp; kibler, d 1992",87,0,6,37,5,169,16,12,4,1,54
1059,"the utility of knowledge in inductive learning pazzani, m. &amp; kibler, d 1992",87,0,4,37,5,169,3,32,4,1,54
1060,"the utility of knowledge in inductive learning pazzani, m. &amp; kibler, d 1992",87,0,6,37,5,169,3,18,4,1,54
1061,"the utility of knowledge in inductive learning pazzani, m. &amp; kibler, d 1992",87,0,6,37,5,169,3,21,4,1,54
1062,"the utility of knowledge in inductive learning pazzani, m. &amp; kibler, d 1992",87,0,5,37,5,169,3,1,4,1,54
1063,"the utility of knowledge in inductive learning pazzani, m. &amp; kibler, d 1992",87,0,2,37,5,169,11,45,4,1,54
1064,"the utility of knowledge in inductive learning pazzani, m. &amp; kibler, d 1992",87,0,6,37,5,169,3,18,4,1,54
1065,"the utility of knowledge in inductive learning pazzani, m. &amp; kibler, d 1992",87,0,6,37,5,169,3,48,4,1,54
1066,"the utility of knowledge in inductive learning pazzani, m. j., and kibler, d 1992",87,0,6,37,5,168,3,14,4,1,54
1067,"the utility of knowledge in inductive learning pazzani, m. and kibler, d 1992",87,0,2,37,5,168,5,32,4,1,54
1068,"the utility of knowledge in inductive learning pazzani, m. and kibler, d 1992",87,0,6,37,5,168,16,12,4,1,54
1069,"the utility of knowledge in inductive learning pazzani, m. and kibler, d 1992",87,0,6,37,5,168,3,13,2,1,54
1070,"the utility of knowledge in inductive learning pazzani, m. and kibler, d 1992",87,0,6,37,5,168,3,32,2,1,54
1071,"the utility of knowledge in inductive learning pazzani, m. and kibler, d. 1992",87,0,5,37,5,168,5,51,4,1,54
1072,"the utility of knowledge in inductive learning pazzani, m. and kibler, d. 1992",87,0,6,37,5,168,3,21,4,1,54
1073,"the utility of knowledge in inductive learning pazzani, m., &amp; kibler, d 1992",87,0,7,37,5,169,5,52,4,1,54
1074,"the utility of knowledge in inductive learning pazzani, m., &amp; kibler, d 1992",87,0,7,37,5,169,5,52,4,1,54
1075,"the utility of background knowledge in inductive learning pazzani, m., and kibler, d 1992",87,0,7,37,5,172,5,48,4,1,54
1076,"the utility of background knowledge in inductive learning pazzani, m., and kibler, d 1992",87,0,7,37,5,172,5,13,4,1,54
1077,"the utility of background knowledge in inductive learning pazzani, m., and kibler, d 1992",87,0,2,37,5,172,3,18,2,1,54
1078,"the utility of background knowledge in inductive learning pazzani, m., and kibler, d 1992",87,0,5,37,5,172,5,28,4,1,54
1079,"the utility of background knowledge in inductive learning pazzani, m., and kibler, d 1992",87,0,5,37,5,172,7,32,1,1,54
1080,"the utility of background knowledge in inductive learning pazzani, m., and kibler, d 1992",87,0,2,37,5,172,7,2,5,1,54
1081,"the utility of background knowledge in inductive learning pazzani, m., and kibler, d 1992",87,0,4,37,5,172,15,19,4,1,54
1082,"the utility of background knowledge in inductive learning pazzani, m., and kibler, d 1992",87,0,4,37,5,172,7,19,4,1,54
1083,"the utility of background knowledge in inductive learning pazzani, m., and kibler, d 1992",87,0,6,37,5,172,15,19,4,1,54
1084,"the utility of background knowledge in inductive learning pazzani, m., and kibler, d 1992",87,0,7,37,5,172,5,52,4,1,54
1085,"the utility of knowledge in inductive learning pazzani, m., and kibler, d 1992",87,0,2,37,5,168,1,30,3,1,54
1086,"the utility of knowledge in inductive learning pazzani, m., and kibler, d 1992",87,0,7,37,5,168,3,15,4,1,54
1087,"the utility of prior knowledge in inductive learning pazzani, m., and kibler, d 1992",87,0,4,29,5,170,3,2,4,1,54
1088,the utility of background knowledge in inductive learning m. pazzani and d. kibler 1992,87,0,7,37,5,172,14,51,4,1,54
1089,the utility of background knowledge in inductive learning m. pazzani and d. kibler 1992,87,0,7,37,5,172,3,14,4,1,54
1090,the utility of knowledge in inductive learning m. pazzani and d. kibler 1992,87,0,6,37,5,168,3,21,4,1,54
1091,the utility of knowledge in inductive learning m. pazzani and d. kibler 1992,87,0,7,37,5,168,5,51,4,1,54
1092,the utility of knowledge in inductive learning m. pazzani and d. kibler 1992,87,0,5,37,5,168,5,52,4,1,54
1093,the utility of knowledge in inductive learning micheal j. pazzani and dennis kibler 1992,87,0,6,29,5,169,16,12,4,1,54
1094,the utility of knowledge in inductive learning micheal j. pazzani and dennis kibler 1992,87,0,3,29,5,169,20,22,4,1,54
1095,the utility of prior knowledge in inductive learning m. pazzani and d. kibler 1992,87,0,3,29,5,170,3,22,4,1,54
1096,the utility of prior knowledge in inductive learning m. pazzani and d. kibler 1992,87,0,7,29,5,170,20,22,4,1,54
1097,the role of prior knowledge in inductive learning micheal j. pazzani and dennis kibler 1992,44,0,3,29,5,170,3,22,4,1,54
1098,the role of prior knowledge in inductive learning micheal j. pazzani and dennis kibler 1992,44,0,6,29,5,170,7,52,4,1,54
1099,the role of prior knowledge in inductive learning micheal j. pazzani and dennis kibler 1992,44,0,6,29,5,170,5,28,4,1,54
1100,the utility of knowledge in inductive learning m. pazzani and d. kibler 1992,87,0,2,37,5,168,7,51,4,1,54
1101,the role of prior knowledge in inductive learning micheal j. pazzani and dennis kibler 1992,44,0,4,29,5,170,3,2,4,1,54
1102,the utility of background knowledge in inductive learning m. pazzani and d. kibler 1992,87,0,2,37,5,172,6,13,2,1,54
1103,the utility of background knowledge in inductive learning m. pazzani and d. kibler 1992,87,0,1,37,5,172,7,37,2,1,54
1104,"&quot;the utility of knowledge in inductive learning&quot; pazzani, m. and d. kibler 1992",87,0,2,37,5,168,6,37,2,1,54
1105,"the utility of knowledge in inductive learning pazzani, m. and kibler, d 1992",87,0,7,37,5,168,14,51,2,1,54
1106,"the utility of knowledge in inductive learning pazzani, m. and kibler, d 1992",87,0,6,37,5,168,3,13,2,1,54
1107,the utility of knowledge in inductive learning m. pazzani and d. kibler 1992,87,0,2,37,5,168,3,13,2,1,54
1108,"&quot;the utility of knowledge in inductive learning&quot; pazzani, m., and kibler, d. 1992",87,0,2,37,5,168,6,13,2,1,54
1109,"&quot;the utility of knowledge in inductive learning&quot; pazzani, m., and kibler, d. 1992",87,0,5,37,5,168,8,12,4,1,54
1110,the utility of knowledge in inductive learning m. pazzani and d. kibler 1997,87,0,5,37,5,168,8,13,2,1,54
1111,the utility of knowledge in inductive learning m. pazzani and d. kibler 1997,87,0,5,37,5,168,3,7,3,1,54
1112,experimental goal regression: a method for learning problem-solving heuristics bruce porter and dennus kibler 1986,54,0,4,38,4,173,3,17,3,1,55
1113,experimental goal regression: a method for learning problem-solving heuristics bruce porter and dennus kibler 1986,54,0,4,38,4,173,3,17,4,1,55
1114,experimental goal regression: a method for learning problem-solving heuristics bruce porter and dennus kibler 1986,54,0,4,38,4,173,3,17,4,1,55
1115,experimental goal regression: a method for learning problem-solving heuristics bruce porter and dennus kibler 1986,54,0,7,38,4,173,4,29,4,1,55
1116,experimental goal regression: a method for learning problem-solving heuristics bruce porter and dennus kibler 1986,54,0,4,38,4,173,4,29,4,1,55
1117,"learning subgoal sequences for planning david ruby and dennis kibler detroit, mi 1989",17,0,2,39,36,174,3,17,4,1,56
1118,"steppingstone: an empirical and analyt ical evaluation ruby, d., &amp; kibler, d san mateo, ca 1991",61,0,2,39,36,175,3,17,4,1,58
1119,"steppingstone: an empirical and analytical evaluation ruby, d., &amp; kibler, d san mateo, ca 1991",61,0,2,39,36,175,3,33,3,1,58
1120,"steppingstone: an empirical and analytical evaluation ruby, d., &amp; kibler, d san mateo, ca 1991",61,0,7,39,36,175,3,18,4,1,58
1121,learning subgoal sequences for planning d. ruby and d. kibler 1991,17,0,3,39,36,174,3,17,3,1,57
1122,learning subgoal sequences for planning d. ruby and d. kibler 1991,17,0,2,39,36,174,3,17,4,1,57
1123,a theory of nonuniformity in digitized binary pictures j. sklansky and d. f. kibler 1976,61,0,5,2,4,48,7,1,3,1,NA
1124,"multivariate versus univariate decision trees brodley, c. e. &amp; utgoff, p. e amherst, ma 1992",32,0,5,41,39,179,7,28,3,1,64
1125,"multivariate versus univariate decision trees brodley, c. e. &amp; utgoff, p. e amherst, ma 1992",32,0,4,41,39,179,7,49,5,1,64
1126,"multivariate versus univariate decision trees brodley, c. e. and utgoff, p. e amherst, ma 1992",32,0,6,41,39,179,7,49,4,1,64
1127,"multivariate versus univariate decision trees brodley, c. e. and utgoff, p. e amherst, ma 1992",32,0,5,41,39,179,7,28,2,1,64
1128,"multivariate versus univariate decision trees brodley, c. e. and utgoff, p. e amherst, ma 1992",32,0,6,41,39,179,7,49,4,1,64
1129,"multivariate versus univariate decision trees brodley, c. e., &amp; utgoff, p. e amherst, ma 1992",32,0,5,41,39,179,7,49,3,1,64
1130,"multivariate versus univariate decision trees brodley, c. e., &amp; utgoff, p. e amherst, ma 1992",32,0,5,41,39,179,7,28,3,1,64
1131,"multivariate versus univariate decision trees brodley, c. e., &amp; utgoff, p. e amherst, ma 1992",32,0,4,41,39,179,7,49,4,1,64
1132,"multivariate versus univariate decision trees brodley, c. e., &amp; utgoff, p. e amherst, ma 1992",32,0,5,41,39,179,7,4,4,1,64
1133,"multivariate versus univariate decision trees brodley, c. e., &amp; utgoff, p. e 1992",32,0,4,41,39,180,5,4,4,1,64
1134,"multivariate versus univariate decision trees brodley, c. e., &amp; utgoff, p. e 1992",32,0,4,41,39,180,7,4,4,1,64
1135,"multivariate versus univariate decision trees brodley, c. e., &amp; utgoff, p. e 1992",32,0,1,41,39,180,7,5,1,1,64
1136,"multivariate versus univariate decision trees brodley, c. e., &amp; utgoff, p. e 1992",32,0,1,41,39,180,19,5,4,1,64
1137,"multivariate versus univariate decision trees brodley, c. e., &amp; utgoff, p. e 1992",32,0,1,41,39,180,19,5,1,1,64
1138,"multivariate versus univariate decision trees brodley, c. e., &amp; utgoff, p. e 1992",32,0,1,41,39,180,12,6,4,1,64
1139,"multivariate versus univariate decision trees brodley, c. e., &amp; utgoff, p. e 1992",32,0,1,41,39,180,12,6,1,1,64
1140,"multivariate versus univariate decision trees brodley, c. e., and utgoff, p. e 1992",32,0,1,41,39,179,12,6,1,1,64
1141,"multivariate versus univariate decision trees c.e. brodley and p.e. ut-goff amherst, massachusetts, usa 1992",32,0,2,42,39,179,10,2,1,1,64
1142,"multivariate versus univariate decision trees c.e. brodley and p.e. utgoff amherst, ma 1992",32,0,3,42,39,179,10,2,1,1,64
1143,"multivariate versus univariate decision trees brodley, c. e., and utgoff, p. e u. mass 1992",32,0,3,41,39,179,10,2,1,1,64
1144,"multivariate versus univariate decision trees carla e. brodley and paul e. utgoff amherst, ma 1992",32,0,3,41,39,179,10,2,1,1,64
1145,"multivariate versus univariate decision trees carla e. brodley and paul e. utgoff amherst, ma 1992",32,0,3,41,39,179,10,2,1,1,64
1146,"multivariate versus univariate decision trees carla e. brodley and paul e. utgoff amherst, ma 1992",32,0,3,41,39,179,10,2,1,1,64
1147,"multivariate versus univariate decision trees carla e. brodley and paul e. utgoff amherst, ma 1992",32,0,3,41,39,179,7,2,5,1,64
1148,"multivariate versus univariate decision trees carla e. brodley and paul e. utgoff amherst, ma 1992",32,0,3,41,39,179,7,2,1,1,64
1149,"multivariate versus univariate decision trees carla e. brodley and paul e. utgoff amherst, ma 1992",32,0,3,41,39,179,10,2,1,1,64
1150,"multivariate versus univariate decision trees carla e. brodley and paul e. utgoff amherst, ma 1992",32,0,3,41,39,179,10,2,1,1,64
1151,"multivariate versus univariate decision trees carla e. brodley and paul e. utgoff amherst, ma 1992",32,0,3,41,39,179,10,2,1,1,64
1152,"multivariate versus univariate decision trees carla e. brodley and paul e. utgoff amherst, ma 1992",32,0,3,41,39,179,10,2,1,1,64
1153,"multivariate versus univariate decision trees brodley, c.e., and utgoff, p.e umass 1992",32,0,3,42,39,179,10,2,4,1,64
1154,"multivariate decision trees c. e. brodley and p. e. utgoff amherst, massachusetts 1992",12,0,3,43,39,181,10,2,1,1,65
1155,"multivariate decision trees c. e. brodley and p. e. utgoff amherst, massachusetts 1992",12,0,1,43,39,181,10,9,1,1,65
1156,"multivariate decision trees c. e. brodley and p. e. utgoff amherst, massachusetts 1992",12,0,1,43,39,181,7,9,1,1,65
1157,"multivariate decision trees c. e. brodley and p. e. utgoff amherst, massachusetts 1992",12,0,4,43,39,181,7,4,1,1,65
1158,multivariate versus univariate decision trees c.e. brodley and p.e. utgoff university of massachussetts 1992,32,0,4,42,39,179,7,4,4,1,64
1159,multivariate versus univariate decision trees c.e. brodley and p.e. utgoff university of massachussetts 1992,32,0,6,42,39,179,7,8,4,1,64
1160,multivariate decision trees carla e. brodley and paul utgoff amherst 1992,59,0,1,41,39,181,17,10,3,1,65
1161,multivariate decision trees carla e. brodley and paul utgoff amherst 1992,59,0,1,41,39,181,17,10,3,1,65
1162,"multivariate versus univariate decision trees brodley, c. e. and utgoff, p. e 1992",32,0,1,41,39,179,7,10,5,1,64
1163,"multivariate versus univariate decision trees brodley, c. e. and utgoff, p. e 1992",32,0,3,41,39,179,6,25,4,1,64
1164,"multivariate versus univariate decision trees c.e. brodley and p.e. utgoff university of massachusetts, amherst, ma",32,0,5,42,39,179,7,11,4,1,64
1165,goal-directed classification using linear machine decision trees c. e. brodley and p. e. utgoff 1994,42,0,6,44,40,184,16,11,4,1,66
1166,goal-directed classification using linear machine decision trees c. e. brodley and p. e. utgoff 1994,42,0,6,44,40,184,16,12,4,1,66
1167,goal-directed classification using linear machine decision trees c. e. brodley and p. e. ut-goff page 1994,42,0,6,44,40,184,3,19,4,1,66
1168,"goal-directed classification using linear machine decisiontrees b. draper, c. e. brodley, and p. utgoff 1994",42,0,6,44,40,184,3,21,4,1,67
1169,goal-directed classification using linear machine decision trees c. e. brodley and p. e. utgoff 1994,42,0,6,44,40,184,15,19,4,1,66
1170,multivariate decision trees carla e. brodley and paul e. utgoff 1995,59,0,6,43,17,182,15,19,2,1,68
1171,multivariate decision trees carla e. brodley and paul e. utgoff 1995,59,0,6,43,17,182,15,19,4,1,68
1172,", &quot;multivariate decision trees&quot; brodley, c. e. &amp; utgoff, p. e",46,0,6,13,17,49,15,19,4,1,68
1173,"multivariate decision trees brodley, c. e. and utgoff p. e 1995",59,0,6,43,17,182,15,19,4,1,68
1174,"multivariate decision trees brodley, c. e. and utgoff p. e 1995",59,0,6,43,17,182,15,19,4,1,68
1175,"multivariate decision trees brodley, c. e. and utgoff, p. e 1995",59,0,6,43,17,182,15,19,4,1,68
1176,"multivariate decision trees brodley, c. e. and utgoff, p. e 1995",59,0,6,43,17,182,15,19,2,1,68
1177,"multivariate decision trees brodley, c. e. and utgoff, p. e 1995",59,0,4,43,17,182,15,19,4,1,68
1178,"(in press). multivariate decision trees brodley, c. e., &amp; utgoff, p. e",12,0,6,43,17,50,15,19,4,1,68
1179,"multivariate decision trees brodley, c. e., &amp; utgoff, p. e 1994",12,0,6,43,17,180,15,19,4,1,68
1180,"multivariate decision trees brodley, c. e., &amp; utgoff, p. e 1994",12,0,3,43,17,180,15,19,4,1,68
1181,"multivariate decision trees brodley, c. e., &amp; utgoff, p. e 1994",12,0,7,43,17,180,3,19,4,1,68
1182,"multivariate decision trees brodley, c. e., &amp; utgoff, p. e 1994",12,0,7,43,17,180,15,19,4,1,68
1183,"multivariate decision trees brodley, c. e., &amp; utgoff, p. e 1994",12,0,6,43,17,180,15,19,4,1,68
1184,"multivariate decision trees brodley, c. e., &amp; utgoff, p. e 1994",12,0,6,43,17,180,3,19,4,1,68
1185,"multivariate decision trees brodley, c. e., &amp; utgoff, p. e 1994",12,0,2,43,17,180,3,17,4,1,68
1186,"multivariate decision trees brodley, c. e., &amp; utgoff, p. e 1995",59,0,6,43,17,180,15,19,4,1,68
1187,"multivariate decision trees brodley, c. e., utgoff, p. e 1995",59,0,6,43,17,182,15,19,4,1,68
1188,"multivariate decision trees brodley, c.e. and utgoff p.e 1995",85,0,6,42,17,182,15,19,2,1,68
1189,"multivariate decision trees brodley, c.e. and utgoff p.e 1995",85,0,6,42,17,182,15,19,4,1,68
1190,"&quot;multivariate decision trees&quot; brodley, c.e., and utgoff, p.e 1995",46,0,6,42,17,183,15,19,4,1,68
1191,multivariate decision trees c. e. brodley and p. e. utgoff 1995,59,0,4,43,17,182,15,19,4,1,68
1192,"&quot;multivariate decision trees&quot; brodley, c.e. and utgoff, p.e",46,0,6,42,17,183,15,19,4,1,68
1193,&quot;multivariate decision trees&quot; c.e. brodley and p.e. utgoff 1995,46,0,6,42,17,183,15,19,4,1,68
1194,multivariate decision trees c. e. brodley and p. e. utgoff 1995,59,0,6,43,17,182,15,19,4,1,68
1195,"multivariate decision trees brodley, c. e., and utgoff, p. e 1994",12,0,6,43,17,182,15,19,4,1,68
1196,"&quot;linear machine decision trees,&quot carla brodley and paul utgoff",46,0,6,13,40,51,15,19,4,1,NA
1197,multivariate decision trees carla e. brodley and paul e. utgoff 1995,59,0,4,43,17,182,3,4,4,1,68
1198,multivariate decision trees carla e. brodley and paul e. utgoff 1995,59,0,6,43,17,182,15,19,3,1,68
1199,multivariate decision trees carla e. brodley and paul e. utgoff 1995,59,0,6,43,17,182,15,49,3,1,68
1200,multivariate decision trees carla e. brodley and paul e. utgoff 1995,59,0,6,43,17,182,15,19,4,1,68
1201,multivariate decision trees carla e. brodley and paul e. utgoff 1995,59,0,4,43,17,182,15,19,4,1,68
1202,multivariate decision trees carla e. brodley and paul e. utgoff 1995,59,0,4,43,17,182,3,19,3,1,68
1203,multivariate decision trees carla e. brodley and paul e. utgoff 1995,59,0,3,43,17,182,15,19,1,1,68
1204,multivariate decision trees carla e. brodley and paul e. utgoff 1995,59,0,6,43,17,182,7,49,4,1,68
1205,multivariate decision trees carla e. brodley and paul e. utgoff 1995,59,0,7,43,17,182,15,19,4,1,68
1206,multivariate decision trees c. e. brodley and p. e. utgoff 1995,59,0,6,43,17,182,15,19,4,1,68
1207,&quot;multivariate decision trees&quot; c.e. brodley and p.e. utgoff 1995,46,0,6,42,17,183,15,19,4,1,68
1208,multivariate trees c. brodley and p. utgoff 1995,59,0,6,43,17,182,15,19,4,1,68
1209,multivariate decision trees c. e. brodley and p. e. utgoff 1995,59,0,6,43,17,182,15,19,4,1,68
1210,multivariate decision trees c. e. brodley and p. e. utgoff 1995,59,0,6,43,17,182,15,19,4,1,68
1211,"multivariate decision trees brodley, c.e., and utgoff, p.e 1994",85,0,7,42,17,182,15,19,4,1,68
1212,multivariate decision trees carla e. brodley and paul e. utgoff 1995,59,0,4,43,17,182,7,19,1,1,68
1213,multivariate decision trees c.e. brodley and p.e. utgoff,85,0,4,42,17,181,15,19,1,1,68
1214,"&quot;multivriate decision trees&quot; c. brodley, p. utgoff",46,0,4,13,16,183,7,19,4,1,68
1215,"&quot;a transformational approach to constructive induction,&quot callan, j.p. and utgoff, p.e. evanston 1991",31,0,6,45,41,52,15,21,4,1,70
1216,"a transformational approach to constructive induction callan, j. and utgoff, p northwestern university, chicago, il 1991",31,0,6,45,41,185,3,21,4,1,70
1217,"a transformational approach to constructive induction callan, j. and utgoff, p northwestern university, chicago, il 1991",31,0,6,45,41,185,7,7,4,1,70
1218,"a transformational approach to constructive induction callan, j. and utgoff, p northwestern university, chicago, il 1991",31,0,2,45,41,185,7,7,2,1,70
1219,a transformational approach to constructive induction j. callan and p. utgoff 1991,31,0,3,45,41,185,20,22,2,1,70
1220,a transformational approach to constructive induction j. callan and p. utgoff 1991,31,0,3,45,41,185,20,22,3,1,70
1221,"a transformational approach to constructive induction j.p. callan and p.e. utgoff san mateo, ca",31,0,3,45,41,185,20,22,3,1,70
1222,"constructive induction on domain knowl edge callan, j. p., &amp; utgoff, p. e anaheim, ca 1991",61,0,3,45,41,186,20,22,3,1,71
1223,"constructive induction on domain knowledge callan, j. p., &amp; utgoff, p. e anaheim, ca 1991",61,0,4,45,41,186,3,17,2,1,71
1224,constructive induction on domain knowledge j. p. callan and p.e. utgoff 1991,61,0,5,45,41,186,5,28,4,1,71
1225,"using decision trees to improve case-based learning c. cardie amherst, ma 1993",31,0,4,46,42,187,5,28,4,1,72
1226,"using decision trees to improve case-based learning c. cardie amherst, ma 1993",31,0,4,46,42,187,8,20,3,1,72
1227,"using decision trees to improve case-based learning c. cardie amherst, ma 1993",31,0,2,46,42,187,6,13,2,1,72
1228,"using decision trees to improve case-based learning cardie, c amherst, ma 1993",31,0,2,46,42,187,12,37,2,1,72
1229,"using decision trees to improve case-based learning cardie, c amherst, ma 1993",31,0,2,46,42,187,12,6,2,1,72
1230,"using decision trees to improve case-based learning cardie, c amherst, ma 1993",31,0,2,46,42,187,18,13,2,1,72
1231,"using decision trees to improve case-based learning cardie, c amherst, ma 1993",31,0,2,46,42,187,6,13,2,1,72
1232,"using decision trees to improve case-based learning cardie, c amherst, ma 1993",31,0,2,46,42,187,6,13,2,1,72
1233,"using decision trees to improve case-based learning cardie, c amherst, ma 1993",31,0,2,46,42,187,6,13,2,1,72
1234,"using decision trees to improve case-based learning cardie, c amherst, ma 1993",31,0,2,46,42,187,8,13,2,1,72
1235,"multitask learning: a knowledge-based of source of inductive bias r. caruana san mateo, ca 1993",26,0,2,47,43,188,18,13,2,1,73
1236,"multitask learning: a knowledge-based of source of inductive bias r. caruana san mateo, ca 1993",26,0,8,47,43,188,8,42,4,1,73
1237,"multitask learning: a knowledge-based of source of inductive bias r. caruana san mateo, ca 1993",26,0,2,47,43,188,6,2,3,1,73
1238,"multitask learning: a knowledge-based of source of inductive bias richard caruana san mateo, ca 1993",26,0,5,47,43,188,8,2,3,1,73
1239,"multitask learning: a knowledge-based of source of inductive bias richard caruana san mateo, ca 1993",26,0,5,47,43,188,8,29,4,1,73
1240,"multitask learning: a knowledge-based of source of inductive bias richard caruana san mateo, ca 1993",26,0,1,47,43,188,8,39,3,1,73
1241,"multitask learning: a knowledge-based of source of inductive bias richard caruana san mateo, ca 1993",26,0,7,47,43,188,3,48,2,1,73
1242,"multitask learning: a knowledge-based of source of inductive bias richard caruana san mateo, ca 1993",26,0,5,47,43,188,9,20,3,1,73
1243,"multitask learning: a knowledge-based of source of inductive bias r. caruana san mateo, ca 1993",26,0,2,47,43,188,1,30,2,1,73
1244,"multitask learning: a knowledge-based of source of inductive bias r. caruana san mateo, ca 1993",26,0,2,47,43,188,1,30,3,1,73
1245,"multitask learning: a knowledge-based of source of inductive bias r. caruana san mateo, ca 1993",26,0,2,47,43,188,1,30,2,1,73
1246,"multitask learning: a knowledge-based of source of inductive bias r. caruana san mateo, ca 1993",26,0,1,47,43,188,10,26,3,1,73
1247,"multitask learning: a knowledge-based of source of inductive bias r. caruana san mateo, ca 1993",26,0,1,47,43,188,6,5,2,1,73
1248,"multitask learning: a knowledge-based of source of inductive bias r. caruana san mateo, ca 1993",26,0,5,47,43,188,9,20,3,1,73
1249,"multitask learning: a knowledge-based of source of inductive bias caruana, r san mateo, ca 1993",26,0,5,47,43,188,7,20,3,1,73
1250,"multitask learning: a knowledge-based of source of inductive bias caruana, r san mateo, ca 1993",26,0,1,47,43,188,13,39,3,1,73
1251,"multitask learning: a knowledge-based of source of inductive bias caruana, r san mateo, ca 1993",26,0,2,47,43,188,6,45,2,1,73
1252,"multitask learning: a knowledge-based of source of inductive bias caruana, r san mateo, ca 1993",26,0,4,47,43,188,6,31,3,1,73
1253,"multitask learning: a knowledge-based of source of inductive bias caruana, r san mateo, ca 1993",26,0,2,47,43,188,6,13,2,1,73
1254,"planning for conjunctive goals chapman, d 1987",25,0,5,2,36,92,7,4,3,1,74
1255,"planning for conjunctive goals chapman, d 1987",25,0,2,2,36,92,7,1,2,1,74
1256,"chapman, d cambridge, ma 1991",25,0,4,2,15,189,7,9,3,1,75
1257,"chapman, d cambridge, ma 1991",25,0,4,2,15,189,7,16,3,1,75
1258,"chapman, d cambridge, ma 1991",25,0,4,2,15,189,7,16,3,1,75
1259,using qualitative models to guide inductive learning p. clark and s. matwin 1993,61,0,4,2,42,53,7,4,3,1,NA
1260,"finite state automata and simple recurrent networks cleeremans, a., servan-schreiber, d., &amp; mcclelland, j 1989",61,0,4,18,22,54,7,5,1,1,NA
1261,"a teaching method for reinforcement learning clouse, j. a. &amp; utgoff, p. e 1992",22,0,1,48,44,190,19,5,1,1,76
1262,"a teaching method for reinforcement learning clouse, j. a., &amp; utgoff, p. e san mateo, ca 1992",22,0,1,48,44,190,19,5,1,1,76
1263,"a teaching method for reinforcement learning clouse, j. a., &amp; utgoff, p. e san mateo, ca 1992",22,0,4,48,44,190,10,6,1,1,76
1264,"a teaching method for reinforcement learning clouse, j., &amp; utgoff, p aberdeen, scotland 1992",22,0,4,48,44,190,10,6,1,1,76
1265,"a teaching method for reinforcement learning clouse, j., &amp; utgoff, p 1992",22,0,1,48,44,190,10,6,1,1,76
1266,"a teaching method for reinforcement learning clouse, j., &amp; utgoff, p 1992",22,0,4,48,44,190,10,2,4,1,76
1267,"a teaching method for reinforcement learning clouse, j., and utgoff, p 1992",22,0,4,48,44,190,10,2,1,1,76
1268,"a teaching method for reinforcement learning clouse, j.a., &amp; p.e. utgoff aberdeen, scotland 1992",22,0,4,48,44,190,10,2,1,1,76
1269,a teaching method for reinforcement learning j. clouse and p. utgoff 1992,22,0,4,48,44,190,10,2,1,1,76
1270,a teaching method for reinforcement learning j. a. clouse and p. e. utgoff 1992,22,0,4,48,44,190,10,2,1,1,76
1271,a teaching method for reinforcement learning j. a. clouse and p. e. utgoff 1992,22,0,4,48,44,190,10,2,1,1,76
1272,"a teaching method for reinforcement learning clouse, j.a., &amp; utgoff, p.e san mateo, ca 1992",22,0,4,48,44,190,10,2,1,1,76
1273,a teaching method for reinforcement learning j. a. clouse and p. e. utgoff 1992,22,0,4,48,44,190,10,2,1,1,76
1274,"a teaching method for reinforcement learning j.a. clouse and p.e. utgoff san mateo, ca 1992",22,0,4,48,44,190,10,2,1,1,76
1275,"a teaching method for reinforcement learning j.a. clouse and p.e. utgoff san mateo, ca 1992",22,0,4,48,44,190,10,2,1,1,76
1276,"a teaching method for reinforcement learning j. clouse and p. utgoff aberdeen, scotland 1992",22,0,4,48,44,190,10,2,1,1,76
1277,a teaching method for reinforcement learning j. clouse and p. utgoff 1992,22,0,4,48,44,190,10,2,1,1,76
1278,learning to control a dynamic physical system m. e. connel and p. e. utgoff 1987,8,0,3,49,45,191,10,2,2,1,77
1279,"learning to control a dynamic physical system connell, m. e. and utgoff, p. e seattle, wa., san mateo, ca 1987",8,0,4,49,45,191,10,2,1,1,77
1280,"learning to control a dynamic physical system connell, m. e. and utgoff, p. e seattle, wa., san mateo, ca 1987",8,0,1,49,45,191,10,10,1,1,77
1281,"learning to control a dynamic physical system connell, m. e., &amp; utgoff, p. e seattle, wa 1987",8,0,1,49,45,191,10,9,1,1,77
1282,"learning to control a dynamic physical system connell, m. e., &amp; utgoff, p. e seattle, wa 1987",8,0,4,49,45,191,7,8,1,1,77
1283,"learning to control a dynamic physical system connell, m. e., &amp; utgoff, p. e seattle, wa 1987",8,0,4,49,45,191,7,8,1,1,77
1284,"learning to control a dynamic physical system connell, m. e., &amp; utgoff, p. e seattle, wa 1987",8,0,4,49,45,191,10,11,1,1,77
1285,learning to control a dynamic physical system m. connell and p. utgoff seattle 1987,8,0,1,49,45,191,17,10,3,1,77
1286,learning to control a dynamic physical system m. connell and p. utgoff seattle 1987,8,0,1,49,45,191,17,10,3,1,77
1287,learning to control a dynamic physical system m. connell and p. utgoff seattle 1987,8,0,1,49,45,191,17,10,1,1,77
1288,"learning symbolic rules using artificial neural networks craven, m. w. &amp; shavlik, j. w 1993",70,0,1,8,12,192,7,10,4,1,78
1289,"learning symbolic rules using artificial neural networks craven, m. w. &amp; shavlik, j. w 1993",70,0,5,8,12,192,7,11,4,1,78
1290,"learning symbolic rules using artificial neural networks mark w. craven and jude w. shavlik san mateo, ca 1993",70,0,5,8,12,192,7,11,4,1,78
1291,"learning symbolic rules using artificial neural networks mark w. craven and jude w. shavlik san mateo, ca 1993",70,0,6,8,12,192,16,12,4,1,78
1292,"learning symbolic rules using artificial neural networks mark w. craven and jude w. shavlik san mateo, ca 1993",70,0,6,8,12,192,16,12,4,1,78
1293,learning symbolic rules using artificial neural networks m. w. craven and j. w. shavlik 1993,70,0,6,8,12,192,3,4,4,1,78
1294,learning symbolic rules using artificial neural networks m. w. craven and j. w. shavlik 1993,70,0,2,8,12,192,3,48,2,1,78
1295,learning symbolic rules using artificial neural networks m. w. craven and j. w. shavlik 1993,70,0,6,8,12,192,3,21,4,1,78
1296,"small disjuncts in action: learning to diagnose errors in the local loop of the telephone network danyluk, a.p. and f.j. provost 1993",61,0,6,4,42,93,7,27,4,1,79
1297,"small disjuncts in action: learning to diagnoseerrors in the telephone network local loop danyluk, a. &amp; provost, f 1993",61,0,4,4,42,93,7,49,4,1,79
1298,"goal-directed classification using linear machine decision trees b. a. draper, carla e. brodley, and paul e. utgoff 1994",42,0,6,44,40,184,3,21,4,1,67
1299,"goal-directed classification using linear machine decision trees b. a. draper, carla e. brodley, and paul e. utgoff 1994",42,0,6,44,40,184,3,21,4,1,67
1300,"`goal-directed classificationusing linear machine decision trees&apos; draper, b. a., brodley, c. e. &amp; utgoff, p. e 1994",42,0,6,44,40,184,3,32,4,1,67
1301,"`goal-directed classificationusing linear machine decision trees&apos; draper, b. a., brodley, c. e. &amp; utgoff, p. e 1994",42,0,4,44,40,184,3,4,4,1,67
1302,"goal-directed classificationusing linear machine decision trees draper, b. a., brodley, c. e., &amp; utgoff, p. e 1994",42,0,2,44,40,184,20,7,4,1,67
1303,"goal-directed classification using linear machinedecision trees b. a. draper, carla e. brodley, and paul e. utgoff 1994",42,0,6,44,40,184,3,1,4,1,67
1304,"goal-directed classification using linear machinedecision trees b. a. draper, carla e. brodley, and paul e. utgoff 1994",42,0,2,44,40,184,3,14,4,1,67
1305,"goal-directed classification using linear machinedecision trees b. a. draper, carla e. brodley, and paul e. utgoff 1994",42,0,6,44,40,184,3,31,4,1,67
1306,"goal-directed classification using linear machinedecision trees b. a. draper, carla e. brodley, and paul e. utgoff 1994",42,0,6,44,40,184,3,21,4,1,67
1307,"goal-directed classification using linear machinedecision trees b. a. draper, carla e. brodley, and paul e. utgoff 1994",42,0,6,44,40,184,3,13,4,1,67
1308,"goal-directed classification using linear machinedecision trees b. a. draper, carla e. brodley, and paul e. utgoff 1994",42,0,6,44,40,184,3,21,4,1,67
1309,"goal-directed classification using linear machinedecision trees b. a. draper, carla e. brodley, and paul e. utgoff 1994",42,0,6,44,40,184,3,21,4,1,67
1310,"goal-directed classification using linear machinedecision trees b. a. draper, carla e. brodley, and paul e. utgoff 1994",42,0,6,44,40,184,3,13,2,1,67
1311,"goal-directed classification using linear machinedecision trees b. a. draper, carla e. brodley, and paul e. utgoff 1994",42,0,3,44,40,184,7,21,3,1,67
1312,"goal-directed classification using linear machine decision trees bruce a. draper, carla e. brodley, and paul e. utgoff 1994",42,0,5,44,40,184,3,21,4,1,67
1313,"goal-directed classification using linear machine decision trees b. draper, c. e. brodley, and p. utgoff 1994",42,0,6,44,40,184,3,21,4,1,67
1314,"goal-directed classification using linear machine decision trees b. draper, c. e. brodley, and p. utgoff september 1994. 9",42,0,6,44,40,184,3,21,4,1,67
1315,"a hybrid method for feature generation fawcett, t. e. and utgoff, p. e san mateo 1991",18,0,6,32,31,193,3,21,4,1,80
1316,"a hybrid method for feature generation fawcett, t. e., &amp; utgoff, p. e san mateo, ca 1991",18,0,6,32,31,193,3,21,4,1,80
1317,"a hybrid method for feature generation fawcett, t. e., &amp; utgoff, p. e evanston, il 1991",18,0,6,32,31,193,3,21,4,1,80
1318,"a hybrid method for feature generation. machine learning fawcett, t. e., &amp; utgoff, p. e evanston, il 1991",18,0,6,32,31,193,3,21,4,1,80
1319,"&quot;a hybrid method for feature generation,&quot fawcett, t.e. and utgoff, p.e. evanston, ill. 1991",18,0,6,32,31,55,3,21,4,1,80
1320,"a hybrid method for feature generation fawcett, t. and utgoff, p evanston, ill 1991",18,0,6,32,31,193,3,21,4,1,80
1321,"a hybrid method for feature generation fawcett, t. and utgoff, p evanston, ill 1991",18,0,6,32,31,193,3,21,4,1,80
1322,"&quot;automatic feature generation for problem solving systems&quot; fawcett, t. e. &amp; utgoff, p. e 1992",18,0,4,32,31,56,3,21,4,1,81
1323,"automatic feature generation for problem solving systems fawcett, t. and utgoff, p uk 1992",18,0,6,32,31,194,3,21,4,1,81
1324,"automatic feature generation for problem solving systems fawcett, t. and utgoff, p uk 1992",18,0,6,32,31,194,3,21,4,1,81
1325,"automatic feature generation for problem solving systems fawcett, t. and utgoff, p uk 1992",18,0,6,32,31,194,3,21,4,1,81
1326,"automatic feature generation for problem solving systems tom e. fawcett, paul e. utgoff amherst, ma 1992",18,0,6,32,31,194,3,21,4,1,82
1327,automatic feature generation for prob lem solving systems t. e. fawcett and p. e. utgoff 1992,18,0,6,32,31,194,3,21,4,1,82
1328,automatic feature generation for problem solving systems tom fawcett and paul utgoff 1992,18,0,6,32,31,194,3,21,4,1,82
1329,"automatic feature generation for problem solving systems t.e. fawcett and p.e. utgoff san mateo, ca",18,0,6,32,31,194,7,49,4,1,81
1330,automatic feature generation for problem solving systems tom e. fawcett and paul e. utgoff scotland 1992,18,0,6,32,31,194,3,21,4,1,81
1331,"a machine learning system for automated cataloging of large scale sky surveys usama m. fayyad, nicholas weir, and d. djorgovski. skicat",37,0,6,50,46,195,15,49,3,1,83
1332,"a machine learning system for automated cataloging of large scale sky surveys usama m. fayyad, nicholas weir, and d. djorgovski. skicat",37,0,6,50,46,195,15,19,4,1,83
1333,"a machine learning system for automated cataloging of large scale sky surveys usama m. fayyad, nicholas weir, and d. djorgovski. skicat",37,0,6,50,46,195,15,19,3,1,83
1334,"a machine learning system for automated cataloging of large scale sky surveys usama m. fayyad, nicholas weir, and d. djorgovski. skicat",37,0,6,50,46,195,15,19,2,1,83
1335,"a machine learning system for automated cataloging of large scale sky surveys usama m. fayyad, nicholas weir, and d. djorgovski. skicat",37,0,8,50,46,195,8,23,2,1,83
1336,"a machine learning system for automated cataloging of large scale sky surveys usama m. fayyad, nicholas weir, and d. djorgovski. skicat",37,0,2,50,46,195,1,30,2,1,83
1337,"a machine learning system for automated cataloging of large scale sky surveys usama m. fayyad, nicholas weir, and d. djorgovski. skicat",37,0,4,50,46,195,10,2,1,1,83
1338,"a machine learning system for automated cataloging of large scale sky surveys usama m. fayyad, nicholas weir, and d. djorgovski. skicat",37,0,4,50,46,195,10,2,1,1,83
1339,"a machine learning system for automated cataloging of large scale sky surveys usama m. fayyad, nicholas weir, and d. djorgovski. skicat",37,0,5,50,46,195,7,27,4,1,83
1340,"learning procedures from interactive natural language instructions huffman, s. b., &amp; laird, j. e 1993",40,0,4,51,10,196,7,21,3,1,84
1341,"learning procedures from interactive natural language instructions huffman, s. b., &amp; laird, j. e 1993",40,0,6,51,10,196,3,21,4,1,84
1342,"&quot;learning procedures from interactive natural language instructions,&quot; in machine learning s. b. huffman and j. e. laird 1993",40,0,6,51,10,57,7,21,4,1,84
1343,learning procedures from inter-active natural language instructions scott b. huffman and john e. laird 1993,40,0,2,51,10,196,7,37,2,1,84
1344,learning procedures from inter-active natural language instructions scott b. huffman and john e. laird 1993,40,0,3,51,10,196,20,22,3,1,84
1345,learning procedures from inter-active natural language instructions scott b. huffman and john e. laird 1993,40,0,3,51,10,196,20,22,1,1,84
1346,learning procedures from interactive natural language instructions scott b. huffman and john e. laird 1993,40,0,3,51,10,196,20,22,3,1,84
1347,the np-completeness column : an outgoing guide david s. johnson 1982,61,0,3,2,28,58,20,22,3,1,NA
1348,"supervised learning and divide-and-conquer: astatistical approach jordan, m. i. &amp; jacobs, r. a 1993",61,0,8,2,41,94,8,23,3,1,85
1349,supervised learning and divide-and-conquer: a statistical approach m. jordan and r. jacobs 1993,61,0,2,2,41,94,7,17,2,1,85
1350,"hierarchical learning in stochastic domains: preliminary results l. p. kaelbling san mateo, ca 1993",88,0,5,19,21,197,5,38,4,1,86
1351,"hierarchical learning in stochastic domains: preliminary results l. p. kaelbling san mateo, ca 1993",88,0,3,19,21,197,8,38,3,1,86
1352,"hierarchical learning in stochastic domains: preliminary results l. p. kaelbling san mateo, ca 1993",88,0,2,19,21,197,6,13,2,1,86
1353,hierarchical learning in stochastic domains: preliminary results l. p. kaelbling 1993,88,0,2,19,6,197,6,37,2,1,86
1354,"overcoming incomplete perception with utile distinction memory mccallum, r. a 1993",57,0,4,52,47,198,12,37,2,1,87
1355,"overcoming incomplete perception with utile distinction memory mccallum, r. a 1993",57,0,2,52,47,198,6,13,2,1,87
1356,"overcoming incomplete perception with utile distinction memory mccallum, r. a 1993",57,0,2,52,47,198,6,13,2,1,87
1357,"overcoming incomplete perception with utile distinction memory r. andrew mccallum san mateo, ca 1993",57,0,2,52,47,198,6,13,2,1,87
1358,overcoming incomplete perception with utile distinction memory r.a. mccallum 1993,57,0,2,52,47,198,6,13,2,1,87
1359,overcoming incomplete perception with utile distinction memory r.a. mccallum 1993,57,0,2,52,47,198,6,13,2,1,87
1360,"self-parameterizing protocol stacks for guaranteed quality of service a. mehra, z. wang, and k. shin",49,0,2,2,44,199,8,13,2,1,88
1361,"&quot;self-parameterizing protocol stacks for guaranteed quality of service,&quot a. mehra, z. wang, and k. shin",49,0,3,2,16,199,8,47,3,1,88
1362,"&quot;self-parameterizing protocol stacks for guaranteed quality of service,&quot a. mehra, z. wang, and k. shin",49,0,8,2,16,199,3,2,1,1,88
1363,"&quot;self-parameterizing protocol stacks for guaranteed quality of service,&quot a. mehra, z. wang, and k. shin",49,0,4,2,16,199,3,18,1,1,88
1364,"total order vs.partial order planning: factors influencing performance minton, s., drummond, m., bresina, j. l., &amp; phillips, a. b cambridge,ca 1992",61,0,2,20,6,95,3,18,2,1,89
1365,"total order vs.partial order planning: factors influencing performance minton, s., drummond, m., bresina, j. l., &amp; phillips, a. b cambridge,ca 1992",61,0,4,20,6,95,7,49,3,1,89
1366,"banerji learning problem-solving heuristics through practice t.m. mitchell, p.e. utgoff, b. nudel, r.b",79,0,6,53,32,59,3,18,2,1,NA
1367,"learning by experimentation: acquiring and refining problemsolving heuristics mitchell, t.m., p.e. utgoff, and r. banerji palo alto, california 1983",79,0,3,53,32,200,20,22,3,1,90
1368,"learning by experimentation: acquiring and refining problem-solving heuristics mitchell, t. m., utgoff, p. e. &amp; banerji, r. b san mateo, ca 1983",9,0,6,53,32,201,3,18,2,1,90
1369,"learning by experimentation: acquiring and refining problem-solving heuristics mitchell, t. m., utgoff, p. e. &amp; banerji, r. b san mateo, ca 1983",9,0,3,53,32,201,8,30,3,1,90
1370,"(1983) learning by experimentation: acquiring and refining problem-solving heuristics mitchell, t. m., utgoff, p., &amp; banerji, r san mateo, ca",9,0,3,53,32,201,8,30,3,1,90
1371,"learning by experimentation: acquiring and refining problem-solving heuristics mitchell, t., utgoff, p. &amp; banerji, r palo alto, california 1983",9,0,3,53,32,200,20,22,3,1,90
1372,"learning by experimentation: acquiring and refining problem-solving heuristics mitchell, t., utgoff, p. &amp; banerji, r palo alto, california 1983",9,0,3,53,32,200,20,22,1,1,90
1373,"learning by experimentation: acquiring and refining problem-solving heuristics mitchell, t., utgoff, p. &amp; banerji, r palo alto, california 1983",9,0,3,53,32,200,20,22,3,1,90
1374,"learning by experimentation: acquiring and refining problem-solving heuristics mitchell, t., utgoff, p. e., and banerji, r los altos, ca 1983",9,0,3,53,32,200,13,41,3,1,90
1375,"learning by experimentation: acquiring and refining problem-solving heuristics mitchell, t., utgoff, p. e., and banerji, r los altos, ca 1983",9,0,6,53,32,200,13,41,3,1,90
1376,"learning by experimentation: acquiring and refining problem solving heuristics mitchell, t., utgoff, p., &amp; banerji, r palo alto, ca 1983",9,0,3,53,32,201,20,22,3,1,90
1377,"learning by experimentation: acquiring and refining problem solving heuristics mitchell, t., utgoff, p., &amp; banerji, r palo alto, ca 1983",9,0,3,53,32,201,20,22,3,1,90
1378,"learning by experimentation: acquiring and refining problem solving heuristics mitchell, t., utgoff, p., &amp; banerji, r palo alto, ca 1983",9,0,3,53,32,201,20,22,3,1,90
1379,"learning by experimentation: acquiring and refining problem solving heuristics mitchell, t., utgoff, p., &amp; banerji, r palo alto, ca 1983",9,0,3,53,32,201,20,22,3,1,90
1380,"learning by experimentation: acquiring and refining problem-solving heuristics mitchell, t., utgoff, p., &amp; banerji, r 1983",9,0,3,53,32,200,20,22,2,1,90
1381,"learning by experimentation: acquiring and refining problem-solving heuristics mitchell, t., utgoff, p., &amp; banerji, r 1983",9,0,3,53,32,200,20,22,4,1,90
1382,"learning by experimentation: acquiring and refining problem-solving heuristics. in machine learning mitchell, t., utgoff, p., and banerji, r 1984",9,0,3,53,32,200,20,22,2,1,90
1383,"learning problem solving heuristics by experimentation mitchell, t., utgoff, t., &amp; banerji, r palo alto, ca 1983",9,0,3,53,32,202,20,22,3,1,90
1384,"learning problem solving heuristics by experimentation mitchell, t., utgoff, t., &amp; banerji, r palo alto, ca 1983",9,0,4,53,32,202,7,22,3,1,90
1385,"learning problem solving heuristics by experimentation mitchell, t., utgoff, t., &amp; banerji, r palo alto, ca 1983",9,0,4,53,32,202,7,22,4,1,90
1386,"learning problem solving heuristicsby experimentation mitchell, t., utgoff, t., and banerji, r palo alto, ca 1983",9,0,1,53,32,202,19,5,1,1,90
1387,"&quot;learning by experimentation:acquiring and refining problem-solving heuristics.&quot; in machine learning mitchell, t.m., utgoff, p., and banerji, r 1983",9,0,1,53,32,203,19,5,1,1,90
1388,"learning by experimentation: acquiring and refining problem-solving heuristics, machine learning: an artificial intelligence approach mitchell, t.m., utgoff, p.e., and banerji, r san mateo, ca 1983",79,0,1,53,32,200,19,6,1,1,90
1389,"learning by experimentation: acquiring and refining problem-solving heuristics, machine learning: an artificial intelligence approach mitchell, t.m., utgoff, p.e., and banerji, r san mateo, ca 1983",79,0,1,53,32,200,12,6,1,1,90
1390,"learning by experimentation: acquiring and refining problem-solving heuristics, machine learning: an artificial intelligence approach mitchell, t.m., utgoff, p.e., and banerji, r san mateo, ca 1983",79,0,1,53,32,200,12,6,1,1,90
1391,"learning by experimentation: acquiring and refining problem-solving heuristics mitchell, t.m.; utgoff, p.e.; and banerji, r.b 1983",79,0,1,53,32,200,20,6,1,1,90
1392,"learning by experimentation: acquiring and refining problem-solving heuristics mitchell, t.m.; utgoff, p.e.; and banerji, r.b 1983",79,0,3,53,32,200,10,2,1,1,90
1393,"learning by experimentation: acquiring and refining problem solving heuristics in machine learning mitchell,t.m., utgoff,p.e. &amp; banerji,r. 1983",79,0,3,53,32,200,10,2,1,1,90
1394,"&quot;learning by experimentation: acquiring and refining problemsolving heuristics,&quot t. mitchell, utgoff, p. and banerji, r.",9,0,3,53,32,203,10,2,1,1,90
1395,"&quot;learning by experimentation: acquiring and refining problemsolving heuristics,&quot t. mitchell, utgoff, p. and banerji, r.",9,0,3,53,32,203,10,2,1,1,90
1396,"learning by experimentation: acquiring and refining problem-solving heuristics t. m. mitchell, p. e. utgoff, and r. b. banerji 1983",9,0,3,53,32,200,20,22,1,1,90
1397,"learning problem solving heuristics by experimentation tom m. mitchell, paul e. utgoff, and ranan banerji palo alto, ca 1983",9,0,3,53,32,202,10,2,1,1,90
1398,"learning problem solving heuristics by experimentation tom m. mitchell, paul e. utgoff, and ranan banerji palo alto, ca 1983",9,0,3,53,32,202,10,2,1,1,90
1399,"learning by experimentation: acquiring and refining problem-solving heuristics tom mitchell, paul utgoff, and ranan banerji palo alto, ca 1983",9,0,3,53,32,200,10,2,1,1,90
1400,"learning by experimentation: acquiring and refining problem-solving heuristics mitchell, t.; utgoff, p.; and banerji, r 1983",9,0,3,53,32,200,20,22,1,1,90
1401,"learning by experimentation: acquiring and refiningproblemsolving heuristics mitchell, t. m., utgoff, p. e. and banerji, r. palo alto, california 1983",9,0,3,53,32,200,10,2,1,1,90
1402,"learning by experimentation: acquiring and refining problem-solving heuristics t.m. mitchell, p.e. utgoff, and r.b. banerji palo alto, ca 1983",79,0,3,53,32,200,10,2,1,1,90
1403,"learning problem solving heuristics by experimentation t. mitchell, t. utgoff, and r. banerji palo alto, ca 1983",9,0,3,53,32,202,20,22,1,1,90
1404,"learning problem solving heuristics by experimentation t. mitchell, t. utgoff, and r. banerji palo alto, ca 1983",9,0,3,53,32,202,20,22,1,1,90
1405,"learning by experimentation: acquiring and refining problem-solving heuristics t. m. mitchell, p. e. utgoff, and r. b. banerji 1983",9,0,3,53,32,200,20,22,1,1,90
1406,"learning by experimentation: acquiring and refining problem-solving heuristics t. m. mitchell, p. e. utgoff, and r. b. banerji 1983",9,0,3,53,32,200,20,22,1,1,90
1407,"learning by experimentation: acquiring and refining problem solving heuristics t.m. mitchell, p.e. utgoff, and r. banerji palo alto 1983",79,0,3,53,32,200,20,22,1,1,90
1408,"learning by experimentation: acquiring and refining problem-solving heuristics t. m. mitchell, p. utgoff, and r. banerji palo alto, ca 1983",9,0,3,53,32,200,20,22,3,1,90
1409,"learning by experimentation: acquiring and refining problem-solving heuristics mitchell, t. m., utgoff, p. e. &amp; banerji, r. b san mateo, ca 1983",9,0,3,53,32,201,20,22,3,1,90
1410,"learning by experimentation: acquiring and refining problem-solving heuristics t. m. mitchell, p. e. utgoff, and r. b. banerji 1983",9,0,3,53,32,200,20,22,3,1,90
1411,"&quot;learning by experimentation: acquiring andrefining problem-solving heuristics,&quot mitchell, t. m., utgoff, p. e. and banerji, r. b. palo alto, ca 1983",9,0,1,53,32,203,17,10,3,1,90
1412,"&quot;learning by experimentation: acquiring and refining problem-solving heuristics tom m. mitchell, paul e. utgoff, and ranan banerji palo alto, ca 1983",9,0,1,53,32,203,17,10,3,1,90
1413,"learning by experimentation : acquiring and refiningproblem-solving heuristics t. m. mitchell, p. e. utgoff, and r. banerji los altos, california 1983",9,0,1,53,32,200,17,10,3,1,90
1414,"learning and problem solving mitchell, t. m los altos, ca 1983",78,0,5,53,32,60,10,11,4,1,NA
1415,"learning by experimentation: acquiring and refining problem-solving heuristics tom m. mitchell, paul e. utgoff, and ranan banerji",9,0,5,53,32,200,7,11,4,1,90
1416,learning by experimentation: acquiring and refining problem-solving heuristics tom m. mitchaell and paul e. utgoff,9,0,6,53,32,200,16,12,4,1,91
1417,learning by experimentation: acquiring and refining problem-solving heuristics tom m. mitchaell and paul e. utgoff,9,0,6,53,32,200,2,12,4,1,91
1418,"&quot;explanation-based learning: a comparisonof symbolic and neural network approaches.&quot; mitchell, t. and thrun, s. san mateo, ca 1993",61,0,5,8,12,61,7,47,4,1,92
1419,"explanation based learning: a comparison of symbolic and neural network approaches tom m. mitchell and sebastian thrun san mateo, ca 1993",61,0,5,8,12,204,7,27,1,1,92
1420,"explanation based learning: a comparison of symbolic and neural network approaches tom m. mitchell and sebastian thrun san mateo, ca 1993",61,0,7,8,12,204,7,14,1,1,92
1421,"explanation based learning: a comparison of symbolic and neural network approaches tom m. mitchell and sebastian thrun san mateo, ca 1993",61,0,5,8,12,204,7,27,4,1,92
1422,"explanation based learning: a comparison of symbolic and neural network approaches tom m. mitchell and sebastian thrun san mateo, ca 1993",61,0,5,8,12,204,3,27,4,1,92
1423,"explanation based learning: a comparison of symbolic and neural network approaches tom m. mitchell and sebastian thrun san mateo, ca 1993",61,0,5,8,12,204,7,27,4,1,92
1424,combinatorial optimization in inductive concept learning dunja mladenic,75,0,5,54,9,205,2,27,4,1,93
1425,combinatorial optimization in inductive concept learning dunja mladenic,75,0,5,54,9,205,2,27,4,1,93
1426,combinatorial optimization in inductive concept learning dunja mladenic,75,0,6,54,9,205,7,32,4,1,93
1427,combinatorial optimization in inductive concept learning dunja mladenic,75,0,6,54,9,205,3,4,2,1,93
1428,combinatorial optimization in inductive concept learning dunja mladenic,75,0,4,54,9,205,7,4,3,1,93
1429,combinatorial optimization in inductive concept learning dunja mladenic,75,0,2,54,9,205,7,33,3,1,93
1430,combinatorial optimization in inductive concept learning dunja mladenic,75,0,2,54,9,205,7,1,2,1,93
1431,combinatorial optimization in inductive concept learning dunja mladenic,75,0,2,54,9,205,7,52,4,1,93
1432,combinatorial optimization in inductive concept learning dunja mladenic,75,0,5,54,9,205,5,52,4,1,93
1433,"combinatorial optimization in inductive concept learning mladenic, d san mateo, ca 1993",75,0,5,54,9,205,7,42,4,1,93
1434,"learning policies for local instruction scheduling moss, e., cavazos, j., stefanovic, d., utgoff, p., precup, d., scheeff, d., &amp; brodley, c 1997",61,0,5,2,17,62,7,21,4,1,NA
1435,"decision theoretic subsampling for induction on large databases musick, r., catlett, j., &amp; russell, s san francisco, ca 1992",81,0,6,55,48,206,5,52,4,1,94
1436,"decision theoretic subsampling for induction on large databases r. musick, jason catlett, and s. russell",81,0,5,55,48,206,3,18,4,1,94
1437,"decision theoretic subsampling for induction on large databases r. musick, jason catlett, and s. russell",81,0,6,55,48,206,7,11,4,1,94
1438,"decision theoretic subsampling for induction on large databases r. musick, jason catlett, and s. russell",81,0,5,55,48,206,2,27,4,1,94
1439,"decision theoretic subsampling for induction on large databases r. musick, jason catlett, and s. russell",81,0,1,55,48,206,2,27,1,1,94
1440,"decision theoretic subsampling for induction on large databases r. musick, jason catlett, and s. russell",81,0,5,55,48,206,7,27,3,1,94
1441,"decision theoretic subsampling for induction on large databases r. musick, jason catlett, and s. russell",81,0,5,55,48,206,2,27,4,1,94
1442,"decision theoretic subsampling for induction on large databases r. musick, jason catlett, and s. russell",81,0,5,55,48,206,2,27,4,1,94
1443,"decision theoretic subsampling for induction on large databases r. musick, jason catlett, and s. russell",81,0,5,55,48,206,2,27,4,1,94
1444,"decision theoretic subsampling for induction on large databases r. musick, jason catlett, and s. russell",81,0,5,55,48,206,2,27,4,1,94
1445,quinlan (1993) &quot;combining instance-based and model-based learning&quot; j. r san mateo,41,0,5,56,38,63,2,27,4,1,95
1446,"combining instance-based and model-based learning quinlan, j. r san francisco, ca 1993b",41,0,5,56,38,207,7,11,2,1,95
1447,"combining instance-based and model-based learning quinlan j. r san mateo, ca 1993",41,0,3,56,38,207,7,28,4,1,95
1448,combining instance-based and model-based learning john ross quinlan,41,0,5,56,38,207,5,38,4,1,95
1449,combining instance-based and model-based learning john ross quinlan,41,0,5,56,38,207,5,4,4,1,95
1450,combining instance-based and model-based learning john ross quinlan,41,0,5,56,38,207,5,28,4,1,95
1451,combining instance-based and model-based learning john ross quinlan,41,0,5,56,38,207,5,28,4,1,95
1452,combining instance-based and model-based learning john ross quinlan,41,0,5,56,38,207,5,28,4,1,95
1453,combining instance-based and model-based learning john ross quinlan,41,0,6,56,38,207,5,28,4,1,95
1454,combining instance-based and model-based learning john ross quinlan,41,0,5,56,38,207,5,28,3,1,95
1455,combining instance-based and model-based learning john ross quinlan,41,0,5,56,38,207,5,28,4,1,95
1456,combining instance-based and model-based learning john ross quinlan,41,0,5,56,38,207,7,49,2,1,95
1457,"combining instance-based and model-based learn-ing quinlan, j. r san mateo 1993b",41,0,5,56,38,207,15,19,4,1,95
1458,"combining instance-based and model-based learning quinlan, j. r san mateo 1993b",41,0,4,56,38,207,5,28,4,1,95
1459,"lookahead feature construction for learning hard concepts ragavan, h., &amp; rendell, l amherst, ma 1993",37,0,2,57,49,208,10,2,4,1,96
1460,lookahead feature construction for learning hard concepts harish ragavan and larry rendell,37,0,8,57,49,208,8,23,2,1,96
1461,lookahead feature construction for learning hard concepts harish ragavan and larry rendell,37,0,1,57,49,208,6,31,3,1,96
1462,lookahead feature construction for learning hard concepts harish ragavan and larry rendell,37,0,5,57,49,208,7,6,3,1,96
1463,lookahead feature construction for learning hard concepts harish ragavan and larry rendell,37,0,4,57,49,208,10,2,1,1,96
1464,lookahead feature construction for learning hard concepts harish ragavan and larry rendell,37,0,5,57,49,208,7,27,4,1,96
1465,lookahead feature construction for learning hard concepts harish ragavan and larry rendell,37,0,5,57,49,208,3,21,4,1,96
1466,lookahead feature construction for learning hard concepts harish ragavan and larry rendell,37,0,6,57,49,208,3,21,4,1,96
1467,lookahead feature construction for learning hard concepts harish ragavan and larry rendell,37,0,6,57,49,208,7,21,4,1,96
1468,lookahead feature construction for learning hard concepts harish ragavan and larry rendell,37,0,2,57,49,208,7,42,4,1,96
1469,an se-tree based characterization of the induction problem ron rymon,7,0,5,58,50,209,7,8,4,1,97
1470,an se-tree based characterization of the induction problem ron rymon,7,0,3,58,50,209,20,22,3,1,97
1471,an se-tree based characterization of the induction problem ron rymon,7,0,3,58,50,209,20,22,3,1,97
1472,an se-tree based characterization of the induction problem ron rymon,7,0,3,58,50,209,20,22,1,1,97
1473,an se-tree based characterization of the induction problem ron rymon,7,0,3,58,50,209,20,22,3,1,97
1474,an se-tree based characterization of the induction problem ron rymon,7,0,5,58,50,209,6,38,2,1,97
1475,an se-tree based characterization of the induction problem ron rymon,7,0,5,58,50,209,7,38,4,1,97
1476,an se-tree based characterization of the induction problem ron rymon,7,0,2,58,50,209,7,49,2,1,97
1477,an se-tree based characterization of the induction problem ron rymon,7,0,4,58,50,209,7,4,2,1,97
1478,"the tamu security package: an outgoing response to internet intruders in an academic environment david r. safford, douglas l. schales, and david k. hess 1993",61,0,2,2,28,64,6,13,2,1,NA
1479,"learning what isrelevant to the effects of actions for a mobile robot schmill, m. d.; rosenstein, m. t.; cohen, p. r.; and utgoff, p 1998",61,0,4,2,14,65,7,37,2,1,NA
1480,"a reinforcement learning method for maximizing undiscounted rewards schwartz, a 1993",22,0,1,48,44,96,6,37,2,1,98
1481,"a reinforcement learning method for maximizing undiscounted rewards schwartz, a san francisco, ca 1993",22,0,2,48,44,96,6,13,2,1,98
1482,": consistent nonparametric regression stone, c.j 1977",48,0,2,2,4,66,6,13,2,1,NA
1483,&quot;incremental rule learning using entropy based search&quot torgo l 1990,65,0,2,20,16,67,6,13,2,1,NA
1484,": data fitting with rule-based regression torgo, l czech republic 1995",61,0,2,20,4,68,6,13,2,1,NA
1485,"acquisition of appropriate bias for inductive concept learning utgoff, p. e., &amp; mitchell, t. m los altos, ca 1982",38,0,4,59,51,210,8,36,3,1,99
1486,"acquisition of appropriate bias for inductive concept learning utgoff, p. e., &amp; mitchell, t. m pittsburgh, pa 1982",61,0,2,59,52,210,8,36,2,1,99
1487,"acquisition of appropriate bias for inductive concept learning p. e. utgoff and t. m. mitchell pittsburgh, pa 1982",61,0,8,59,52,210,8,54,2,1,99
1488,acquisition of appropriate bias for inductive concept learning paul utgoff and tom m. mitchell 1982,61,0,8,59,52,210,8,54,3,1,99
1489,learning by experimentation: acquiring and refiningproblem- solving heuristics utgoff p. e. mitchell tom m. and banerji r. b 1982,9,0,8,53,32,200,8,54,3,1,90
1490,"adjusting bias in concept learning p.e. utgoff los angeles, ca 1983",38,0,8,59,51,69,8,54,3,1,NA
1491,"shift of bias for inductive concept learning utgoff, p. e rutgers university, new brunswick, nj 1984",64,0,8,60,52,211,8,54,3,1,100
1492,shift of bias for inductive concept learning paul utgoff 1984,64,0,6,59,52,211,7,45,2,1,NA
1493,shift of bias for inductive concept learning p. e. utgoff 1984,64,0,6,59,52,211,7,47,2,1,100
1494,shift of bias for inductive concept learning p. e. utgoff 1984,64,0,5,59,52,211,7,33,2,1,100
1495,shift of bias for inductive concept learning p. utgoff 1984,64,0,3,59,52,211,6,33,2,1,100
1496,shift of bias for inductive concept learning p. utgoff 1984,64,0,3,59,52,211,7,26,2,1,100
1497,"machine learning of inductive bias utgoff, p. e boston ma 1986",73,0,1,36,52,70,12,37,2,1,101
1498,"utgoff, p. e 1986",47,0,1,36,35,216,7,37,2,1,101
1499,"utgoff, p. e 1986",47,0,1,36,35,216,12,37,2,1,101
1500,p. utgoff 1986,47,0,7,36,35,217,13,37,2,1,101
1501,p. utgoff 1986,47,0,2,36,35,217,12,37,2,1,101
1502,paul e. utgoff 1986,63,0,4,36,35,217,6,31,2,1,101
1503,paul e. utgoff 1986,63,0,4,36,35,217,7,37,4,1,101
1504,"p. e. utgoff boston, ma 1986",73,0,2,36,35,218,10,2,2,1,101
1505,"p. e. utgoff boston, ma 1986",73,0,2,36,35,218,7,23,2,1,101
1506,p. e. utgoff 1986,47,0,2,36,35,217,12,37,2,1,101
1507,p. e. utgoff 1986,47,0,2,36,35,217,12,37,2,1,101
1508,p. e. utgoff 1986,47,0,4,36,35,217,6,37,2,1,101
1509,"utgoff, p 1986",47,0,4,36,35,216,7,4,2,1,101
1510,"utgoff, p. e 1986",47,0,4,36,35,216,7,4,2,1,101
1511,"utgoff, p. e 1986",47,0,1,36,35,216,19,37,2,1,101
1512,"p. utgoff boston, ma 1986",73,0,1,36,35,218,19,5,2,1,101
1513,"utgoff, p 1986",47,0,1,36,35,216,7,5,2,1,101
1514,"utgoff, p. e 1986",47,0,1,36,35,216,12,37,2,1,101
1515,"utgoff, p. e 1986",47,0,1,36,35,216,12,6,2,1,101
1516,"utgoff, p. e 1986",47,0,1,36,35,216,12,37,2,1,101
1517,"utgoff, p 1986",47,0,2,36,35,216,12,2,2,1,101
1518,p.e. utgoff 1986,63,0,3,42,35,217,10,2,1,1,101
1519,"paul e. utgoff boston, ma 1986",73,0,3,36,35,218,10,2,1,1,101
1520,"paul e. utgoff boston, ma 1986",73,0,2,36,35,218,10,2,2,1,101
1521,"utgoff, p. e. boston ma 1986",73,0,3,36,35,218,10,2,2,1,101
1522,shift of bias for inductive concept-learning p.e. utgoff 1986,64,0,2,59,52,212,10,2,2,1,102
1523,"&quot;shift of bias for inductive learning,&quot; utgoff, p. los altos, ca 1986",38,0,3,59,51,213,10,2,2,1,102
1524,"&quot;shift of bias for inductive learning,&quot; utgoff, p. los altos, ca 1986",38,0,3,59,51,213,10,2,2,1,102
1525,"shift of bias for inductive concept learning utgoff, p 1986",64,0,2,59,52,211,6,13,2,1,102
1526,"shift of bias for inductive concept learning utgoff, p 1986",64,0,2,59,52,211,6,13,2,1,102
1527,"shift of bias for inductive concept learning utgoff, p 1986",64,0,2,59,52,211,6,13,2,1,102
1528,"shift of bias for inductive concept learning utgoff, p 1986",64,0,2,59,52,211,6,13,2,1,102
1529,"&quot;shift of bias for inductive learning,&quot; p. utgoff los altos, ca 1986",38,0,2,59,51,213,10,2,2,1,102
1530,"&quot;shift of bias for inductive learning,&quot; p. utgoff los altos, ca 1986",38,0,3,59,51,213,10,2,2,1,102
1531,"&quot;shift of bias for inductive concept learning&quot; utgoff, p los altos, ca 1985",38,0,3,59,51,213,10,9,1,1,102
1532,"shift of bias for inductive concept learning utgoff, p 1986",64,0,2,59,52,211,6,13,2,1,102
1533,"shift of bias for inductive concept learning utgoff, p 1986",64,0,2,59,52,211,6,13,2,1,102
1534,"shift of bias for inductive concept learning utgoff, p los altos, ca 1986",38,0,6,59,51,211,7,8,4,1,102
1535,"shift of bias for inductive concept learning utgoff, p los altos, ca 1986",38,0,2,59,51,211,6,13,2,1,102
1536,"shift of bias for inductive concept learning utgoff, p los altos, ca 1986",38,0,1,59,51,211,17,10,1,1,102
1537,"shift of bias for inductive concept learning utgoff, p los altos, ca 1986",38,0,2,59,51,211,6,13,2,1,102
1538,"shift of bias for inductive concept learning utgoff, p los altos, ca 1986",38,0,1,59,51,211,17,10,2,1,102
1539,"shift of bias for inductive concept learning utgoff, p los altos, ca 1986",38,0,2,59,51,211,6,13,2,1,102
1540,"shift of bias for inductive concept learning utgoff, p los altos, ca 1986",38,0,2,59,51,211,6,13,2,1,102
1541,"shift of bias for inductive concept learning utgoff, p los altos, ca 1986",38,0,6,59,51,211,16,12,4,1,102
1542,"shift of bias for inductive concept learning utgoff, p los altos, ca 1986",38,0,6,59,51,211,16,12,2,1,102
1543,"shift of bias for inductive concept learning utgoff, p los altos, ca 1986",38,0,2,59,51,211,8,13,2,1,102
1544,"shift of bias for inductive concept learning utgoff, p. e 1986",64,0,2,59,52,214,6,13,2,1,102
1545,"shift of bias for inductive concept learning utgoff, p. e san mateo, ca 1986",64,0,4,59,52,215,6,38,2,1,102
1546,"shift of bias for inductive concept learning utgoff, p. e san mateo, ca 1986",64,0,6,59,52,215,6,44,2,1,102
1547,"shift of bias for inductive concept learning utgoff, p. e san mateo, ca 1986",64,0,2,59,52,215,6,24,2,1,102
1548,"shift of bias for inductive concept learning utgoff, p. e san mateo, ca 1986",64,0,6,59,52,215,6,44,2,1,102
1549,"shift of bias for inductive concept learning utgoff, p. e los altos, ca 1986",38,0,2,59,51,211,6,24,2,1,102
1550,"shift of bias for inductive concept learning utgoff, p. e los altos, ca 1986",38,0,6,59,51,211,6,10,2,1,102
1551,"shift of bias for inductive concept learning utgoff, p. e los altos, ca 1986",38,0,4,59,51,211,7,2,2,1,102
1552,"shift of bias for inductive concept learning utgoff, p. e 1986",64,0,2,59,52,214,6,13,2,1,102
1553,"shift of bias for inductive concept learning utgoff, p. e. 1986",64,0,2,59,52,214,6,13,2,1,102
1554,"shift of bias for inductive concept learning utgoff, p. e. 1986",64,0,2,59,52,214,6,13,2,1,102
1555,"shift of bias for inductive concept learning utgoff, p.",64,0,4,59,52,211,7,45,2,1,102
1556,"shift of bias for inductive concept learning utgoff, p.e 1986",64,0,2,59,52,214,10,2,2,1,102
1557,"shift of bias for inductive learning utgoff, p.e. los altos, ca 1986",38,0,7,59,51,212,5,32,4,1,102
1558,"shift of bias for inductive concept learning utgoff, paul e 1986",64,0,2,59,52,211,11,45,4,1,102
1559,shift of bias for inductive concept learning p.e. utgoff 1986,64,0,2,59,52,211,11,45,4,1,102
1560,shift of bias for inductive concept learning p.e. utgoff 1986,64,0,6,59,52,211,6,24,2,1,102
1561,shift of bias for inductive concept learning p.e. utgoff 1986,64,0,2,59,52,211,3,18,2,1,102
1562,"shift of bias of induc tive concept learning utgoff, p. e 1986",64,0,1,59,52,212,7,4,2,1,102
1563,"shift of bias of inductive concept learning utgoff, p. e 1986",64,0,2,59,52,215,6,13,2,1,102
1564,"shift of bias of inductive concept learning utgoff, p. e 1986",64,0,2,59,52,215,6,31,2,1,102
1565,"shift of bias of inductive concept learning utgoff, p. e 1986",64,0,2,59,52,215,6,13,2,1,102
1566,"shift of bias of inductive concept learning utgoff, p. e 1986",64,0,2,59,52,215,8,13,2,1,102
1567,shift of bias for inductive concept learning p. e. utgoff 1986,64,0,2,59,52,214,6,13,2,1,102
1568,shift of bias for inductive concept learning p. utgoff palo alto (ca 1986,64,0,6,59,52,211,6,13,2,1,102
1569,"shift of bias for inductive concept learning, p. utgoff palo alto (ca 1986",64,0,6,59,52,211,6,13,2,1,102
1570,"shift of bias for inductive concept learning p. utgoff san mateo, ca, usa 1986",64,0,6,59,52,215,6,17,2,1,102
1571,"shift of bias for inductive concept learning utgoff, p los altos 1986",38,0,6,59,51,211,3,13,2,1,102
1572,"shift of bias for inductive concept learning p. e. utgoff los altos, ca 1986",38,0,4,59,51,215,3,1,2,1,102
1573,"shift of bias for inductive concept learning p. utgoff los altos, ca 1986",38,0,2,59,51,211,6,32,2,1,102
1574,"shift of bias for inductive concept learning p. utgoff los altos, ca 1986",38,0,2,59,51,211,6,13,2,1,102
1575,"shift of bias for inductive concept learning p. utgoff los altos, ca 1986",38,0,2,59,51,211,6,13,2,1,102
1576,"shift of bias for inductive concept learning p. utgoff los altos, ca 1986",38,0,2,59,51,211,6,13,2,1,102
1577,"shift of bias for inductive concept learning p. utgoff los altos, ca 1986",38,0,2,59,51,211,6,13,2,1,102
1578,"shift of bias for inductive concept learning utgoff, p los altos 1986",38,0,6,59,51,211,3,24,2,1,102
1579,shift of bias for inductive concept learning p e utgoff 1986,64,0,2,59,52,214,6,13,2,1,102
1580,"shift of bias for inductive concept learning utgoff, paul e los altos, ca",38,0,5,59,51,215,7,28,2,1,102
1581,"shift of bias for inductive concept learning utgoff, paul e los altos, ca 1986",38,0,6,59,51,211,7,49,4,1,102
1582,"shift of bias for inductive concept learning utgoff, paul e los altos, ca 1986",38,0,6,59,51,211,15,19,4,1,102
1583,utgoff &quot;shift of bias for inductive concept learning&quot p. e 1986,64,0,6,59,52,214,15,19,4,1,102
1584,utgoff &quot;shift of bias for inductive concept learning&quot p. e 1986,64,0,2,59,52,214,6,19,2,1,102
1585,"shift of bias for inductive concept learning utgoff, p. e los altos, ca 1986",38,0,1,59,51,211,7,23,2,1,102
1586,"shift of bias for inductive concept learning p. utgoff los altos, ca 1986",38,0,2,59,51,211,6,13,2,1,102
1587,"shift of bias for inductive concept learning p. utgoff los altos, ca 1986",38,0,4,59,51,211,6,24,2,1,102
1588,"shift of bias for inductive concept learning p. utgoff los altos, ca 1986",38,0,4,59,51,211,10,2,2,1,102
1589,"learning a preference predicate utgoff, p. e., &amp; saxena, s irvine, ca 1987",61,0,4,61,18,219,10,25,4,1,103
1590,"learning a preference predicate utgoff, p., and saxena, s 1987",61,0,6,61,18,219,6,21,4,1,103
1591,"&quot;learning a preference predicate,&quot p. utgoff and s. saxena 1987",65,0,6,61,16,220,3,21,4,1,103
1592,"learning a preference predicate utgoff, p. and saxena, s 1987",61,0,6,61,18,219,6,21,4,1,103
1593,"learning and generalizing move selectionpreferences utgoff, p.e., and p.s. heitman stanford, california 1988",61,0,5,42,22,71,7,27,1,1,NA
1594,&quot;id5: an incremental id3&quot; utgoff p.e ann harbour 1988,20,0,6,62,53,97,7,14,3,1,104
1595,&quot;id5: an incremental id3&quot; utgoff p.e ann harbour 1988,20,0,3,62,53,97,20,22,3,1,104
1596,"id5r: an incremental id3 utgoff, p ann arbor, michigan 1988",20,0,3,62,53,221,20,22,3,1,104
1597,"id5r: an incremental id3 utgoff, p ann arbor, michigan 1988",20,0,3,62,53,221,20,22,3,1,104
1598,"id5: an incremental id3 utgoff, p 1988",20,0,3,62,53,221,20,22,2,1,104
1599,"id5: an incremental id3 utgoff, p 1988",20,0,5,62,53,221,8,18,2,1,104
1600,"id5: an incremental id3 utgoff, p 1988",20,0,2,62,53,221,8,13,2,1,104
1601,"id5: an incremental id3 utgoff, p 1988",20,0,5,62,53,221,8,13,2,1,104
1602,"an incremental id3 utgoff, p. e 1988",20,0,2,62,53,222,8,13,2,1,104
1603,"id5: an incremental id3 utgoff, p. e ann arbor, mi 1988a",20,0,2,62,53,221,6,13,2,1,104
1604,"id5: an incremental id3 utgoff, p. e ann arbor, mi 1988a",20,0,1,62,53,221,12,37,2,1,104
1605,an incremental id3 p. utgoff. id5 1988,20,0,2,62,53,222,8,13,2,1,104
1606,an incremental id3 p. utgoff. id5 1988,20,0,2,62,53,222,8,13,2,1,104
1607,an incremental id3 p. utgoff. id5 1988,20,0,2,62,53,222,8,13,2,1,104
1608,an incremental id3 p. utgoff. id5 1988,20,0,2,62,53,222,8,13,2,1,104
1609,"id5: an incremental id3 utgoff, p. e 1988",20,0,2,62,53,221,8,13,2,1,104
1610,an incremental id3 p. e. utgoff. id5 ca 1988,20,0,2,62,53,222,8,13,2,1,104
1611,"an incremental id3 paul e. utgoff. id5 san mateo, ca june 1988",20,0,2,62,53,222,8,13,2,1,104
1612,an incremental id3 p. e. utgoff 1988,20,0,2,62,53,222,8,18,2,1,104
1613,"an incremental id3 utgoff, p.e.; id5 1988",20,0,2,62,53,222,8,36,2,1,104
1614,"an incremental id3 p.e. utgoff, id5 san mateo, ca",20,0,8,62,53,223,8,47,3,1,104
1615,"perceptron trees: a case study in hybrid concept representations utgoff, p boston, ma 1988",53,0,6,63,54,224,8,47,3,1,105
1616,"perceptron trees: a case study in hybrid concept representations utgoff, p boston, ma 1988",53,0,3,63,54,224,7,47,3,1,105
1617,"perceptron trees: a case study in hybrid concept representations utgoff, p. e st. paul, mn 1988",30,0,8,63,54,224,8,47,3,1,105
1618,"perceptron trees: a case study in hybrid concept representations utgoff, p. e st. paul, mn 1988",30,0,6,63,54,224,8,47,3,1,105
1619,"perceptron trees: a case study in hybrid concept representations utgoff, p. e 1988",53,0,8,63,54,224,8,47,3,1,105
1620,"perceptron trees: a case study in hybrid concept representations utgoff, p. e st. paul, mn 1988b",30,0,2,63,54,224,1,30,2,1,105
1621,"perceptron trees: a case study in hybrid concept representations utgoff, p. e st. paul, mn 1988b",30,0,2,63,54,224,3,17,1,1,105
1622,"perceptron trees: a case study in hybrid concept representation utgoff, p. e san mateo, ca 1988",53,0,3,63,54,224,10,26,1,1,105
1623,"perceptron trees: a case study in hybrid concept representation utgoff, p. e 1988",53,0,6,63,54,224,3,26,3,1,105
1624,perceptron trees: a case study in hybrid concept representations paul. e. utgoff 1990,30,0,6,63,54,224,13,18,2,1,106
1625,"perceptron trees: a case study in hybrid concept representation utgoff, p. e san mateo, ca 1988",53,0,6,63,54,224,13,41,3,1,105
1626,perceptron trees: a case study in hybrid concept representation paul e. utgoff 1988,30,0,2,63,54,224,6,31,2,1,105
1627,perceptron trees: a case study in hybrid concept representation paul e. utgoff 1988,30,0,6,63,54,224,7,31,2,1,105
1628,incremental induction of decision trees p.e. utgoff 1989,29,0,6,64,55,225,6,17,4,1,107
1629,incremental induction of decision trees paul e. utgoff 1989,82,0,6,64,55,225,17,12,4,1,107
1630,. incremental induction of decision trees p. utgoff 1989,29,0,3,64,55,226,7,28,3,1,107
1631,incremental induction of decision trees utgoff p. e 1989,29,0,1,64,55,225,8,23,3,1,107
1632,"incremental induction of decision trees utgoff, p 1989",29,0,8,64,55,225,8,54,3,1,107
1633,"incremental induction of decision trees utgoff, p 1989",29,0,4,64,55,225,8,23,2,1,107
1634,"incremental induction of decision trees utgoff, p 1989",29,0,4,64,55,225,8,53,3,1,107
1635,"incremental induction of decision trees utgoff, p 1989",29,0,4,64,55,225,7,4,3,1,107
1636,"incremental induction of decision trees utgoff, p 1989",29,0,1,64,55,225,19,5,1,1,107
1637,"incremental induction of decision trees utgoff, p 1989",29,0,1,64,55,225,19,5,1,1,107
1638,"incremental induction of decision trees utgoff, p. e 1989",29,0,1,64,55,225,10,5,1,1,107
1639,"incremental induction of decision trees utgoff, p. e 1989",29,0,1,64,55,225,8,53,3,1,107
1640,"incremental induction of decision trees utgoff, p. e 1989",29,0,1,64,55,225,12,6,1,1,107
1641,"incremental induction of decision trees utgoff, p. e 1989",29,0,1,64,55,225,12,6,1,1,107
1642,"incremental induction of decision trees utgoff, p. e 1989",29,0,2,64,55,225,8,2,1,1,107
1643,"incremental induction of decision trees utgoff, p. e 1989",29,0,2,64,55,225,3,2,1,1,107
1644,"incremental induction of decision trees utgoff, p. e 1989",29,0,3,64,55,225,10,2,1,1,107
1645,"incremental induction of decision trees utgoff, p. e 1989",29,0,3,64,55,225,8,2,1,1,107
1646,"incremental induction of decision trees utgoff, p. e 1989",29,0,6,64,55,225,4,46,4,1,107
1647,"incremental induction of decision trees utgoff, p. e 1989",29,0,3,64,55,225,10,2,1,1,107
1648,"incremental induction of decision trees utgoff, p. e 1989",29,0,3,64,55,225,8,30,1,1,107
1649,"incremental induction of decision trees utgoff, p. e 1989",29,0,2,64,55,225,10,2,1,1,107
1650,"perceptron trees: a case study in hybrid concept representa tions utgoff, p. e 1989",53,0,3,63,54,224,10,2,2,1,106
1651,"incremental induction of decision trees utgoff, p. e 1989a",29,0,3,64,55,227,10,2,1,1,107
1652,"incremental induction of decision trees utgoff, p. e 1989a",29,0,3,64,55,227,10,2,1,1,107
1653,"incremental induction of decision trees utgoff, p. e 1989b",29,0,3,64,55,225,10,2,1,1,107
1654,"incremental induction of decision trees utgoff, p. e 1989b",29,0,3,64,55,225,10,2,1,1,107
1655,"incremental induction of decision trees utgoff, p. e 1989",29,0,3,64,55,225,10,2,1,1,107
1656,"incremental induction of decision trees utgoff, p. e 1989",29,0,3,64,55,225,8,47,3,1,107
1657,"incremental induction of decision trees utgoff, p. e 1989",29,0,4,64,55,225,7,36,2,1,107
1658,"incremental induction of decision trees utgoff, p. 1989",29,0,8,64,55,225,8,54,3,1,107
1659,"(1989) incremental induction of decision trees utgoff, p.e",29,0,6,64,55,226,17,10,4,1,107
1660,"incremental induction of decision trees utgoff, p.e 1989",29,0,6,64,55,225,4,46,4,1,107
1661,"incremental decision tress. machine learning utgoff, p.e 1989",29,0,1,64,55,225,17,10,3,1,107
1662,"incremental induction of decision trees utgoff, p.e 1989",29,0,1,64,55,225,17,10,3,1,107
1663,perceptron trees: a case study in hybrid concept representations p. e. utgoff 1989,53,0,1,63,54,224,17,10,3,1,106
1664,perceptron trees: a case study in hybrid concept representations p. e. utgoff 1989,53,0,1,63,54,224,7,10,2,1,106
1665,incremental induction of decision trees p. utgoff 1989,29,0,5,64,55,225,7,11,4,1,107
1666,incremental induction of decision trees p. utgoff 1989,29,0,6,64,55,225,16,12,4,1,107
1667,incremental induction of decision trees p.e. utgoff 1989,29,0,6,64,55,225,3,12,4,1,107
1668,incremental induction of decision trees p.e. utgoff 1989,29,0,6,64,55,225,10,29,1,1,107
1669,"incremental induction of decision trees utgoff, p 1989",29,0,6,64,55,225,17,10,4,1,107
1670,"incremental induction of decision trees utgoff, p 1989",29,0,1,64,55,225,7,35,6,1,107
1671,"incremental induction of decision trees utgoff, p 1989",29,0,6,64,55,225,4,46,4,1,107
1672,incremental induction of decision trees p. e. utgoff 1989,29,0,6,64,55,225,3,18,4,1,107
1673,incremental induction of decision trees p.e. utgoff 1989,29,0,6,64,55,225,4,44,2,1,107
1674,incremental induction of decision trees paul e. utgoff 1989,82,0,6,64,55,225,4,29,4,1,107
1675,incremental induction of decision trees paul e. utgoff 1989,82,0,6,64,55,225,4,29,4,1,107
1676,incremental induction of decision trees paul e. utgoff 1989,82,0,7,64,55,225,3,7,4,1,107
1677,incremental induction of decision trees paul e. utgoff 1989,82,0,6,64,55,225,8,53,4,1,107
1678,incremental induction of decision trees paul e. utgoff 1989,82,0,1,64,55,225,7,5,3,1,107
1679,incremental induction of decision trees paul e. utgoff 1989,82,0,2,64,55,225,7,1,6,1,107
1680,incremental induction of decision trees paul e. utgoff 1989,82,0,3,64,55,225,10,2,3,1,107
1681,incremental induction of decision trees paul e. utgoff 1989,82,0,6,64,55,225,4,46,2,1,107
1682,incremental induction of decision trees paul e. utgoff 1989,82,0,6,64,55,225,3,35,2,1,107
1683,incremental induction of decision trees paul e. utgoff 1989,82,0,6,64,55,225,3,18,4,1,107
1684,incremental induction of decision trees p. e. utgoff 1989,29,0,8,64,55,225,8,54,3,1,107
1685,incremental induction of decision trees p. e. utgoff 1989,29,0,6,64,55,225,3,10,4,1,107
1686,incremental induction of decision trees p.e. utgoff 1989,29,0,6,64,55,225,3,18,4,1,107
1687,incremental learning of decision trees. utgoff p.e. 1989,29,0,6,64,55,225,8,53,4,1,107
1688,incremental induction of decision trees p.e. utgoff,29,0,5,64,55,227,3,29,4,1,107
1689,improved training via incremental learning p. e. utgoff 1989,76,0,6,65,56,228,4,29,4,1,108
1690,improved training via incremental learning p. e. utgoff 1989,76,0,6,65,56,228,4,29,4,1,108
1691,improved training via incremental learning p. e. utgoff 1989,76,0,6,65,56,228,4,29,4,1,108
1692,"improved training via incremental learning utgoff, p. e ithaca, ny 1989a",76,0,6,65,56,228,4,29,4,1,108
1693,"improved training via incremental learning utgoff, p. e ithaca, ny 1989a",76,0,6,65,56,228,7,29,4,1,108
1694,"improved training via incremental learning utgoff, p. e ithaca, ny 1989a",76,0,6,65,56,228,4,29,4,1,108
1695,"improved training via incremental learning utgoff, p. e ithaca, ny 1989a",76,0,6,65,56,228,4,29,4,1,108
1696,"improved training via incremental learning utgoff, paul e 1989",76,0,6,65,56,228,4,29,4,1,108
1697,"improved training via incremental learning utgoff, paul e 1989",76,0,6,65,56,228,7,11,4,1,108
1698,improved training via incremental learning paul e. utgoff 1989,76,0,6,65,56,228,3,21,4,1,108
1699,"perceptron trees: a case study in hybrid concept representa-tions utgoff, p. e 1989",53,0,2,63,54,224,3,18,2,1,106
1700,"perceptron trees: a case study in hybrid concept representations utgoff, p. e 1989",53,0,6,63,54,224,8,47,2,1,106
1701,"perceptron trees: a case study in hybrid concept representations utgoff, p. e 1989",53,0,2,63,54,224,3,18,2,1,106
1702,"perceptron trees: a case study in hybrid concept representations utgoff, p. e 1989",53,0,5,63,54,224,3,47,2,1,106
1703,"perceptron trees: a case study in hybrid concept representations utgoff, p. e 1989",53,0,8,63,54,224,8,33,4,1,106
1704,"perceptron trees: a case study in hybrid concept representations utgoff, p. e 1989",53,0,4,63,54,224,3,18,2,1,106
1705,"perceptron trees: a case study in hybrid concept representations utgoff, p. e 1989",53,0,8,63,54,224,8,33,3,1,106
1706,"perceptron trees: a case study in hybrid concept representations utgoff, p. e 1989",53,0,1,63,54,224,8,23,1,1,106
1707,"perceptron trees: a case study in hybrid concept representations utgoff, p. e 1989",53,0,6,63,54,224,8,47,4,1,106
1708,"perceptron trees: a case study in hybrid concept representations utgoff, p. e 1989",53,0,8,63,54,224,8,33,3,1,106
1709,"perceptron trees: a case study in hybrid concept representations utgoff, p. e 1989",53,0,6,63,54,224,3,19,4,1,106
1710,"perceptron trees: a case study in hybrid concept representations utgoff, p. e 1989b",53,0,2,63,54,224,8,23,2,1,106
1711,"perceptron trees: a case study in hybrid concept representations utgoff, p. e 1989b",53,0,1,63,54,224,19,39,3,1,106
1712,"perceptron trees: a case study in hybrid concept representations utgoff, p.e 1989",53,0,1,63,54,224,22,39,3,1,106
1713,"perceptron trees: a case study in hybrid concept representations utgoff, p.e 1989",53,0,4,63,54,224,10,2,1,1,106
1714,"perceptron trees: a case study in hybrid concept representations utgoff, p., e. 1989",53,0,4,63,54,224,3,17,4,1,106
1715,"perceptron trees: a case study in hybrid concept representations utgoff, p., e. 1989",53,0,5,63,54,224,8,47,4,1,106
1716,perceptron trees: a case study in hybrid concept representations paul e. utgoff 1989,30,0,6,63,54,224,3,21,4,1,106
1717,perceptron trees: a case study in hybrid concept representations paul e. utgoff 1989,30,0,6,63,54,224,3,21,4,1,106
1718,perceptron trees: a case study in hybrid concept representations paul e. utgoff 1989,30,0,8,63,54,224,8,42,4,1,106
1719,perceptron trees: a case study in hybrid concept representations paul e. utgoff 1989,30,0,2,63,54,224,8,13,2,1,106
1720,perceptron trees: a case study in hybrid concept representations paul e. utgoff 1989,30,0,5,63,54,224,8,22,3,1,106
1721,perceptron trees: a case study in hybrid concept representations paul e. utgoff 1989,30,0,3,63,54,224,20,22,1,1,106
1722,perceptron trees: a case study in hybrid concept representations paul e. utgoff 1989,30,0,3,63,54,224,20,22,2,1,106
1723,perceptron trees: a case study in hybrid concept representations paul e. utgoff 1989,30,0,3,63,54,224,20,22,2,1,106
1724,perceptron trees: a case study in hybrid concept representations paul e. utgoff 1989,30,0,2,63,54,224,3,18,2,1,106
1725,perceptron trees: a case study in hybrid concept representations p. e. utgoff 1989,53,0,2,63,54,224,8,47,4,1,106
1726,"perceptron trees: a case study in hybrid concept representation utgoff, p 1989",53,0,2,63,54,224,6,50,4,1,106
1727,"perceptron trees: a case study in hybrid concept representation utgoff, p 1989",53,0,1,63,54,224,17,50,3,1,106
1728,"representationproblems in machine learning: a proposal utgoff, p. e., saxena, s., callan, j. p., &amp; fawcett, t. e amherst, ma: university of massachusetts 1989",61,0,2,66,57,72,6,13,2,1,NA
1729,"an incre-mental method for finding multivariate splits for decision trees utgoff, p. e. and brodley, c. e 1990",80,0,2,67,58,229,3,37,2,1,109
1730,"an incremental method for finding multivariate splits for decision trees utgoff, p. e. and brodley c. e austin, tx 1990",80,0,1,67,58,229,3,37,2,1,109
1731,"an incremental method for finding multivariate splits for decision trees utgoff, p. e. and brodley c. e austin, tx 1990",80,0,2,67,58,229,6,13,2,1,109
1732,"an incremental method for finding mul-tivariate splits for decision trees utgoff, p. e., &amp; brodley, c. e los altos, ca 1990",80,0,2,67,58,229,6,13,2,1,109
1733,"an incremental method for finding multivariate splits for decision trees utgoff, p. e., &amp; brodley, c. e austin, tx 1990",80,0,2,67,58,229,6,13,2,1,109
1734,"an incremental method for finding multivariate splits for decision trees utgoff, p. e., &amp; brodley, c. e los altos, ca 1990",80,0,2,67,58,229,6,13,2,1,109
1735,"an incremental method for finding multivariate splits for decision trees utgoff, p. e., &amp; brodley, c. e los altos, ca 1990",80,0,8,67,58,229,8,13,2,1,109
1736,"an incremental method for finding multivariate splits for decision trees utgoff, p. e., &amp; brodley, c. e los altos, ca 1990",80,0,8,67,58,229,8,33,2,1,109
1737,"an incremental method for finding multivariate splits for decision trees utgoff, p. e., &amp; brodley, c. e los altos, ca 1990",80,0,8,67,58,229,8,33,3,1,109
1738,"an incremental method for finding multivariate splits for decision trees utgoff, p. e., &amp; brodley, c. e los altos, ca 1990",80,0,3,67,58,229,8,30,3,1,109
1739,"an incremental method for finding multivariate splits for decision trees utgoff, p. e., &amp; brodley, c. e los altos, ca 1990",80,0,8,67,58,229,8,33,3,1,109
1740,"an incremental method for finding multivariate splits for decision trees utgoff, p. e., &amp; brodley, c. e los altos, ca 1990",80,0,2,67,58,229,8,30,3,1,109
1741,"an incremental method for finding multivariate splits for decision trees utgoff, p. e., &amp; brodley, c. e los altos, ca 1990",80,0,3,67,58,229,8,30,3,1,109
1742,"an incremental method for finding multivariate splits for decision trees utgoff, p. e., &amp; brodley, c. e austin, tx 1990",80,0,8,67,58,229,8,33,3,1,109
1743,"an incremental method for finding multivariate splits for decision trees utgoff, p. e., &amp; brodley, c. e austin, tx 1990",80,0,1,67,58,229,8,33,3,1,109
1744,"an incremental method for finding multivariate splits for decision trees utgoff, p. e., &amp; brodley, c. e austin, tx 1990",80,0,8,67,58,229,8,33,3,1,109
1745,"an incremental method for finding multivariate splits for decision trees utgoff, p. e., &amp; brodley, c. e austin, tx 1990",80,0,8,67,58,229,8,33,3,1,109
1746,"an incremental method for finding multivariate splits for decision trees utgoff, p. e., &amp; brodley, c. e austin, tx 1990",80,0,8,67,58,229,8,33,3,1,109
1747,"an incremental method for finding multivariate splits for decision trees utgoff, p. e., &amp; brodley, c. e austin, tx 1990",80,0,1,67,58,229,3,26,1,1,109
1748,"an incremental method for finding multivariatesplits for decision trees utgoff, p. e., and brodley, c. e san francisco 1990",80,0,1,67,58,229,1,30,3,1,109
1749,"an incremental method for find multivariate splits for decision trees p. utgoff and c. brodley los altos, ca",80,0,6,67,58,230,6,33,2,1,109
1750,"an incremental method for find multivariate splits for decision trees p. utgoff and c. brodley los altos, ca",80,0,3,67,58,230,8,30,3,1,109
1751,"an incremental method for finding mul--tivariate splits for decision trees p.e. utgoff and c.e. brodley university of texas, austin, texas 1990",80,0,6,67,58,229,13,41,3,1,109
1752,"an incremental method for finding multivariate splits for decision trees p. e. utgoff and c. e. brodley los altos, ca 1990",80,0,2,67,58,229,1,30,2,1,109
1753,"an incremental method for finding multivariate splits for decision trees p. e. utgoff and c. e. brodley los altos, ca 1990",80,0,3,67,58,229,3,33,4,1,109
1754,"an incremental method for finding multivariate splits for decision trees paul e. utgoff and carla e. brodley los altos, ca 1990",80,0,6,67,58,229,3,50,1,1,109
1755,"an incremental method for finding multivariate splits for decision trees paul e. utgoff and carla e. brodley los altos, ca 1990",80,0,3,67,58,229,7,28,3,1,109
1756,"an incremental method for finding multivariate splits for decision trees paul e. utgoff and carla e. brodley los altos, ca 1990",80,0,3,67,58,229,3,33,3,1,109
1757,"an incremental method for finding multivariate splits for decision trees paul e. utgoff and carla e. brodley los altos, ca 1990",80,0,4,67,58,229,7,3,3,1,109
1758,"an incremental method for finding multivariate splits for decision trees paul e. utgoff and carla e. brodley los altos, ca 1990",80,0,4,67,58,229,7,49,3,1,109
1759,"an incremental method for finding multivariate splits for decision trees paul e. utgoff and carla e. brodley los altos, ca 1990",80,0,4,67,58,229,8,33,3,1,109
1760,"an incremental method for finding multivariate splits for decision trees paul e. utgoff and carla e. brodley los altos, ca 1990",80,0,4,67,58,229,7,4,3,1,109
1761,"an incremental method for finding multivariate splits for decision trees paul e. utgoff and carla e. brodley los altos, ca 1990",80,0,4,67,58,229,8,4,1,1,109
1762,"an incremental method for finding multivariate splits for decision trees paul e. utgoff and carla e. brodley los altos, ca 1990",80,0,1,67,58,229,19,5,1,1,109
1763,"two kinds of training information for evaluation function learning utgoff, p. &amp; clouse, j anaheim, ca 1991",72,0,1,68,8,231,10,5,1,1,110
1764,"two kinds of training information for evaluation function learning utgoff, p. &amp; clouse, j anaheim, ca 1991",72,0,1,68,8,231,10,5,1,1,110
1765,"two kinds of training information for evaluation function learning utgoff, p. &amp; clouse, j anaheim, ca 1991",72,0,1,68,8,231,12,6,1,1,110
1766,"two kinds of training information for evaluation function learning utgoff, p. &amp; clouse, j anaheim, ca 1991",72,0,1,68,8,231,12,6,1,1,110
1767,"two kinds of training information for evaluation function learning utgoff, p. e. &amp; clouse, j. a san mateo, ca 1991",72,0,1,68,8,231,10,26,1,1,110
1768,"two kinds of training information for evaluation function learning utgoff, p. e. &amp; clouse, j. a san mateo, ca 1991",72,0,3,68,8,231,10,26,1,1,110
1769,"two kinds of training information for evaluation function learning utgoff, p. e., &amp; clouse, j. a anaheim, ca 1991",72,0,3,68,8,231,10,26,1,1,110
1770,"two kinds of training information for evaluation function learning utgoff, p. e., &amp; clouse, j. a anaheim, ca 1991",72,0,2,68,8,231,10,26,1,1,110
1771,"two kinds of training information for evaluation function learning utgoff, p. e., &amp; clouse, j. a anaheim, ca 1991",72,0,3,68,8,231,10,26,1,1,110
1772,"two kinds of training information for evaluation function learning utgoff, p., &amp; clouse, j anaheim, ca 1991",72,0,3,68,8,231,10,26,1,1,110
1773,"two kinds of training information for evaluation function learning utgoff, p., and clouse anaheim 1991",72,0,3,68,8,231,10,26,2,1,110
1774,"linear machine decision trees utgoff, p.e. and brodley, c.e amherst ma 1991",85,0,2,42,57,232,10,2,2,1,69
1775,"linear machine decision trees utgoff, p.e. and brodley, c.e amherst ma 1991",85,0,3,42,57,232,10,2,2,1,69
1776,two kinds of training information for evaluation function learning p. e. utgoff and j. a. clouse 1991,72,0,3,68,8,231,10,26,1,1,110
1777,two kinds of training information for evaluation function learning p. utgoff and j. clouse 1991,72,0,3,68,8,231,10,26,1,1,110
1778,two kinds of training information for evaluation function learning p. utgoff and j. clouse 1991,72,0,3,68,8,231,10,26,1,1,110
1779,"two kinds of training information for evaluation function learning p.e. utgoff and j.a. clouse san mateo, ca 1991",72,0,3,68,8,231,10,2,2,1,110
1780,"two kinds of training information for evaluation function learning p.e. utgoff and j.a. clouse san mateo, ca 1991",72,0,3,68,8,231,10,2,1,1,110
1781,two kinds of training information for evaluation function learning p. utgoff and j. clouse 1991,72,0,3,68,8,231,10,34,1,1,110
1782,"two kinds of training information for evaluation function learning p. e. utgoff and j. a. clouse san mateo, ca 1991",72,0,3,68,8,231,10,34,1,1,110
1783,"two kinds of training information for evaluation function learning p. e. utgoff and j. a. clouse san mateo, ca 1991",72,0,1,68,8,231,8,26,1,1,110
1784,"two kinds of training information for evaluation function learning p. e. utgoff and j. a. clouse san mateo, ca 1991",72,0,5,68,8,231,7,8,4,1,110
1785,"two kinds of training information for evaluation function learning p. e. utgoff and j. a. clouse san mateo, ca 1991",72,0,3,68,8,231,7,2,3,1,110
1786,"and clouse (1991). two kinds of training information for evaluation function learning utgoff, p anaheim",72,0,1,68,8,73,17,26,1,1,110
1787,"linear machine decision trees utgoff, p. e. and brodley c. e amherst, ma: university of massachusetts 1991",84,0,1,66,57,232,17,10,3,1,69
1788,"linear machine decision trees utgoff, p. e. and brodley c. e amherst, ma: university of massachusetts 1991",84,0,1,66,57,232,17,10,3,1,69
1789,"linear ma-chine decision trees utgoff, p. e., &amp; brodley, c. e university of massachusetts, amherst, ma 1991",84,0,1,66,57,232,17,10,2,1,69
1790,"linear machine decision trees utgoff, p. e., &amp; brodley, c. e amherst, ma: university of massachusetts 1991",84,0,5,66,57,232,7,11,3,1,69
1791,"linear machine decision trees utgoff, p. e., &amp; brodley, c. e amherst, ma: university of massachusetts 1991",84,0,5,66,57,232,7,11,4,1,69
1792,"linear machine decision trees utgoff, p. e., &amp; brodley, c. e university of massachusetts at amherst 1991",84,0,6,66,57,232,16,12,4,1,69
1793,"linear machine decision trees utgoff, p. e., &amp; brodley, c. e university of massachusetts at amherst 1991",84,0,6,66,57,232,13,41,4,1,69
1794,"linear machine decision trees utgoff, p. e., &amp; brodley, c. e university of massachusetts at amherst 1991",84,0,6,66,57,232,6,41,3,1,69
1795,"linear machine decision trees utgoff, p. e., &amp; brodley, c. e university of massachusetts at amherst 1991",84,0,6,66,57,232,6,41,2,1,69
1796,"linear machine decision trees utgoff, p. e., &amp; brodley, c. e university of massachusetts at amherst 1991",84,0,6,66,57,232,6,41,2,1,69
1797,"linear machine decision trees utgoff, p. e., &amp; brodley, c. e university of massachusetts at amherst 1991",84,0,6,66,57,232,3,30,4,1,69
1798,"linear machine decision trees utgoff, p. e., &amp; brodley, c. e university of massachusetts at amherst 1991",84,0,2,66,57,232,3,17,2,1,69
1799,"linear machine decision trees utgoff, p. e., brodley, c. e university of massachusetts 1991",84,0,6,66,57,233,13,41,2,1,69
1800,"linear machine decision trees paul e. utgoff and carla e. brodley university of massachusetts, amherst ma 1991",84,0,6,66,57,233,13,41,3,1,69
1801,linear machine decision trees paul e. utgoff and carla e. brodley 1991,84,0,6,66,40,233,13,41,3,1,69
1802,"linear machine decision trees paul e. utgoff and carla e. brodley university of massachusetts, amherst ma 1991",84,0,1,66,57,233,3,30,3,1,69
1803,"linear machine decision trees paul e. utgoff and carla e. brodley university of massachusetts, amherst ma 1991",84,0,3,66,57,233,7,40,4,1,69
1804,"linear machine decision trees paul e. utgoff and carla e. brodley university of massachusetts, amherst ma 1991",84,0,1,66,57,233,6,41,3,1,69
1805,"linear machine decision trees paul e. utgoff and carla e. brodley university of massachusetts, amherst ma 1991",84,0,2,66,57,233,7,1,2,1,69
1806,"linear machine decision trees paul e. utgoff and carla e. brodley university of massachusetts, amherst ma 1991",84,0,6,66,57,233,7,1,2,1,69
1807,"linear machine decision trees paul e. utgoff and carla e. brodley university of massachusetts, amherst ma 1991",84,0,6,66,57,233,3,26,4,1,69
1808,"linear machine decision trees paul e. utgoff and carla e. brodley university of massachusetts, amherst ma 1991",84,0,3,66,57,233,10,34,4,1,69
1809,"an improved algorithm for incremental induction of decision trees p. utgoff rutgers university, new brunswick, nj 1994",76,0,1,60,59,234,13,48,3,1,111
1810,"an improved algorithm for incremental induction of decision trees p. utgoff rutgers university, new brunswick, nj 1994",76,0,6,60,59,234,3,48,4,1,111
1811,"an improved algorithm for incremental induction of decision trees p. utgoff rutgers university, new brunswick, nj 1994",76,0,5,60,59,234,3,51,4,1,111
1812,"an improved algorithm for incremental induction of decision trees utgoff, p 1994",76,0,3,60,59,234,3,20,3,1,111
1813,"an improved algorithm for incremental induction of decision trees utgoff, p. e 1994",76,0,5,60,59,234,7,11,4,1,111
1814,"an improved algorithm for incremental induction of decision trees utgoff, p. e 1994",76,0,6,60,59,234,13,41,3,1,111
1815,"an improved algorithm for incremental induction of decision trees utgoff, p. e 1994",76,0,8,60,59,234,7,47,3,1,111
1816,"an improved algorithm for incremental induction of decision trees utgoff, p. e 1994",76,0,6,60,59,234,13,41,4,1,111
1817,"an improved algorithm for incremental induction of decision trees utgoff, p. e 1994",76,0,6,60,59,234,13,41,2,1,111
1818,"an improved algorithm for incremental induction of decision trees utgoff, p. e 1994",76,0,6,60,59,234,13,41,3,1,111
1819,"an improved algorithm for incremental induction of decision trees utgoff, p. e 1994",76,0,6,60,59,234,13,41,3,1,111
1820,"an improved algorithm for incremental induction of decision trees utgoff, p. e new brunswick, nj 1994",76,0,6,60,59,234,13,41,3,1,111
1821,"an improved algorithm for incremental induction of decision trees utgoff, p. e new brunswick, nj 1994",76,0,6,60,59,234,13,41,3,1,111
1822,"an improved algorithm for incremental induction of decision trees utgoff, p. e new brunswick, nj 1994",76,0,5,60,59,234,7,1,3,1,111
1823,"an improved algorithm for incremental induction of decision trees utgoff, p. e 1994",76,0,4,60,59,234,3,51,3,1,111
1824,"an improved algorithm for incremental induction of decision trees utgoff, p.e rutgers university, new brunswick, nj 1993",76,0,5,60,59,234,3,48,4,1,111
1825,"an improved algorithm for incremental induction of decision trees utgoff, p rutgers university, new brunswick, nj 1994",76,0,1,60,59,234,3,48,4,1,111
1826,"an improved algorithm for incremental induction of decision trees utgoff, p rutgers university, new brunswick, nj 1994",76,0,3,60,59,234,3,48,4,1,111
1827,"an improved algorithm for incremental induction of decision trees utgoff, p rutgers university, new brunswick, nj 1994",76,0,3,60,59,234,3,48,3,1,111
1828,an improved algorithm for incremental induction of decision trees paul e. utgoff,76,0,7,60,59,234,3,48,2,1,111
1829,an improved algorithm for incremental induction of decision trees paul e. utgoff,76,0,6,60,59,234,13,18,4,1,111
1830,an improved algorithm for incremental induction of decision trees paul e. utgoff,76,0,5,60,59,234,8,23,3,1,111
1831,an improved algorithm for incremental induction of decision trees paul e. utgoff,76,0,4,60,59,234,7,31,3,1,111
1832,an improved algorithm for incremental induction of decision trees paul e. utgoff,76,0,6,60,59,234,3,19,4,1,111
1833,an improved algorithm for incremental induction of decision trees paul e. utgoff,76,0,6,60,59,234,15,19,3,1,111
1834,an improved algorithm for incremental induction of decision trees paul e. utgoff,76,0,3,60,59,234,15,19,4,1,111
1835,an improved algorithm for incremental induction of decision trees paul e. utgoff,76,0,6,60,59,234,15,19,4,1,111
1836,an improved algorithm for incremental induction of decision trees paul e. utgoff,76,0,6,60,59,234,8,23,3,1,111
1837,"an improved algorithm for incremental induction of decision trees p.e. utgoff san francisco, ca",76,0,5,60,59,234,9,20,3,1,111
1838,"decision tree induction based on efficient tree restructuring utgoff, p university of mas-sachusetts, amherst 1995",4,0,4,69,60,235,6,31,1,1,112
1839,"decision tree induction based on efficient tree restructuring utgoff, p university of mas-sachusetts, amherst 1995",4,0,4,69,60,235,6,31,1,1,112
1840,"decision tree induction based on efficient tree restructuring utgoff, p. e university of massachusetts, amherst 1995",4,0,4,69,60,235,6,31,5,1,112
1841,"decision tree induction based on efficient tree restructuring utgoff, p. e 1995",4,0,4,69,60,236,6,31,4,1,112
1842,"decision tree induction based on efficient tree restructuring utgoff, p. e university of massachusetts, amherst 1995",4,0,6,69,60,235,6,21,4,1,112
1843,"decision tree induction based on efficient tree restructuring utgoff, p. e university of massachusetts, amherst 1995",4,0,6,69,60,235,6,31,4,1,112
1844,"decision tree induction based on efficient tree restructuring utgoff, p. e amherst, ma 1995",4,0,5,69,60,236,6,31,4,1,112
1845,"decision tree induction based on efficient tree restructuring utgoff, p. e amherst, ma 1995",4,0,5,69,60,236,20,22,2,1,112
1846,decision tree induction based on efficient tree restructuring paul e. utgoff university of massachusetts 1995,4,0,3,69,60,235,20,22,2,1,112
1847,decision tree induction based on efficient tree restructuring paul e. utgoff university of massachusetts 1995,4,0,3,69,60,235,20,22,2,1,112
1848,"decision tree induction based on efficient tree restructuring utgoff, p.e amherst, ma 1996",4,0,3,69,60,236,20,22,3,1,112
1849,"decision tree induction based on efficient tree restructuring utgoff, p.e amherst, ma 1996",4,0,4,69,60,236,6,39,2,1,112
1850,"a kolmogorov-smirnoff metric for decisiontree induction utgoff, p. e., &amp; clouse, j. a amherst, ma: university of massachusetts 1996",61,0,5,66,57,238,7,38,4,1,113
1851,"a kolmogorov-smirnoff metric for decision tree induction utgoff, p.e. and clouse j.a amherst, ma 1996",61,0,4,69,60,238,7,20,2,1,113
1852,"a kolmogorov-smirnoff metric for decision tree induction utgoff, p.e. and clouse j.a amherst, ma 1996",61,0,4,69,60,238,6,2,5,1,113
1853,"shift of bias of inductive concept learning. in r.s p.e. utgoff san mateo, ca",64,0,4,59,52,215,7,17,2,1,102
1854,"feature function learning for value approximation paul e. utgoff amherst, ma jan 20, 1996",61,0,2,70,31,74,6,13,2,1,NA
1855,"decision tree induction based on efficient tree restructuring utgoff, p. e., berkman, n. c., &amp; clouse, j. a",4,0,4,69,60,237,6,31,2,1,114
1856,"decision tree induction based onefficient tree restructuring utgoff, p. e.; berkman, n. c.; and clouse, j. a 1997",4,0,2,69,60,236,6,37,2,1,114
1857,"decision tree induction based on efficient tree restructuring. machine learning paul e. utgoff, neil c. berkman, and jeffery a. clouse 1997",4,0,2,69,60,236,6,31,2,1,114
1858,"decision tree induction based on efficient tree restructuring. machine learning paul e. utgoff, neil c. berkman, and jeffery a. clouse 1997",4,0,2,69,60,236,6,31,2,1,114
1859,"decision tree induction based on efficient tree restructuring p. e. utgoff, n. c. berkman, and j. a. clouse 1997",4,0,2,69,60,236,6,13,2,1,114
1860,"decision tree induction based on efficient tree restructuring utgoff, p. e., berkman, n. c., &amp; clouse, j. a",4,0,2,69,60,237,6,13,2,1,114
1861,"(in press). decision tree induction based on efficient tree restructuring utgoff, p. e., berkman, n. c., &amp; clouse, j. a",4,0,2,69,60,237,8,31,2,1,114
1862,"constructive function approximation utgoff, p. e., &amp; precup, d amherst, ma: university of massachusetts 1997",84,0,8,70,57,239,8,23,2,1,115
1863,"constructive function approximation utgoff, p. e., &amp; precup, d amherst, ma: university of massachusetts 1997",84,0,1,70,57,239,8,23,2,1,115
1864,"constructive function approximation utgoff, p. e., &amp; precup, d amherst, ma: university of massachusetts 1997",84,0,1,70,57,239,8,23,1,1,115
1865,"constructive function approximation utgoff, p. e., &amp; precup, d amherst, ma: university of massachusetts 1997",84,0,4,70,57,239,8,23,2,1,115
1866,constructive function approximation p.e. utgoff,16,0,8,70,41,75,8,23,2,1,115
1867,"constructive function approximation. feature extraction, construction, and selection: a data-mining perspective utgoff, p. e. &amp; precup, d 1998",61,0,4,70,41,98,8,23,3,1,116
1868,"constructive function approximation. feature extraction, construction, and selection: a data-mining perspective utgoff, p. e. &amp; precup, d 1998",61,0,3,70,41,98,8,38,3,1,116
1869,"explaining temporal differences to create useful concepts for evaluating states yee, r. c., saxena, s., utgoff, p. e. and barto, a. g palo alto, ca. page 30 yoshio 1990",36,0,8,61,18,240,8,40,3,1,117
1870,"explaining temporal differences to create useful concepts for evaluating states yee, r. c., saxena, s., utgoff, p. e., &amp; barto, a. g palo alto, ca 1990",36,0,5,61,18,240,8,30,3,1,117
1871,"explaining temporal differences to create useful concepts for evaluating states yee, r. c., saxena, s., utgoff, p. e., &amp; barto, a. g 882-888 cambridge, ma 1990",36,0,8,61,18,240,8,23,3,1,117
1872,"explaining temporal differences to create useful concepts for evaluating states r.c. yee, s. saxena, p.e. utgoff, and a.g. barto cambridge, ma 1990",36,0,3,61,18,241,10,34,3,1,117
1873,"explaining temporal differences to create useful concepts for evaluating states r.c. yee, s. saxena, p.e. utgoff, and a.g. barto cambridge, ma 1990",36,0,3,61,18,241,10,34,1,1,117
1874,"explaining temporal-differences to create useful concepts for evaluating states richard c. yee, sharad saxena, paul e. utgoff, and andrew c. barto 1990",36,0,6,61,18,241,8,41,3,1,117
1875,"explaining temporal-differences to create useful concepts for evaluating states richard c. yee, sharad saxena, paul e. utgoff, and andrew c. barto 1990",36,0,6,61,18,241,8,23,3,1,117
1876,real-time fault-tolerant communication in computer networks q. zheng university of michigan 1993,31,0,6,19,25,242,8,41,3,1,118
1877,real-time fault-tolerant communication in computer networks q. zheng 1993,31,0,4,19,25,242,6,31,3,1,118
1878,real-time fault-tolerant communication in computer networks q. zheng university of michigan 1993,31,0,3,19,25,242,20,22,2,1,118
1879,real-time fault-tolerant communication in computer networks q. zheng university of michigan 1993,31,0,4,19,25,242,7,21,4,1,118
